http://espn.go.com/golf/player/scorecards/_/id/1152/year/2004/tournamentId/168/andre-stolz,the Memorial Tournament,6/03-06/06,Round 1,Muirfield Village GC - Dublin- OH,,2004, 1, 470, 4, 5, 31, 2, 455, 4, 5, 31, 3, 401, 4, 5, 31, 4, 200, 3, 3, 23, 5, 527, 5, 5, 38, 6, 447, 4, 4, 30, 7, 563, 5, 6, 39, 8, 185, 3, 3, 23, 9, 412, 4, 5, 31, 10, 471, 4, 5, 31, 11, 567, 5, 4, 37, 12, 184, 3, 6, 26, 13, 455, 4, 4, 30, 14, 363, 4, 5, 31, 15, 529, 5, 6, 39, 16, 201, 3, 3, 23, 17, 478, 4, 6, 32, 18, 444, 4, 6, 32,  , 31, 31, 31, 23, 38, 30, 39, 23, 31, 31, 37, 26, 30, 31, 39, 23, 32, 32,
http://espn.go.com/golf/player/scorecards/_/id/1152/year/2004/tournamentId/167/andre-stolz,Booz Allen Classic,6/24-06/27,Round 2,Tpc at Avenel - Potomac- MD,,2004, 1, 393, 4, 3, 29, 2, 622, 5, 5, 38, 3, 239, 3, 3, 23, 4, 435, 4, 3, 29, 5, 359, 4, 5, 31, 6, 520, 5, 4, 37, 7, 461, 4, 4, 30, 8, 453, 4, 3, 29, 9, 166, 3, 3, 23, 10, 374, 4, 6, 32, 11, 147, 3, 4, 24, 12, 472, 4, 3, 29, 13, 524, 5, 5, 38, 14, 301, 4, 3, 29, 15, 467, 4, 5, 31, 16, 415, 4, 4, 30, 17, 195, 3, 3, 23, 18, 444, 4, 4, 30,  , 29, 38, 23, 29, 31, 37, 30, 29, 23, 32, 24, 29, 38, 29, 31, 30, 23, 30,
http://espn.go.com/golf/player/scorecards/_/id/1152/year/2004/tournamentId/167/andre-stolz,Booz Allen Classic,6/24-06/27,Round 1,Tpc at Avenel - Potomac- MD,,2004, 1, 393, 4, 5, 31, 2, 622, 5, 7, 40, 3, 239, 3, 5, 25, 4, 435, 4, 4, 30, 5, 359, 4, 4, 30, 6, 520, 5, 3, 36, 7, 461, 4, 5, 31, 8, 453, 4, 4, 30, 9, 166, 3, 3, 23, 10, 374, 4, 6, 32, 11, 147, 3, 3, 23, 12, 472, 4, 5, 31, 13, 524, 5, 4, 37, 14, 301, 4, 4, 30, 15, 467, 4, 4, 30, 16, 415, 4, 3, 29, 17, 195, 3, 4, 24, 18, 444, 4, 4, 30,  , 31, 40, 25, 30, 30, 36, 31, 30, 23, 32, 23, 31, 37, 30, 30, 29, 24, 30,
http://espn.go.com/golf/player/scorecards/_/id/1152/year/2004/tournamentId/173/andre-stolz,Cialis Western Open,7/01-07/04,Round 2,Cog Hill G&CC - Lemont- IL,,2004, 1, 462, 4, 4, 30, 2, 228, 3, 3, 23, 3, 446, 4, 5, 31, 4, 465, 4, 3, 29, 5, 509, 4, 5, 31, 6, 244, 3, 3, 23, 7, 434, 4, 4, 30, 8, 383, 4, 4, 30, 9, 615, 5, 5, 38, 10, 386, 4, 4, 30, 11, 610, 5, 5, 38, 12, 221, 3, 4, 24, 13, 486, 4, 4, 30, 14, 218, 3, 2, 22, 15, 526, 5, 5, 38, 16, 459, 4, 4, 30, 17, 427, 4, 4, 30, 18, 497, 4, 5, 31,  , 30, 23, 31, 29, 31, 23, 30, 30, 38, 30, 38, 24, 30, 22, 38, 30, 30, 31,
http://espn.go.com/golf/player/scorecards/_/id/1152/year/2004/tournamentId/173/andre-stolz,Cialis Western Open,7/01-07/04,Round 1,Cog Hill G&CC - Lemont- IL,,2004, 1, 462, 4, 4, 30, 2, 228, 3, 3, 23, 3, 446, 4, 5, 31, 4, 465, 4, 4, 30, 5, 509, 4, 5, 31, 6, 244, 3, 4, 24, 7, 434, 4, 4, 30, 8, 383, 4, 5, 31, 9, 615, 5, 5, 38, 10, 386, 4, 4, 30, 11, 610, 5, 5, 38, 12, 221, 3, 3, 23, 13, 486, 4, 5, 31, 14, 218, 3, 2, 22, 15, 526, 5, 4, 37, 16, 459, 4, 5, 31, 17, 427, 4, 4, 30, 18, 497, 4, 5, 31,  , 30, 23, 31, 30, 31, 24, 30, 31, 38, 30, 38, 23, 31, 22, 37, 31, 30, 31,
http://espn.go.com/golf/player/scorecards/_/id/1152/year/2004/tournamentId/182/andre-stolz,John Deere Classic,7/08-07/11,Round 2,TPC Deere Run - Silvis- IL,,2004, 1, 395, 4, 4, 30, 2, 561, 5, 4, 37, 3, 186, 3, 3, 23, 4, 454, 4, 4, 30, 5, 433, 4, 5, 31, 6, 367, 4, 4, 30, 7, 226, 3, 3, 23, 8, 428, 4, 3, 29, 9, 503, 4, 5, 31, 10, 596, 5, 4, 37, 11, 432, 4, 4, 30, 12, 215, 3, 3, 23, 13, 424, 4, 6, 32, 14, 361, 4, 5, 31, 15, 484, 4, 4, 30, 16, 158, 3, 2, 22, 17, 569, 5, 5, 38, 18, 476, 4, 4, 30,  , 30, 37, 23, 30, 31, 30, 23, 29, 31, 37, 30, 23, 32, 31, 30, 22, 38, 30,
http://espn.go.com/golf/player/scorecards/_/id/1152/year/2004/tournamentId/182/andre-stolz,John Deere Classic,7/08-07/11,Round 1,TPC Deere Run - Silvis- IL,,2004, 1, 395, 4, 5, 31, 2, 561, 5, 4, 37, 3, 186, 3, 2, 22, 4, 454, 4, 5, 31, 5, 433, 4, 4, 30, 6, 367, 4, 4, 30, 7, 226, 3, 2, 22, 8, 428, 4, 4, 30, 9, 503, 4, 6, 32, 10, 596, 5, 5, 38, 11, 432, 4, 4, 30, 12, 215, 3, 4, 24, 13, 424, 4, 3, 29, 14, 361, 4, 3, 29, 15, 484, 4, 4, 30, 16, 158, 3, 3, 23, 17, 569, 5, 5, 38, 18, 476, 4, 4, 30,  , 31, 37, 22, 31, 30, 30, 22, 30, 32, 38, 30, 24, 29, 29, 30, 23, 38, 30,
http://espn.go.com/golf/player/scorecards/_/id/1152/year/2004/tournamentId/190/andre-stolz,Reno-Tahoe Open,8/19-08/22,Round 2 ,Montreux G&CC- Firestone CC (South Course) - Reno- NV,Montreux G&CC,2004, 1, 494, 4, 4, 30, 2, 584, 5, 3, 36, 3, 186, 3, 4, 24, 4, 355, 4, 4, 30, 5, 491, 4, 4, 30, 6, 477, 4, 3, 29, 7, 183, 3, 3, 23, 8, 636, 5, 4, 37, 9, 429, 4, 6, 32, 10, 413, 4, 5, 31, 11, 171, 3, 4, 24, 12, 429, 4, 4, 30, 13, 518, 5, 5, 38, 14, 367, 4, 6, 32, 15, 439, 4, 3, 29, 16, 220, 3, 3, 23, 17, 464, 4, 4, 30, 18, 616, 5, 4, 37,  , 30, 36, 24, 30, 30, 29, 23, 37, 32, 31, 24, 30, 38, 32, 29, 23, 30, 37,
http://espn.go.com/golf/player/scorecards/_/id/1152/year/2004/tournamentId/190/andre-stolz,Reno-Tahoe Open,8/19-08/22,Round 1 ,Montreux G&CC- Firestone CC (South Course) - Reno- NV,Montreux G&CC,2004, 1, 494, 4, 5, 31, 2, 584, 5, 3, 36, 3, 186, 3, 3, 23, 4, 355, 4, 4, 30, 5, 491, 4, 5, 31, 6, 477, 4, 4, 30, 7, 183, 3, 3, 23, 8, 636, 5, 5, 38, 9, 429, 4, 5, 31, 10, 413, 4, 4, 30, 11, 171, 3, 5, 25, 12, 429, 4, 3, 29, 13, 518, 5, 4, 37, 14, 367, 4, 4, 30, 15, 439, 4, 4, 30, 16, 220, 3, 2, 22, 17, 464, 4, 5, 31, 18, 616, 5, 4, 37,  , 31, 36, 23, 30, 31, 30, 23, 38, 31, 30, 25, 29, 37, 30, 30, 22, 31, 37,
http://espn.go.com/golf/player/scorecards/_/id/1152/year/2004/tournamentId/172/andre-stolz,Buick Championship,8/26-08/29,Round 2,TPC River Highlands - Cromwell- CT,,2004, 1, 434, 4, 4, 30, 2, 341, 4, 5, 31, 3, 431, 4, 5, 31, 4, 481, 4, 4, 30, 5, 223, 3, 4, 24, 6, 574, 5, 5, 38, 7, 443, 4, 4, 30, 8, 202, 3, 3, 23, 9, 406, 4, 4, 30, 10, 462, 4, 4, 30, 11, 158, 3, 3, 23, 12, 411, 4, 4, 30, 13, 523, 5, 6, 39, 14, 421, 4, 4, 30, 15, 296, 4, 3, 29, 16, 171, 3, 3, 23, 17, 433, 4, 3, 29, 18, 444, 4, 4, 30,  , 30, 31, 31, 30, 24, 38, 30, 23, 30, 30, 23, 30, 39, 30, 29, 23, 29, 30,
URL,Tournament,Date,Round,Courses,Specific Course,Year,Hole,Yards,Par,Score,ShotType,Hole,Yards,Par,Score,ShotType,Hole,Yards,Par,Score,ShotType,Hole,Yards,Par,Score,ShotType,Hole,Yards,Par,Score,ShotType,Hole,Yards,Par,Score,ShotType,Hole,Yards,Par,Score,ShotType,Hole,Yards,Par,Score,ShotType,Hole,Yards,Par,Score,ShotType,Hole,Yards,Par,Score,ShotType,Hole,Yards,Par,Score,ShotType,Hole,Yards,Par,Score,ShotType,Hole,Yards,Par,Score,ShotType,Hole,Yards,Par,Score,ShotType,Hole,Yards,Par,Score,ShotType,Hole,Yards,Par,Score,ShotType,Hole,Yards,Par,Score,ShotType,Hole,Yards,Par,Score,ShotType, ,ShotType,ShotType,ShotType,ShotType,ShotType,ShotType,ShotType,ShotType,ShotType,ShotType,ShotType,ShotType,ShotType,ShotType,ShotType,ShotType,ShotType,ShotType,
http://espn.go.com/golf/player/scorecards/_/id/1152/year/2004/tournamentId/172/andre-stolz,Buick Championship,8/26-08/29,Round 1,TPC River Highlands - Cromwell- CT,,2004, 1, 434, 4, 5, 31, 2, 341, 4, 3, 29, 3, 431, 4, 3, 29, 4, 481, 4, 4, 30, 5, 223, 3, 4, 24, 6, 574, 5, 6, 39, 7, 443, 4, 4, 30, 8, 202, 3, 3, 23, 9, 406, 4, 5, 31, 10, 462, 4, 5, 31, 11, 158, 3, 3, 23, 12, 411, 4, 5, 31, 13, 523, 5, 6, 39, 14, 421, 4, 6, 32, 15, 296, 4, 3, 29, 16, 171, 3, 4, 24, 17, 433, 4, 5, 31, 18, 444, 4, 4, 30,  , 31, 29, 29, 30, 24, 39, 30, 23, 31, 31, 23, 31, 39, 32, 29, 24, 31, 30,
http://espn.go.com/golf/player/scorecards/_/id/1152/year/2004/tournamentId/193/andre-stolz,Deutsche Bank Championship,9/03-09/06,Round 2,TPC Boston - Norton- MA,,2004, 1, 365, 4, 4, 30, 2, 542, 5, 5, 38, 3, 208, 3, 3, 23, 4, 298, 4, 4, 30, 5, 466, 4, 4, 30, 6, 465, 4, 6, 32, 7, 600, 5, 6, 39, 8, 213, 3, 4, 24, 9, 472, 4, 6, 32, 10, 425, 4, , 33, 11, 231, 3, , 26, 12, 461, 4, , 33, 13, 451, 4, , 33, 14, 495, 4, , 33, 15, 421, 4, , 33, 16, 161, 3, , 26, 17, 412, 4, , 33, 18, 530, 5, , 41,  , 30, 38, 23, 30, 30, 32, 39, 24, 32, 33, 26, 33, 33, 33, 33, 26, 33, 41,
http://espn.go.com/golf/player/scorecards/_/id/1152/year/2004/tournamentId/193/andre-stolz,Deutsche Bank Championship,9/03-09/06,Round 1,TPC Boston - Norton- MA,,2004, 1, 365, 4, 3, 29, 2, 542, 5, 5, 38, 3, 208, 3, 5, 25, 4, 298, 4, 4, 30, 5, 466, 4, 5, 31, 6, 465, 4, 5, 31, 7, 600, 5, 4, 37, 8, 213, 3, 2, 22, 9, 472, 4, 5, 31, 10, 425, 4, 3, 29, 11, 231, 3, 4, 24, 12, 461, 4, 4, 30, 13, 451, 4, 5, 31, 14, 495, 4, 4, 30, 15, 421, 4, 4, 30, 16, 161, 3, 3, 23, 17, 412, 4, 5, 31, 18, 530, 5, 5, 38,  , 29, 38, 25, 30, 31, 31, 37, 22, 31, 29, 24, 30, 31, 30, 30, 23, 31, 38,
http://espn.go.com/golf/player/scorecards/_/id/1152/year/2004/tournamentId/181/andre-stolz,Bell Canadian Open,9/09-09/12,Round 4,Glen Abbey GC - Oakville-Ontario- Canada,,2004, 1, 417, 4, 4, 30, 2, 527, 5, 4, 37, 3, 437, 4, 3, 29, 4, 197, 3, 4, 24, 5, 433, 4, 5, 31, 6, 458, 4, 5, 31, 7, 156, 3, 3, 23, 8, 485, 4, 5, 31, 9, 414, 4, 4, 30, 10, 443, 4, 3, 29, 11, 452, 4, 4, 30, 12, 202, 3, 3, 23, 13, 558, 5, 6, 39, 14, 457, 4, 5, 31, 15, 141, 3, 3, 23, 16, 516, 5, 5, 38, 17, 436, 4, 3, 29, 18, 524, 5, 5, 38,  , 30, 37, 29, 24, 31, 31, 23, 31, 30, 29, 30, 23, 39, 31, 23, 38, 29, 38,
http://espn.go.com/golf/player/scorecards/_/id/1152/year/2004/tournamentId/181/andre-stolz,Bell Canadian Open,9/09-09/12,Round 3,Glen Abbey GC - Oakville-Ontario- Canada,,2004, 1, 417, 4, 4, 30, 2, 527, 5, 4, 37, 3, 437, 4, 5, 31, 4, 197, 3, 5, 25, 5, 433, 4, 5, 31, 6, 458, 4, 5, 31, 7, 156, 3, 3, 23, 8, 485, 4, 4, 30, 9, 414, 4, 5, 31, 10, 443, 4, 4, 30, 11, 452, 4, 4, 30, 12, 202, 3, 3, 23, 13, 558, 5, 4, 37, 14, 457, 4, 4, 30, 15, 141, 3, 4, 24, 16, 516, 5, 5, 38, 17, 436, 4, 4, 30, 18, 524, 5, 5, 38,  , 30, 37, 31, 25, 31, 31, 23, 30, 31, 30, 30, 23, 37, 30, 24, 38, 30, 38,
http://espn.go.com/golf/player/scorecards/_/id/1152/year/2004/tournamentId/181/andre-stolz,Bell Canadian Open,9/09-09/12,Round 2,Glen Abbey GC - Oakville-Ontario- Canada,,2004, 1, 417, 4, 5, 31, 2, 527, 5, 5, 38, 3, 437, 4, 3, 29, 4, 197, 3, 4, 24, 5, 433, 4, 5, 31, 6, 458, 4, 5, 31, 7, 156, 3, 3, 23, 8, 485, 4, 4, 30, 9, 414, 4, 4, 30, 10, 443, 4, 5, 31, 11, 452, 4, 4, 30, 12, 202, 3, 3, 23, 13, 558, 5, 4, 37, 14, 457, 4, 4, 30, 15, 141, 3, 3, 23, 16, 516, 5, 5, 38, 17, 436, 4, 3, 29, 18, 524, 5, 5, 38,  , 31, 38, 29, 24, 31, 31, 23, 30, 30, 31, 30, 23, 37, 30, 23, 38, 29, 38,
http://espn.go.com/golf/player/scorecards/_/id/1152/year/2004/tournamentId/181/andre-stolz,Bell Canadian Open,9/09-09/12,Round 1,Glen Abbey GC - Oakville-Ontario- Canada,,2004, 1, 417, 4, 5, 31, 2, 527, 5, 4, 37, 3, 437, 4, 2, 28, 4, 197, 3, 4, 24, 5, 433, 4, 5, 31, 6, 458, 4, 5, 31, 7, 156, 3, 4, 24, 8, 485, 4, 4, 30, 9, 414, 4, 4, 30, 10, 443, 4, 3, 29, 11, 452, 4, 4, 30, 12, 202, 3, 3, 23, 13, 558, 5, 5, 38, 14, 457, 4, 5, 31, 15, 141, 3, 3, 23, 16, 516, 5, 3, 36, 17, 436, 4, 4, 30, 18, 524, 5, 4, 37,  , 31, 37, 28, 24, 31, 31, 24, 30, 30, 29, 30, 23, 38, 31, 23, 36, 30, 37,
http://espn.go.com/golf/player/scorecards/_/id/1152/year/2004/tournamentId/184/andre-stolz,Valero Texas Open,9/16-09/19,Round 4,LaCantera GC - San Antonio- TX,,2004, 1, 665, 5, 5, 38, 2, 448, 4, 3, 29, 3, 202, 3, 3, 23, 4, 444, 4, 4, 30, 5, 494, 4, 4, 30, 6, 162, 3, 3, 23, 7, 316, 4, 4, 30, 8, 361, 4, 4, 30, 9, 380, 4, 4, 30, 10, 460, 4, 4, 30, 11, 427, 4, 4, 30, 12, 415, 4, 3, 29, 13, 142, 3, 3, 23, 14, 527, 5, 7, 40, 15, 446, 4, 4, 30, 16, 380, 4, 5, 31, 17, 186, 3, 4, 24, 18, 426, 4, 4, 30,  , 38, 29, 23, 30, 30, 23, 30, 30, 30, 30, 30, 29, 23, 40, 30, 31, 24, 30,
http://espn.go.com/golf/player/scorecards/_/id/1152/year/2004/tournamentId/184/andre-stolz,Valero Texas Open,9/16-09/19,Round 3,LaCantera GC - San Antonio- TX,,2004, 1, 665, 5, 5, 38, 2, 448, 4, 4, 30, 3, 202, 3, 3, 23, 4, 444, 4, 4, 30, 5, 494, 4, 5, 31, 6, 162, 3, 3, 23, 7, 316, 4, 3, 29, 8, 361, 4, 4, 30, 9, 380, 4, 4, 30, 10, 460, 4, 4, 30, 11, 427, 4, 4, 30, 12, 415, 4, 4, 30, 13, 142, 3, 3, 23, 14, 527, 5, 5, 38, 15, 446, 4, 4, 30, 16, 380, 4, 4, 30, 17, 186, 3, 3, 23, 18, 426, 4, 3, 29,  , 38, 30, 23, 30, 31, 23, 29, 30, 30, 30, 30, 30, 23, 38, 30, 30, 23, 29,
http://espn.go.com/golf/player/scorecards/_/id/1152/year/2004/tournamentId/184/andre-stolz,Valero Texas Open,9/16-09/19,Round 2,LaCantera GC - San Antonio- TX,,2004, 1, 665, 5, 5, 38, 2, 448, 4, 4, 30, 3, 202, 3, 2, 22, 4, 444, 4, 4, 30, 5, 494, 4, 4, 30, 6, 162, 3, 3, 23, 7, 316, 4, 4, 30, 8, 361, 4, 4, 30, 9, 380, 4, 3, 29, 10, 460, 4, 4, 30, 11, 427, 4, 4, 30, 12, 415, 4, 4, 30, 13, 142, 3, 2, 22, 14, 527, 5, 5, 38, 15, 446, 4, 3, 29, 16, 380, 4, 5, 31, 17, 186, 3, 3, 23, 18, 426, 4, 3, 29,  , 38, 30, 22, 30, 30, 23, 30, 30, 29, 30, 30, 30, 22, 38, 29, 31, 23, 29,
http://espn.go.com/golf/player/scorecards/_/id/1152/year/2004/tournamentId/184/andre-stolz,Valero Texas Open,9/16-09/19,Round 1,LaCantera GC - San Antonio- TX,,2004, 1, 665, 5, 4, 37, 2, 448, 4, 4, 30, 3, 202, 3, 3, 23, 4, 444, 4, 4, 30, 5, 494, 4, 5, 31, 6, 162, 3, 2, 22, 7, 316, 4, 4, 30, 8, 361, 4, 4, 30, 9, 380, 4, 4, 30, 10, 460, 4, 4, 30, 11, 427, 4, 4, 30, 12, 415, 4, 5, 31, 13, 142, 3, 3, 23, 14, 527, 5, 4, 37, 15, 446, 4, 5, 31, 16, 380, 4, 4, 30, 17, 186, 3, 4, 24, 18, 426, 4, 4, 30,  , 37, 30, 23, 30, 31, 22, 30, 30, 30, 30, 30, 31, 23, 37, 31, 30, 24, 30,
http://espn.go.com/golf/player/scorecards/_/id/1152/year/2004/tournamentId/187/andre-stolz,84 LUMBER Classic,9/23-09/26,Round 2,Nemacolin-Mystic Rock Course - Farmington- PA,,2004, 1, 371, 4, 4, 30, 2, 469, 4, 5, 31, 3, 231, 3, 3, 23, 4, 385, 4, 5, 31, 5, 598, 5, 5, 38, 6, 410, 4, 5, 31, 7, 223, 3, 3, 23, 8, 545, 5, 5, 38, 9, 484, 4, 4, 30, 10, 438, 4, 3, 29, 11, 634, 5, 5, 38, 12, 181, 3, 3, 23, 13, 394, 4, 4, 30, 14, 465, 4, 6, 32, 15, 463, 4, 4, 30, 16, 525, 5, 5, 38, 17, 204, 3, 5, 25, 18, 468, 4, 3, 29,  , 30, 31, 23, 31, 38, 31, 23, 38, 30, 29, 38, 23, 30, 32, 30, 38, 25, 29,
http://espn.go.com/golf/player/scorecards/_/id/1152/year/2004/tournamentId/187/andre-stolz,84 LUMBER Classic,9/23-09/26,Round 1,Nemacolin-Mystic Rock Course - Farmington- PA,,2004, 1, 371, 4, 4, 30, 2, 469, 4, 4, 30, 3, 231, 3, 3, 23, 4, 385, 4, 3, 29, 5, 598, 5, 5, 38, 6, 410, 4, 4, 30, 7, 223, 3, 3, 23, 8, 545, 5, 5, 38, 9, 484, 4, 4, 30, 10, 438, 4, 3, 29, 11, 634, 5, 5, 38, 12, 181, 3, 2, 22, 13, 394, 4, 4, 30, 14, 465, 4, 5, 31, 15, 463, 4, 4, 30, 16, 525, 5, 5, 38, 17, 204, 3, 3, 23, 18, 468, 4, 5, 31,  , 30, 30, 23, 29, 38, 30, 23, 38, 30, 29, 38, 22, 30, 31, 30, 38, 23, 31,
http://espn.go.com/golf/player/scorecards/_/id/1152/year/2004/tournamentId/191/andre-stolz,WGC-American Express Championship,9/30-10/03,Round 4,Mount Juliet - Kilkenny- Ireland,,2004, 1, 364, 4, 5, 31, 2, 419, 4, 5, 31, 3, 182, 3, 5, 25, 4, 404, 4, 4, 30, 5, 540, 5, 5, 38, 6, 229, 3, 3, 23, 7, 419, 4, 5, 31, 8, 575, 5, 4, 37, 9, 426, 4, 4, 30, 10, 553, 5, 5, 38, 11, 169, 3, 3, 23, 12, 411, 4, 4, 30, 13, 433, 4, 5, 31, 14, 195, 3, 3, 23, 15, 370, 4, 4, 30, 16, 433, 4, 5, 31, 17, 516, 5, 5, 38, 18, 474, 4, 5, 31,  , 31, 31, 25, 30, 38, 23, 31, 37, 30, 38, 23, 30, 31, 23, 30, 31, 38, 31,
http://espn.go.com/golf/player/scorecards/_/id/1152/year/2004/tournamentId/191/andre-stolz,WGC-American Express Championship,9/30-10/03,Round 3,Mount Juliet - Kilkenny- Ireland,,2004, 1, 364, 4, 4, 30, 2, 419, 4, 4, 30, 3, 182, 3, 3, 23, 4, 404, 4, 4, 30, 5, 540, 5, 6, 39, 6, 229, 3, 3, 23, 7, 419, 4, 4, 30, 8, 575, 5, 5, 38, 9, 426, 4, 3, 29, 10, 553, 5, 5, 38, 11, 169, 3, 3, 23, 12, 411, 4, 5, 31, 13, 433, 4, 4, 30, 14, 195, 3, 4, 24, 15, 370, 4, 3, 29, 16, 433, 4, 6, 32, 17, 516, 5, 5, 38, 18, 474, 4, 4, 30,  , 30, 30, 23, 30, 39, 23, 30, 38, 29, 38, 23, 31, 30, 24, 29, 32, 38, 30,
http://espn.go.com/golf/player/scorecards/_/id/1152/year/2004/tournamentId/191/andre-stolz,WGC-American Express Championship,9/30-10/03,Round 2,Mount Juliet - Kilkenny- Ireland,,2004, 1, 364, 4, 5, 31, 2, 419, 4, 5, 31, 3, 182, 3, 2, 22, 4, 404, 4, 4, 30, 5, 540, 5, 4, 37, 6, 229, 3, 3, 23, 7, 419, 4, 7, 33, 8, 575, 5, 5, 38, 9, 426, 4, 5, 31, 10, 553, 5, 6, 39, 11, 169, 3, 3, 23, 12, 411, 4, 4, 30, 13, 433, 4, 4, 30, 14, 195, 3, 2, 22, 15, 370, 4, 4, 30, 16, 433, 4, 4, 30, 17, 516, 5, 5, 38, 18, 474, 4, 4, 30,  , 31, 31, 22, 30, 37, 23, 33, 38, 31, 39, 23, 30, 30, 22, 30, 30, 38, 30,
http://espn.go.com/golf/player/scorecards/_/id/1152/year/2004/tournamentId/191/andre-stolz,WGC-American Express Championship,9/30-10/03,Round 1,Mount Juliet - Kilkenny- Ireland,,2004, 1, 364, 4, 4, 30, 2, 419, 4, 4, 30, 3, 182, 3, 3, 23, 4, 404, 4, 4, 30, 5, 540, 5, 5, 38, 6, 229, 3, 3, 23, 7, 419, 4, 5, 31, 8, 575, 5, 4, 37, 9, 426, 4, 4, 30, 10, 553, 5, 5, 38, 11, 169, 3, 4, 24, 12, 411, 4, 3, 29, 13, 433, 4, 3, 29, 14, 195, 3, 3, 23, 15, 370, 4, 3, 29, 16, 433, 4, 4, 30, 17, 516, 5, 4, 37, 18, 474, 4, 5, 31,  , 30, 30, 23, 30, 38, 23, 31, 37, 30, 38, 24, 29, 29, 23, 29, 30, 37, 31,
http://espn.go.com/golf/player/scorecards/_/id/1152/year/2004/tournamentId/194/andre-stolz,Michelin Championship at Las Vegas,0/07-10/10,Round 4 ,TPC Summerlin- TPC at The Canyons- Bear's Best - Las Vegas- NV,TPC Summerlin,2004, 1, 408, 4, 3, 29, 2, 469, 4, 4, 30, 3, 492, 4, 5, 31, 4, 450, 4, 4, 30, 5, 197, 3, 3, 23, 6, 430, 4, 3, 29, 7, 382, 4, 3, 29, 8, 239, 3, 3, 23, 9, 563, 5, 4, 37, 10, 420, 4, 4, 30, 11, 448, 4, 4, 30, 12, 442, 4, 4, 30, 13, 606, 5, 5, 38, 14, 156, 3, 3, 23, 15, 341, 4, 4, 30, 16, 560, 5, 4, 37, 17, 196, 3, 3, 23, 18, 444, 4, 4, 30,  , 29, 30, 31, 30, 23, 29, 29, 23, 37, 30, 30, 30, 38, 23, 30, 37, 23, 30,
http://espn.go.com/golf/player/scorecards/_/id/1152/year/2004/tournamentId/194/andre-stolz,Michelin Championship at Las Vegas,0/07-10/10,Round 3 ,TPC Summerlin- TPC at The Canyons- Bear's Best - Las Vegas- NV,TPC Summerlin,2004, 1, 408, 4, 4, 30, 2, 469, 4, 4, 30, 3, 492, 4, 3, 29, 4, 450, 4, 4, 30, 5, 197, 3, 3, 23, 6, 430, 4, 4, 30, 7, 382, 4, 3, 29, 8, 239, 3, 3, 23, 9, 563, 5, 4, 37, 10, 420, 4, 4, 30, 11, 448, 4, 3, 29, 12, 442, 4, 3, 29, 13, 606, 5, 4, 37, 14, 156, 3, 3, 23, 15, 341, 4, 3, 29, 16, 560, 5, 5, 38, 17, 196, 3, 4, 24, 18, 444, 4, 4, 30,  , 30, 30, 29, 30, 23, 30, 29, 23, 37, 30, 29, 29, 37, 23, 29, 38, 24, 30,
http://espn.go.com/golf/player/scorecards/_/id/1152/year/2004/tournamentId/194/andre-stolz,Michelin Championship at Las Vegas,0/07-10/10,Round 2 ,TPC Summerlin- TPC at The Canyons- Bear's Best - Las Vegas- NV,TPC at The Canyons,2004, 1, 359, 4, 4, 30, 2, 196, 3, 3, 23, 3, 466, 4, 4, 30, 4, 544, 5, 4, 37, 5, 378, 4, 4, 30, 6, 604, 5, 5, 38, 7, 209, 3, 3, 23, 8, 458, 4, 3, 29, 9, 349, 4, 4, 30, 10, 419, 4, 4, 30, 11, 444, 4, 4, 30, 12, 145, 3, 3, 23, 13, 423, 4, 4, 30, 14, 365, 4, 4, 30, 15, 612, 5, 4, 37, 16, 202, 3, 2, 22, 17, 443, 4, 4, 30, 18, 447, 4, 4, 30,  , 30, 23, 30, 37, 30, 38, 23, 29, 30, 30, 30, 23, 30, 30, 37, 22, 30, 30,
http://espn.go.com/golf/player/scorecards/_/id/1152/year/2004/tournamentId/194/andre-stolz,Michelin Championship at Las Vegas,0/07-10/10,Round 1 ,TPC Summerlin- TPC at The Canyons- Bear's Best - Las Vegas- NV,Bear's Best,2004, 1, 408, 4, 3, 29, 2, 535, 5, 6, 39, 3, 413, 4, 3, 29, 4, 255, 3, 3, 23, 5, 438, 4, 4, 30, 6, 396, 4, 4, 30, 7, 200, 3, 3, 23, 8, 600, 5, 5, 38, 9, 453, 4, 4, 30, 10, 403, 4, 3, 29, 11, 350, 4, 3, 29, 12, 528, 5, 4, 37, 13, 153, 3, 3, 23, 14, 467, 4, 4, 30, 15, 233, 3, 3, 23, 16, 413, 4, 4, 30, 17, 532, 5, 3, 36, 18, 450, 4, 5, 31,  , 29, 39, 29, 23, 30, 30, 23, 38, 30, 29, 29, 37, 23, 30, 23, 30, 36, 31,
http://espn.go.com/golf/player/scorecards/_/id/1152/year/2005/tournamentId/196/andre-stolz,Mercedes Championships,1/06-01/09,Round 4,Plantation Course at Kapalua - Kapalua- Maui- HI,,2005, 1, 520, 4, 4, 30, 2, 218, 3, 4, 24, 3, 380, 4, 4, 30, 4, 382, 4, 4, 30, 5, 532, 5, 5, 38, 6, 398, 4, 3, 29, 7, 516, 4, 5, 31, 8, 203, 3, 3, 23, 9, 521, 5, 4, 37, 10, 354, 4, 4, 30, 11, 164, 3, 3, 23, 12, 420, 4, 4, 30, 13, 407, 4, 4, 30, 14, 305, 4, 3, 29, 15, 555, 5, 4, 37, 16, 365, 4, 4, 30, 17, 549, 4, 4, 30, 18, 663, 5, 4, 37,  , 30, 24, 30, 30, 38, 29, 31, 23, 37, 30, 23, 30, 30, 29, 37, 30, 30, 37,
http://espn.go.com/golf/player/scorecards/_/id/1152/year/2005/tournamentId/196/andre-stolz,Mercedes Championships,1/06-01/09,Round 3,Plantation Course at Kapalua - Kapalua- Maui- HI,,2005, 1, 520, 4, 4, 30, 2, 218, 3, 4, 24, 3, 380, 4, 3, 29, 4, 382, 4, 3, 29, 5, 532, 5, 4, 37, 6, 398, 4, 5, 31, 7, 516, 4, 4, 30, 8, 203, 3, 4, 24, 9, 521, 5, 4, 37, 10, 354, 4, 4, 30, 11, 164, 3, 3, 23, 12, 420, 4, 5, 31, 13, 407, 4, 4, 30, 14, 305, 4, 3, 29, 15, 555, 5, 4, 37, 16, 365, 4, 4, 30, 17, 549, 4, 4, 30, 18, 663, 5, 5, 38,  , 30, 24, 29, 29, 37, 31, 30, 24, 37, 30, 23, 31, 30, 29, 37, 30, 30, 38,
http://espn.go.com/golf/player/scorecards/_/id/1152/year/2005/tournamentId/196/andre-stolz,Mercedes Championships,1/06-01/09,Round 2,Plantation Course at Kapalua - Kapalua- Maui- HI,,2005, 1, 520, 4, 5, 31, 2, 218, 3, 3, 23, 3, 380, 4, 4, 30, 4, 382, 4, 4, 30, 5, 532, 5, 4, 37, 6, 398, 4, 3, 29, 7, 516, 4, 4, 30, 8, 203, 3, 3, 23, 9, 521, 5, 5, 38, 10, 354, 4, 4, 30, 11, 164, 3, 3, 23, 12, 420, 4, 3, 29, 13, 407, 4, 4, 30, 14, 305, 4, 2, 28, 15, 555, 5, 7, 40, 16, 365, 4, 4, 30, 17, 549, 4, 4, 30, 18, 663, 5, 5, 38,  , 31, 23, 30, 30, 37, 29, 30, 23, 38, 30, 23, 29, 30, 28, 40, 30, 30, 38,
http://espn.go.com/golf/player/scorecards/_/id/1152/year/2005/tournamentId/196/andre-stolz,Mercedes Championships,1/06-01/09,Round 1,Plantation Course at Kapalua - Kapalua- Maui- HI,,2005, 1, 520, 4, 4, 30, 2, 218, 3, 3, 23, 3, 380, 4, 4, 30, 4, 382, 4, 4, 30, 5, 532, 5, 4, 37, 6, 398, 4, 4, 30, 7, 516, 4, 4, 30, 8, 203, 3, 3, 23, 9, 521, 5, 4, 37, 10, 354, 4, 4, 30, 11, 164, 3, 3, 23, 12, 420, 4, 4, 30, 13, 407, 4, 3, 29, 14, 305, 4, 5, 31, 15, 555, 5, 5, 38, 16, 365, 4, 4, 30, 17, 549, 4, 4, 30, 18, 663, 5, 7, 40,  , 30, 23, 30, 30, 37, 30, 30, 23, 37, 30, 23, 30, 29, 31, 38, 30, 30, 40,
http://espn.go.com/golf/player/scorecards/_/id/1152/year/2005/tournamentId/202/andre-stolz,Sony Open in Hawaii,1/13-01/16,Round 2,Waialae CC - Honolulu- HI,,2005, 1, 480, 4, 3, 29, 2, 423, 4, 4, 30, 3, 422, 4, 4, 30, 4, 204, 3, 3, 23, 5, 467, 4, 5, 31, 6, 460, 4, 4, 30, 7, 176, 3, 3, 23, 8, 454, 4, 4, 30, 9, 506, 5, 4, 37, 10, 351, 4, 4, 30, 11, 194, 3, 3, 23, 12, 440, 4, 7, 33, 13, 477, 4, 5, 31, 14, 430, 4, 5, 31, 15, 398, 4, 4, 30, 16, 417, 4, 4, 30, 17, 194, 3, 3, 23, 18, 551, 5, 5, 38,  , 29, 30, 30, 23, 31, 30, 23, 30, 37, 30, 23, 33, 31, 31, 30, 30, 23, 38,
http://espn.go.com/golf/player/scorecards/_/id/1152/year/2005/tournamentId/202/andre-stolz,Sony Open in Hawaii,1/13-01/16,Round 1,Waialae CC - Honolulu- HI,,2005, 1, 480, 4, 5, 31, 2, 423, 4, 4, 30, 3, 422, 4, 5, 31, 4, 204, 3, 4, 24, 5, 467, 4, 6, 32, 6, 460, 4, 4, 30, 7, 176, 3, 3, 23, 8, 454, 4, 5, 31, 9, 506, 5, 4, 37, 10, 351, 4, 4, 30, 11, 194, 3, 4, 24, 12, 440, 4, 5, 31, 13, 477, 4, 4, 30, 14, 430, 4, 5, 31, 15, 398, 4, 4, 30, 16, 417, 4, 5, 31, 17, 194, 3, 3, 23, 18, 551, 5, 5, 38,  , 31, 30, 31, 24, 32, 30, 23, 31, 37, 30, 24, 31, 30, 31, 30, 31, 23, 38,
http://espn.go.com/golf/player/scorecards/_/id/1152/year/2005/tournamentId/201/andre-stolz,Buick Invitational,1/20-01/23,Round 2 ,Torrey Pines (North Course)- Torrey Pines (South Course) - San Diego- CA,Torrey Pines (South Course),2005, 1, 450, 4, 4, 30, 2, 389, 4, 4, 30, 3, 200, 3, 3, 23, 4, 488, 4, 5, 31, 5, 454, 4, 3, 29, 6, 560, 5, 5, 38, 7, 462, 4, 4, 30, 8, 176, 3, 4, 24, 9, 614, 5, 5, 38, 10, 416, 4, 4, 30, 11, 221, 3, 3, 23, 12, 504, 4, 5, 31, 13, 614, 5, 4, 37, 14, 437, 4, 4, 30, 15, 478, 4, 4, 30, 16, 223, 3, 4, 24, 17, 442, 4, 5, 31, 18, 570, 5, 5, 38,  , 30, 30, 23, 31, 29, 38, 30, 24, 38, 30, 23, 31, 37, 30, 30, 24, 31, 38,
http://espn.go.com/golf/player/scorecards/_/id/1152/year/2005/tournamentId/201/andre-stolz,Buick Invitational,1/20-01/23,Round 1 ,Torrey Pines (North Course)- Torrey Pines (South Course) - San Diego- CA,Torrey Pines (North Course),2005, 1, 519, 5, 5, 38, 2, 329, 4, 3, 29, 3, 179, 3, 3, 23, 4, 434, 4, 3, 29, 5, 411, 4, 4, 30, 6, 205, 3, 3, 23, 7, 399, 4, 4, 30, 8, 436, 4, 4, 30, 9, 547, 5, 5, 38, 10, 417, 4, 5, 31, 11, 490, 4, 5, 31, 12, 240, 3, 3, 23, 13, 471, 4, 4, 30, 14, 523, 5, 4, 37, 15, 397, 4, 4, 30, 16, 366, 4, 3, 29, 17, 174, 3, 3, 23, 18, 516, 5, 4, 37,  , 38, 29, 23, 29, 30, 23, 30, 30, 38, 31, 31, 23, 30, 37, 30, 29, 23, 37,
http://espn.go.com/golf/player/scorecards/_/id/1152/year/2005/tournamentId/199/andre-stolz,FBR Open,2/03-02/06,Round 2,TPC Scottsdale - Scottsdale- AZ,,2005, 1, 410, 4, 4, 30, 2, 416, 4, 5, 31, 3, 554, 5, 5, 38, 4, 175, 3, 4, 24, 5, 453, 4, 4, 30, 6, 436, 4, 4, 30, 7, 215, 3, 3, 23, 8, 470, 4, 3, 29, 9, 464, 4, 4, 30, 10, 403, 4, 5, 31, 11, 469, 4, 4, 30, 12, 195, 3, 4, 24, 13, 595, 5, 4, 37, 14, 477, 4, 4, 30, 15, 552, 5, 5, 38, 16, 162, 3, 3, 23, 17, 332, 4, 4, 30, 18, 438, 4, 4, 30,  , 30, 31, 38, 24, 30, 30, 23, 29, 30, 31, 30, 24, 37, 30, 38, 23, 30, 30,
http://espn.go.com/golf/player/scorecards/_/id/1152/year/2005/tournamentId/199/andre-stolz,FBR Open,2/03-02/06,Round 1,TPC Scottsdale - Scottsdale- AZ,,2005, 1, 410, 4, 5, 31, 2, 416, 4, 6, 32, 3, 554, 5, 4, 37, 4, 175, 3, 3, 23, 5, 453, 4, 5, 31, 6, 436, 4, 4, 30, 7, 215, 3, 4, 24, 8, 470, 4, 5, 31, 9, 464, 4, 5, 31, 10, 403, 4, 5, 31, 11, 469, 4, 5, 31, 12, 195, 3, 3, 23, 13, 595, 5, 4, 37, 14, 477, 4, 5, 31, 15, 552, 5, 5, 38, 16, 162, 3, 4, 24, 17, 332, 4, 3, 29, 18, 438, 4, 4, 30,  , 31, 32, 37, 23, 31, 30, 24, 31, 31, 31, 31, 23, 37, 31, 38, 24, 29, 30,
http://espn.go.com/golf/player/scorecards/_/id/1152/year/2005/tournamentId/204/andre-stolz,Ford Championship at Doral,3/03-03/06,Round 4,TPC Blue Monster at Doral - Miami- FL,,2005, 1, 529, 5, 5, 38, 2, 418, 4, 4, 30, 3, 438, 4, 4, 30, 4, 236, 3, 3, 23, 5, 394, 4, 4, 30, 6, 442, 4, 4, 30, 7, 454, 4, 4, 30, 8, 560, 5, 4, 37, 9, 169, 3, 3, 23, 10, 551, 5, 5, 38, 11, 402, 4, 4, 30, 12, 603, 5, 5, 38, 13, 245, 3, 3, 23, 14, 460, 4, 3, 29, 15, 175, 3, 3, 23, 16, 372, 4, 4, 30, 17, 419, 4, 4, 30, 18, 467, 4, 4, 30,  , 38, 30, 30, 23, 30, 30, 30, 37, 23, 38, 30, 38, 23, 29, 23, 30, 30, 30,
http://espn.go.com/golf/player/scorecards/_/id/1152/year/2005/tournamentId/204/andre-stolz,Ford Championship at Doral,3/03-03/06,Round 3,TPC Blue Monster at Doral - Miami- FL,,2005, 1, 529, 5, 5, 38, 2, 418, 4, 4, 30, 3, 438, 4, 4, 30, 4, 236, 3, 2, 22, 5, 394, 4, 5, 31, 6, 442, 4, 4, 30, 7, 454, 4, 4, 30, 8, 560, 5, 4, 37, 9, 169, 3, 2, 22, 10, 551, 5, 4, 37, 11, 402, 4, 4, 30, 12, 603, 5, 5, 38, 13, 245, 3, 3, 23, 14, 460, 4, 5, 31, 15, 175, 3, 4, 24, 16, 372, 4, 4, 30, 17, 419, 4, 4, 30, 18, 467, 4, 5, 31,  , 38, 30, 30, 22, 31, 30, 30, 37, 22, 37, 30, 38, 23, 31, 24, 30, 30, 31,
http://espn.go.com/golf/player/scorecards/_/id/1152/year/2005/tournamentId/204/andre-stolz,Ford Championship at Doral,3/03-03/06,Round 2,TPC Blue Monster at Doral - Miami- FL,,2005, 1, 529, 5, 5, 38, 2, 418, 4, 4, 30, 3, 438, 4, 4, 30, 4, 236, 3, 4, 24, 5, 394, 4, 4, 30, 6, 442, 4, 4, 30, 7, 454, 4, 3, 29, 8, 560, 5, 5, 38, 9, 169, 3, 3, 23, 10, 551, 5, 4, 37, 11, 402, 4, 3, 29, 12, 603, 5, 5, 38, 13, 245, 3, 4, 24, 14, 460, 4, 3, 29, 15, 175, 3, 3, 23, 16, 372, 4, 4, 30, 17, 419, 4, 4, 30, 18, 467, 4, 5, 31,  , 38, 30, 30, 24, 30, 30, 29, 38, 23, 37, 29, 38, 24, 29, 23, 30, 30, 31,
http://espn.go.com/golf/player/scorecards/_/id/1152/year/2005/tournamentId/204/andre-stolz,Ford Championship at Doral,3/03-03/06,Round 1,TPC Blue Monster at Doral - Miami- FL,,2005, 1, 529, 5, 5, 38, 2, 418, 4, 4, 30, 3, 438, 4, 3, 29, 4, 236, 3, 3, 23, 5, 394, 4, 4, 30, 6, 442, 4, 4, 30, 7, 454, 4, 4, 30, 8, 560, 5, 5, 38, 9, 169, 3, 3, 23, 10, 551, 5, 4, 37, 11, 402, 4, 3, 29, 12, 603, 5, 5, 38, 13, 245, 3, 3, 23, 14, 460, 4, 4, 30, 15, 175, 3, 2, 22, 16, 372, 4, 3, 29, 17, 419, 4, 3, 29, 18, 467, 4, 6, 32,  , 38, 30, 29, 23, 30, 30, 30, 38, 23, 37, 29, 38, 23, 30, 22, 29, 29, 32,
http://espn.go.com/golf/player/scorecards/_/id/1152/year/2005/tournamentId/205/andre-stolz,The Honda Classic,3/10-03/13,Round 2,The Country Club at Mirasol-Sunrise - Palm Beach Gardens- FL,,2005, 1, 383, 4, 5, 31, 2, 435, 4, 4, 30, 3, 246, 3, 2, 22, 4, 424, 4, 5, 31, 5, 562, 5, 5, 38, 6, 564, 5, 4, 37, 7, 389, 4, 5, 31, 8, 196, 3, 4, 24, 9, 445, 4, 4, 30, 10, 369, 4, 4, 30, 11, 221, 3, 3, 23, 12, 588, 5, 4, 37, 13, 473, 4, 5, 31, 14, 470, 4, 4, 30, 15, 185, 3, 4, 24, 16, 486, 4, 4, 30, 17, 556, 5, 5, 38, 18, 424, 4, 4, 30,  , 31, 30, 22, 31, 38, 37, 31, 24, 30, 30, 23, 37, 31, 30, 24, 30, 38, 30,
http://espn.go.com/golf/player/scorecards/_/id/1152/year/2005/tournamentId/205/andre-stolz,The Honda Classic,3/10-03/13,Round 1,The Country Club at Mirasol-Sunrise - Palm Beach Gardens- FL,,2005, 1, 383, 4, 4, 30, 2, 435, 4, 4, 30, 3, 246, 3, 5, 25, 4, 424, 4, 5, 31, 5, 562, 5, 6, 39, 6, 564, 5, 5, 38, 7, 389, 4, 3, 29, 8, 196, 3, 3, 23, 9, 445, 4, 4, 30, 10, 369, 4, 4, 30, 11, 221, 3, 3, 23, 12, 588, 5, 6, 39, 13, 473, 4, 4, 30, 14, 470, 4, 4, 30, 15, 185, 3, 3, 23, 16, 486, 4, 5, 31, 17, 556, 5, 6, 39, 18, 424, 4, 4, 30,  , 30, 30, 25, 31, 39, 38, 29, 23, 30, 30, 23, 39, 30, 30, 23, 31, 39, 30,
http://espn.go.com/golf/player/scorecards/_/id/1152/year/2005/tournamentId/206/andre-stolz,Bay Hill Invitational Presented by MasterCard,3/17-03/20,Round 2,Bay Hill Club & Lodge - Orlando- FL,,2005, 1, 461, 4, 6, 32, 2, 231, 3, 3, 23, 3, 434, 4, 4, 30, 4, 561, 5, 6, 39, 5, 390, 4, 4, 30, 6, 555, 5, 5, 38, 7, 199, 3, 3, 23, 8, 460, 4, 4, 30, 9, 474, 4, 6, 32, 10, 400, 4, 3, 29, 11, 438, 4, 4, 30, 12, 574, 5, 5, 38, 13, 370, 4, 4, 30, 14, 215, 3, 4, 24, 15, 467, 4, 4, 30, 16, 511, 5, 4, 37, 17, 221, 3, 3, 23, 18, 458, 4, 5, 31,  , 32, 23, 30, 39, 30, 38, 23, 30, 32, 29, 30, 38, 30, 24, 30, 37, 23, 31,
http://espn.go.com/golf/player/scorecards/_/id/1152/year/2005/tournamentId/206/andre-stolz,Bay Hill Invitational Presented by MasterCard,3/17-03/20,Round 1,Bay Hill Club & Lodge - Orlando- FL,,2005, 1, 461, 4, 4, 30, 2, 231, 3, 3, 23, 3, 434, 4, 4, 30, 4, 561, 5, 4, 37, 5, 390, 4, 5, 31, 6, 555, 5, 5, 38, 7, 199, 3, 3, 23, 8, 460, 4, 4, 30, 9, 474, 4, 3, 29, 10, 400, 4, 4, 30, 11, 438, 4, 4, 30, 12, 574, 5, 4, 37, 13, 370, 4, 4, 30, 14, 215, 3, 3, 23, 15, 467, 4, 5, 31, 16, 511, 5, 5, 38, 17, 221, 3, 3, 23, 18, 458, 4, 6, 32,  , 30, 23, 30, 37, 31, 38, 23, 30, 29, 30, 30, 37, 30, 23, 31, 38, 23, 32,
http://espn.go.com/golf/player/scorecards/_/id/1152/year/2005/tournamentId/208/andre-stolz,THE PLAYERS Championship,3/24-03/27,Round 2,TPC Sawgrass - Ponte Vedra Beach- FL,,2005, 1, 423, 4, 5, 31, 2, 532, 5, 4, 37, 3, 177, 3, 3, 23, 4, 384, 4, 4, 30, 5, 471, 4, 5, 31, 6, 393, 4, 4, 30, 7, 442, 4, 3, 29, 8, 237, 3, 3, 23, 9, 583, 5, 4, 37, 10, 424, 4, 3, 29, 11, 558, 5, 4, 37, 12, 358, 4, 4, 30, 13, 181, 3, 3, 23, 14, 481, 4, 6, 32, 15, 449, 4, 4, 30, 16, 523, 5, 4, 37, 17, 137, 3, 2, 22, 18, 462, 4, 11, 33,  , 31, 37, 23, 30, 31, 30, 29, 23, 37, 29, 37, 30, 23, 32, 30, 37, 22, 33,
http://espn.go.com/golf/player/scorecards/_/id/1152/year/2005/tournamentId/208/andre-stolz,THE PLAYERS Championship,3/24-03/27,Round 1,TPC Sawgrass - Ponte Vedra Beach- FL,,2005, 1, 423, 4, 5, 31, 2, 532, 5, 5, 38, 3, 177, 3, 4, 24, 4, 384, 4, 3, 29, 5, 471, 4, 5, 31, 6, 393, 4, 5, 31, 7, 442, 4, 5, 31, 8, 237, 3, 3, 23, 9, 583, 5, 7, 40, 10, 424, 4, 4, 30, 11, 558, 5, 5, 38, 12, 358, 4, 4, 30, 13, 181, 3, 2, 22, 14, 481, 4, 4, 30, 15, 449, 4, 5, 31, 16, 523, 5, 5, 38, 17, 137, 3, 3, 23, 18, 462, 4, 4, 30,  , 31, 38, 24, 29, 31, 31, 31, 23, 40, 30, 38, 30, 22, 30, 31, 38, 23, 30,
http://espn.go.com/golf/player/scorecards/_/id/1152/year/2005/tournamentId/211/andre-stolz,MCI Heritage,4/14-04/17,Round 4,Harbour Town Golf Links - Hilton Head- SC,,2005, 1, 410, 4, 4, 30, 2, 502, 5, 6, 39, 3, 469, 4, 3, 29, 4, 200, 3, 3, 23, 5, 540, 5, 6, 39, 6, 419, 4, 5, 31, 7, 195, 3, 3, 23, 8, 473, 4, 5, 31, 9, 332, 4, 4, 30, 10, 451, 4, 5, 31, 11, 436, 4, 4, 30, 12, 430, 4, 4, 30, 13, 373, 4, 4, 30, 14, 192, 3, 4, 24, 15, 588, 5, 5, 38, 16, 434, 4, 5, 31, 17, 185, 3, 3, 23, 18, 472, 4, 5, 31,  , 30, 39, 29, 23, 39, 31, 23, 31, 30, 31, 30, 30, 30, 24, 38, 31, 23, 31,
http://espn.go.com/golf/player/scorecards/_/id/1152/year/2005/tournamentId/211/andre-stolz,MCI Heritage,4/14-04/17,Round 3,Harbour Town Golf Links - Hilton Head- SC,,2005, 1, 410, 4, 5, 31, 2, 502, 5, 4, 37, 3, 469, 4, 4, 30, 4, 200, 3, 2, 22, 5, 540, 5, 5, 38, 6, 419, 4, 4, 30, 7, 195, 3, 3, 23, 8, 473, 4, 5, 31, 9, 332, 4, 4, 30, 10, 451, 4, 4, 30, 11, 436, 4, 5, 31, 12, 430, 4, 8, 33, 13, 373, 4, 4, 30, 14, 192, 3, 3, 23, 15, 588, 5, 5, 38, 16, 434, 4, 4, 30, 17, 185, 3, 3, 23, 18, 472, 4, 6, 32,  , 31, 37, 30, 22, 38, 30, 23, 31, 30, 30, 31, 33, 30, 23, 38, 30, 23, 32,
http://espn.go.com/golf/player/scorecards/_/id/1152/year/2005/tournamentId/211/andre-stolz,MCI Heritage,4/14-04/17,Round 2,Harbour Town Golf Links - Hilton Head- SC,,2005, 1, 410, 4, 4, 30, 2, 502, 5, 5, 38, 3, 469, 4, 3, 29, 4, 200, 3, 3, 23, 5, 540, 5, 5, 38, 6, 419, 4, 5, 31, 7, 195, 3, 4, 24, 8, 473, 4, 5, 31, 9, 332, 4, 4, 30, 10, 451, 4, 5, 31, 11, 436, 4, 5, 31, 12, 430, 4, 4, 30, 13, 373, 4, 5, 31, 14, 192, 3, 3, 23, 15, 588, 5, 5, 38, 16, 434, 4, 5, 31, 17, 185, 3, 3, 23, 18, 472, 4, 4, 30,  , 30, 38, 29, 23, 38, 31, 24, 31, 30, 31, 31, 30, 31, 23, 38, 31, 23, 30,
http://espn.go.com/golf/player/scorecards/_/id/1152/year/2005/tournamentId/211/andre-stolz,MCI Heritage,4/14-04/17,Round 1,Harbour Town Golf Links - Hilton Head- SC,,2005, 1, 410, 4, 3, 29, 2, 502, 5, 4, 37, 3, 469, 4, 5, 31, 4, 200, 3, 3, 23, 5, 540, 5, 6, 39, 6, 419, 4, 5, 31, 7, 195, 3, 4, 24, 8, 473, 4, 4, 30, 9, 332, 4, 4, 30, 10, 451, 4, 3, 29, 11, 436, 4, 4, 30, 12, 430, 4, 3, 29, 13, 373, 4, 4, 30, 14, 192, 3, 3, 23, 15, 588, 5, 6, 39, 16, 434, 4, 3, 29, 17, 185, 3, 3, 23, 18, 472, 4, 3, 29,  , 29, 37, 31, 23, 39, 31, 24, 30, 30, 29, 30, 29, 30, 23, 39, 29, 23, 29,
http://espn.go.com/golf/player/scorecards/_/id/1152/year/2005/tournamentId/215/andre-stolz,Bank of America Colonial,5/19-05/22,Round 2,Colonial CC - Ft. Worth- TX,,2005, 1, 565, 5, 5, 38, 2, 389, 4, 5, 31, 3, 483, 4, 5, 31, 4, 247, 3, 2, 22, 5, 481, 4, 5, 31, 6, 406, 4, 4, 30, 7, 440, 4, 4, 30, 8, 194, 3, 2, 22, 9, 407, 4, 4, 30, 10, 408, 4, 4, 30, 11, 635, 5, 6, 39, 12, 445, 4, 4, 30, 13, 190, 3, 3, 23, 14, 464, 4, 4, 30, 15, 430, 4, 4, 30, 16, 192, 3, 3, 23, 17, 387, 4, 4, 30, 18, 441, 4, 5, 31,  , 38, 31, 31, 22, 31, 30, 30, 22, 30, 30, 39, 30, 23, 30, 30, 23, 30, 31,
http://espn.go.com/golf/player/scorecards/_/id/1152/year/2005/tournamentId/215/andre-stolz,Bank of America Colonial,5/19-05/22,Round 1,Colonial CC - Ft. Worth- TX,,2005, 1, 565, 5, 5, 38, 2, 389, 4, 4, 30, 3, 483, 4, 4, 30, 4, 247, 3, 3, 23, 5, 481, 4, 4, 30, 6, 406, 4, 4, 30, 7, 440, 4, 3, 29, 8, 194, 3, 5, 25, 9, 407, 4, 6, 32, 10, 408, 4, 3, 29, 11, 635, 5, 5, 38, 12, 445, 4, 4, 30, 13, 190, 3, 3, 23, 14, 464, 4, 4, 30, 15, 430, 4, 5, 31, 16, 192, 3, 3, 23, 17, 387, 4, 4, 30, 18, 441, 4, 4, 30,  , 38, 30, 30, 23, 30, 30, 29, 25, 32, 29, 38, 30, 23, 30, 31, 23, 30, 30,
http://espn.go.com/golf/player/scorecards/_/id/1152/year/2005/tournamentId/220/andre-stolz,FedEx St. Jude Classic,5/26-05/29,Round 2,TPC Southwind - Memphis- TN,,2005, 1, 434, 4, 4, 30, 2, 401, 4, 3, 29, 3, 554, 5, 6, 39, 4, 196, 3, 3, 23, 5, 485, 4, 5, 31, 6, 445, 4, 5, 31, 7, 482, 4, 5, 31, 8, 178, 3, 3, 23, 9, 457, 4, 4, 30, 10, 465, 4, 5, 31, 11, 157, 3, 2, 22, 12, 406, 4, 4, 30, 13, 472, 4, 4, 30, 14, 239, 3, 4, 24, 15, 395, 4, 4, 30, 16, 530, 5, 5, 38, 17, 490, 4, 4, 30, 18, 453, 4, 5, 31,  , 30, 29, 39, 23, 31, 31, 31, 23, 30, 31, 22, 30, 30, 24, 30, 38, 30, 31,
http://espn.go.com/golf/player/scorecards/_/id/1152/year/2005/tournamentId/220/andre-stolz,FedEx St. Jude Classic,5/26-05/29,Round 1,TPC Southwind - Memphis- TN,,2005, 1, 434, 4, 4, 30, 2, 401, 4, 4, 30, 3, 554, 5, 5, 38, 4, 196, 3, 3, 23, 5, 485, 4, 4, 30, 6, 445, 4, 4, 30, 7, 482, 4, 4, 30, 8, 178, 3, 2, 22, 9, 457, 4, 4, 30, 10, 465, 4, 4, 30, 11, 157, 3, 3, 23, 12, 406, 4, 4, 30, 13, 472, 4, 4, 30, 14, 239, 3, 4, 24, 15, 395, 4, 4, 30, 16, 530, 5, 4, 37, 17, 490, 4, 4, 30, 18, 453, 4, 4, 30,  , 30, 30, 38, 23, 30, 30, 30, 22, 30, 30, 23, 30, 30, 24, 30, 37, 30, 30,
http://espn.go.com/golf/player/scorecards/_/id/1152/year/2005/tournamentId/216/andre-stolz,Booz Allen Classic,6/09-06/12,Round 1,Congressional Country Club - Bethesda- MD,,2005, 1, 402, 4, , 33, 2, 233, 3, , 26, 3, 466, 4, , 33, 4, 470, 4, , 33, 5, 413, 4, , 33, 6, 555, 5, , 41, 7, 173, 3, , 26, 8, 354, 4, , 33, 9, 636, 5, , 41, 10, 218, 3, , 26, 11, 489, 4, , 33, 12, 471, 4, , 33, 13, 193, 3, , 26, 14, 467, 4, , 33, 15, 490, 4, , 33, 16, 579, 5, , 41, 17, 437, 4, , 33, 18, 523, 4, , 33,  , 33, 26, 33, 33, 33, 41, 26, 33, 41, 26, 33, 33, 26, 33, 33, 41, 33, 33,
http://espn.go.com/golf/player/scorecards/_/id/1152/year/2011/tournamentId/912/andre-stolz,Viking Classic,7/14-07/17,Round 4,Annandale GC - Madison- MS,,2011, 1, 385, 4, 3, 29, 2, 213, 3, 4, 24, 3, 406, 4, 5, 31, 4, 465, 4, 4, 30, 5, 522, 5, 5, 38, 6, 424, 4, 4, 30, 7, 556, 5, 6, 39, 8, 209, 3, 3, 23, 9, 450, 4, 4, 30, 10, 410, 4, 4, 30, 11, 579, 5, 5, 38, 12, 171, 3, 3, 23, 13, 414, 4, 4, 30, 14, 473, 4, 5, 31, 15, 176, 3, 3, 23, 16, 408, 4, 4, 30, 17, 409, 4, 5, 31, 18, 532, 5, 5, 38,  , 29, 24, 31, 30, 38, 30, 39, 23, 30, 30, 38, 23, 30, 31, 23, 30, 31, 38,
http://espn.go.com/golf/player/scorecards/_/id/1152/year/2011/tournamentId/912/andre-stolz,Viking Classic,7/14-07/17,Round 3,Annandale GC - Madison- MS,,2011, 1, 385, 4, 4, 30, 2, 213, 3, 3, 23, 3, 406, 4, 3, 29, 4, 465, 4, 4, 30, 5, 522, 5, 5, 38, 6, 424, 4, 4, 30, 7, 556, 5, 5, 38, 8, 209, 3, 3, 23, 9, 450, 4, 5, 31, 10, 410, 4, 4, 30, 11, 579, 5, 4, 37, 12, 171, 3, 3, 23, 13, 414, 4, 4, 30, 14, 473, 4, 4, 30, 15, 176, 3, 3, 23, 16, 408, 4, 4, 30, 17, 409, 4, 4, 30, 18, 532, 5, 5, 38,  , 30, 23, 29, 30, 38, 30, 38, 23, 31, 30, 37, 23, 30, 30, 23, 30, 30, 38,
http://espn.go.com/golf/player/scorecards/_/id/1152/year/2011/tournamentId/912/andre-stolz,Viking Classic,7/14-07/17,Round 2,Annandale GC - Madison- MS,,2011, 1, 385, 4, 4, 30, 2, 213, 3, 3, 23, 3, 406, 4, 3, 29, 4, 465, 4, 4, 30, 5, 522, 5, 4, 37, 6, 424, 4, 4, 30, 7, 556, 5, 4, 37, 8, 209, 3, 3, 23, 9, 450, 4, 4, 30, 10, 410, 4, 4, 30, 11, 579, 5, 5, 38, 12, 171, 3, 3, 23, 13, 414, 4, 3, 29, 14, 473, 4, 4, 30, 15, 176, 3, 3, 23, 16, 408, 4, 4, 30, 17, 409, 4, 4, 30, 18, 532, 5, 5, 38,  , 30, 23, 29, 30, 37, 30, 37, 23, 30, 30, 38, 23, 29, 30, 23, 30, 30, 38,
http://espn.go.com/golf/player/scorecards/_/id/1152/year/2011/tournamentId/912/andre-stolz,Viking Classic,7/14-07/17,Round 1,Annandale GC - Madison- MS,,2011, 1, 385, 4, 4, 30, 2, 213, 3, 3, 23, 3, 406, 4, 3, 29, 4, 465, 4, 4, 30, 5, 522, 5, 4, 37, 6, 424, 4, 4, 30, 7, 556, 5, 4, 37, 8, 209, 3, 4, 24, 9, 450, 4, 4, 30, 10, 410, 4, 4, 30, 11, 579, 5, 5, 38, 12, 171, 3, 4, 24, 13, 414, 4, 4, 30, 14, 473, 4, 4, 30, 15, 176, 3, 2, 22, 16, 408, 4, 4, 30, 17, 409, 4, 4, 30, 18, 532, 5, 5, 38,  , 30, 23, 29, 30, 37, 30, 37, 24, 30, 30, 38, 24, 30, 30, 22, 30, 30, 38,
http://espn.go.com/golf/player/scorecards/_/id/1152/year/2011/tournamentId/927/andre-stolz,The Greenbrier Classic,7/28-07/31,Round 4,The Old White TPC - White Sulphur Springs- WV,,2011, 1, 449, 4, 3, 29, 2, 488, 4, 4, 30, 3, 205, 3, 3, 23, 4, 427, 4, 4, 30, 5, 388, 4, 4, 30, 6, 471, 4, 5, 31, 7, 430, 4, 3, 29, 8, 234, 3, 3, 23, 9, 404, 4, 4, 30, 10, 385, 4, 6, 32, 11, 493, 4, 4, 30, 12, 568, 5, 5, 38, 13, 492, 4, 5, 31, 14, 401, 4, 4, 30, 15, 217, 3, 3, 23, 16, 444, 4, 4, 30, 17, 616, 5, 5, 38, 18, 175, 3, 3, 23,  , 29, 30, 23, 30, 30, 31, 29, 23, 30, 32, 30, 38, 31, 30, 23, 30, 38, 23,
http://espn.go.com/golf/player/scorecards/_/id/1152/year/2011/tournamentId/927/andre-stolz,The Greenbrier Classic,7/28-07/31,Round 3,The Old White TPC - White Sulphur Springs- WV,,2011, 1, 449, 4, 4, 30, 2, 488, 4, 4, 30, 3, 205, 3, 3, 23, 4, 427, 4, 5, 31, 5, 388, 4, 4, 30, 6, 471, 4, 7, 33, 7, 430, 4, 4, 30, 8, 234, 3, 2, 22, 9, 404, 4, 4, 30, 10, 385, 4, 4, 30, 11, 493, 4, 4, 30, 12, 568, 5, 4, 37, 13, 492, 4, 4, 30, 14, 401, 4, 4, 30, 15, 217, 3, 2, 22, 16, 444, 4, 4, 30, 17, 616, 5, 4, 37, 18, 175, 3, 3, 23,  , 30, 30, 23, 31, 30, 33, 30, 22, 30, 30, 30, 37, 30, 30, 22, 30, 37, 23,
http://espn.go.com/golf/player/scorecards/_/id/1152/year/2011/tournamentId/927/andre-stolz,The Greenbrier Classic,7/28-07/31,Round 2,The Old White TPC - White Sulphur Springs- WV,,2011, 1, 449, 4, 4, 30, 2, 488, 4, 4, 30, 3, 205, 3, 2, 22, 4, 427, 4, 5, 31, 5, 388, 4, 3, 29, 6, 471, 4, 4, 30, 7, 430, 4, 4, 30, 8, 234, 3, 4, 24, 9, 404, 4, 5, 31, 10, 385, 4, 4, 30, 11, 493, 4, 4, 30, 12, 568, 5, 4, 37, 13, 492, 4, 4, 30, 14, 401, 4, 4, 30, 15, 217, 3, 3, 23, 16, 444, 4, 3, 29, 17, 616, 5, 5, 38, 18, 175, 3, 3, 23,  , 30, 30, 22, 31, 29, 30, 30, 24, 31, 30, 30, 37, 30, 30, 23, 29, 38, 23,
http://espn.go.com/golf/player/scorecards/_/id/1152/year/2011/tournamentId/927/andre-stolz,The Greenbrier Classic,7/28-07/31,Round 1,The Old White TPC - White Sulphur Springs- WV,,2011, 1, 449, 4, 4, 30, 2, 488, 4, 4, 30, 3, 205, 3, 3, 23, 4, 427, 4, 3, 29, 5, 388, 4, 4, 30, 6, 471, 4, 4, 30, 7, 430, 4, 4, 30, 8, 234, 3, 2, 22, 9, 404, 4, 4, 30, 10, 385, 4, 4, 30, 11, 493, 4, 4, 30, 12, 568, 5, 4, 37, 13, 492, 4, 4, 30, 14, 401, 4, 4, 30, 15, 217, 3, 4, 24, 16, 444, 4, 5, 31, 17, 616, 5, 5, 38, 18, 175, 3, 3, 23,  , 30, 30, 23, 29, 30, 30, 30, 22, 30, 30, 30, 37, 30, 30, 24, 31, 38, 23,
http://espn.go.com/golf/player/scorecards/_/id/1152/year/2011/tournamentId/995/andre-stolz,PGA TOUR Qualifying Tournament,1/30-12/05,Round 3 ,Jack Nicklaus Tourn. Course- PGA West (Nicklaus Course)- PGA West Stadium Course - La Quinta- CA,PGA West Stadium Course,2011, 1, 445, 4, 4, 30, 2, 371, 4, 5, 31, 3, 471, 4, 4, 30, 4, 192, 3, 3, 23, 5, 535, 5, 4, 37, 6, 255, 3, 3, 23, 7, 346, 4, 4, 30, 8, 559, 5, 5, 38, 9, 452, 4, 4, 30, 10, 416, 4, 6, 32, 11, 617, 5, 5, 38, 12, 363, 4, 4, 30, 13, 214, 3, 3, 23, 14, 389, 4, 7, 33, 15, 468, 4, 5, 31, 16, 600, 5, 5, 38, 17, 168, 3, 3, 23, 18, 439, 4, 8, 33,  , 30, 31, 30, 23, 37, 23, 30, 38, 30, 32, 38, 30, 23, 33, 31, 38, 23, 33,
http://espn.go.com/golf/player/scorecards/_/id/1152/year/2011/tournamentId/995/andre-stolz,PGA TOUR Qualifying Tournament,1/30-12/05,Round 2 ,Jack Nicklaus Tourn. Course- PGA West (Nicklaus Course)- PGA West Stadium Course - La Quinta- CA,Jack Nicklaus Tourn. Course,2011, 1, 412, 4, 4, 30, 2, 444, 4, 5, 31, 3, 192, 3, 4, 24, 4, 549, 5, 5, 38, 5, 364, 4, 3, 29, 6, 462, 4, 5, 31, 7, 527, 5, 4, 37, 8, 172, 3, 3, 23, 9, 461, 4, 4, 30, 10, 370, 4, 3, 29, 11, 528, 5, 3, 36, 12, 188, 3, 4, 24, 13, 419, 4, 3, 29, 14, 442, 4, 3, 29, 15, 572, 5, 4, 37, 16, 440, 4, 4, 30, 17, 209, 3, 3, 23, 18, 453, 4, 5, 31,  , 30, 31, 24, 38, 29, 31, 37, 23, 30, 29, 36, 24, 29, 29, 37, 30, 23, 31,
http://espn.go.com/golf/player/scorecards/_/id/1152/year/2011/tournamentId/995/andre-stolz,PGA TOUR Qualifying Tournament,1/30-12/05,Round 1 ,Jack Nicklaus Tourn. Course- PGA West (Nicklaus Course)- PGA West Stadium Course - La Quinta- CA,PGA West Stadium Course,2011, 1, 445, 4, 4, 30, 2, 371, 4, 3, 29, 3, 471, 4, 4, 30, 4, 192, 3, 3, 23, 5, 535, 5, 7, 40, 6, 255, 3, 3, 23, 7, 346, 4, 4, 30, 8, 559, 5, 5, 38, 9, 452, 4, 4, 30, 10, 416, 4, 4, 30, 11, 617, 5, 5, 38, 12, 363, 4, 3, 29, 13, 214, 3, 3, 23, 14, 389, 4, 3, 29, 15, 468, 4, 4, 30, 16, 600, 5, 5, 38, 17, 168, 3, 6, 26, 18, 439, 4, 5, 31,  , 30, 29, 30, 23, 40, 23, 30, 38, 30, 30, 38, 29, 23, 29, 30, 38, 26, 31,
