http://espn.go.com/golf/player/scorecards/_/id/1762/year/2007/tournamentId/301/jaco-van-zyl,Buick Invitational,1/25-01/28,Round 2 ,Torrey Pines (North Course)- Torrey Pines (South Course) - San Diego- CA,Torrey Pines (South Course),2007, 1, 450, 4, 4, 30, 2, 389, 4, 4, 30, 3, 200, 3, 3, 23, 4, 488, 4, 3, 29, 5, 454, 4, 4, 30, 6, 560, 5, 4, 37, 7, 462, 4, 4, 30, 8, 176, 3, 3, 23, 9, 614, 5, 5, 38, 10, 416, 4, 4, 30, 11, 221, 3, 3, 23, 12, 504, 4, 4, 30, 13, 614, 5, 5, 38, 14, 437, 4, 5, 31, 15, 478, 4, 3, 29, 16, 223, 3, 3, 23, 17, 442, 4, 4, 30, 18, 570, 5, 6, 39,  , 30, 30, 23, 29, 30, 37, 30, 23, 38, 30, 23, 30, 38, 31, 29, 23, 30, 39,
http://espn.go.com/golf/player/scorecards/_/id/1762/year/2007/tournamentId/301/jaco-van-zyl,Buick Invitational,1/25-01/28,Round 1 ,Torrey Pines (North Course)- Torrey Pines (South Course) - San Diego- CA,Torrey Pines (North Course),2007, 1, 519, 5, 4, 37, 2, 329, 4, 4, 30, 3, 179, 3, 3, 23, 4, 434, 4, 5, 31, 5, 411, 4, 4, 30, 6, 205, 3, 3, 23, 7, 399, 4, 3, 29, 8, 436, 4, 4, 30, 9, 547, 5, 5, 38, 10, 417, 4, 3, 29, 11, 490, 4, 4, 30, 12, 240, 3, 2, 22, 13, 471, 4, 5, 31, 14, 523, 5, 5, 38, 15, 397, 4, 4, 30, 16, 366, 4, 5, 31, 17, 174, 3, 4, 24, 18, 516, 5, 4, 37,  , 37, 30, 23, 31, 30, 23, 29, 30, 38, 29, 30, 22, 31, 38, 30, 31, 24, 37,
http://espn.go.com/golf/player/scorecards/_/id/1762/year/2007/tournamentId/300/jaco-van-zyl,AT&T Pebble Beach National Pro-Am,2/08-02/11,Round 3 ,Spyglass Hill GC- Pebble Beach Golf Links- Poppy Hills - Pebble Beach- CA,Spyglass Hill GC,2007, 1, 595, 5, 4, 37, 2, 349, 4, 5, 31, 3, 165, 3, 4, 24, 4, 370, 4, 4, 30, 5, 197, 3, 4, 24, 6, 446, 4, 5, 31, 7, 529, 5, 4, 37, 8, 399, 4, 4, 30, 9, 431, 4, 4, 30, 10, 407, 4, 4, 30, 11, 528, 5, 5, 38, 12, 178, 3, 4, 24, 13, 460, 4, 5, 31, 14, 560, 5, 4, 37, 15, 130, 3, 3, 23, 16, 476, 4, 4, 30, 17, 325, 4, 4, 30, 18, 408, 4, 5, 31,  , 37, 31, 24, 30, 24, 31, 37, 30, 30, 30, 38, 24, 31, 37, 23, 30, 30, 31,
http://espn.go.com/golf/player/scorecards/_/id/1762/year/2007/tournamentId/300/jaco-van-zyl,AT&T Pebble Beach National Pro-Am,2/08-02/11,Round 2 ,Spyglass Hill GC- Pebble Beach Golf Links- Poppy Hills - Pebble Beach- CA,Pebble Beach GL,2007, 1, 381, 4, 3, 29, 2, 502, 5, 4, 37, 3, 390, 4, 4, 30, 4, 331, 4, 5, 31, 5, 188, 3, 4, 24, 6, 513, 5, 4, 37, 7, 106, 3, 6, 26, 8, 418, 4, 4, 30, 9, 466, 4, 3, 29, 10, 446, 4, 4, 30, 11, 380, 4, 4, 30, 12, 202, 3, 4, 24, 13, 399, 4, 4, 30, 14, 573, 5, 4, 37, 15, 397, 4, 4, 30, 16, 403, 4, 5, 31, 17, 178, 3, 3, 23, 18, 543, 5, 5, 38,  , 29, 37, 30, 31, 24, 37, 26, 30, 29, 30, 30, 24, 30, 37, 30, 31, 23, 38,
URL,Tournament,Date,Round,Courses,Specific Course,Year,Hole,Yards,Par,Score,ShotType,Hole,Yards,Par,Score,ShotType,Hole,Yards,Par,Score,ShotType,Hole,Yards,Par,Score,ShotType,Hole,Yards,Par,Score,ShotType,Hole,Yards,Par,Score,ShotType,Hole,Yards,Par,Score,ShotType,Hole,Yards,Par,Score,ShotType,Hole,Yards,Par,Score,ShotType,Hole,Yards,Par,Score,ShotType,Hole,Yards,Par,Score,ShotType,Hole,Yards,Par,Score,ShotType,Hole,Yards,Par,Score,ShotType,Hole,Yards,Par,Score,ShotType,Hole,Yards,Par,Score,ShotType,Hole,Yards,Par,Score,ShotType,Hole,Yards,Par,Score,ShotType,Hole,Yards,Par,Score,ShotType, ,ShotType,ShotType,ShotType,ShotType,ShotType,ShotType,ShotType,ShotType,ShotType,ShotType,ShotType,ShotType,ShotType,ShotType,ShotType,ShotType,ShotType,ShotType,
http://espn.go.com/golf/player/scorecards/_/id/1762/year/2007/tournamentId/300/jaco-van-zyl,AT&T Pebble Beach National Pro-Am,2/08-02/11,Round 1 ,Spyglass Hill GC- Pebble Beach Golf Links- Poppy Hills - Pebble Beach- CA,Poppy Hills,2007, 1, 413, 4, 5, 31, 2, 172, 3, 3, 23, 3, 406, 4, 4, 30, 4, 603, 5, 5, 38, 5, 428, 4, 4, 30, 6, 180, 3, 3, 23, 7, 395, 4, 4, 30, 8, 383, 4, 4, 30, 9, 555, 5, 5, 38, 10, 516, 5, 4, 37, 11, 210, 3, 3, 23, 12, 531, 5, 5, 38, 13, 396, 4, 4, 30, 14, 415, 4, 5, 31, 15, 230, 3, 3, 23, 16, 439, 4, 5, 31, 17, 170, 3, 3, 23, 18, 502, 5, 4, 37,  , 31, 23, 30, 38, 30, 23, 30, 30, 38, 37, 23, 38, 30, 31, 23, 31, 23, 37,
http://espn.go.com/golf/player/scorecards/_/id/1762/year/2007/tournamentId/335/jaco-van-zyl,Mayakoba Golf Classic at Riviera Maya-Cancun,2/22-02/25,Round 2,El Camaleon - Riviera Maya- Mexico,,2007, 1, 438, 4, 6, 32, 2, 428, 4, 4, 30, 3, 389, 4, 4, 30, 4, 116, 3, 6, 26, 5, 554, 5, 4, 37, 6, 416, 4, 4, 30, 7, 554, 5, 2, 35, 8, 151, 3, 4, 24, 9, 462, 4, 3, 29, 10, 200, 3, 3, 23, 11, 360, 4, 3, 29, 12, 451, 4, 5, 31, 13, 532, 5, 4, 37, 14, 452, 4, 4, 30, 15, 155, 3, 3, 23, 16, 485, 4, 4, 30, 17, 386, 4, 4, 30, 18, 458, 4, 4, 30,  , 32, 30, 30, 26, 37, 30, 35, 24, 29, 23, 29, 31, 37, 30, 23, 30, 30, 30,
http://espn.go.com/golf/player/scorecards/_/id/1762/year/2007/tournamentId/335/jaco-van-zyl,Mayakoba Golf Classic at Riviera Maya-Cancun,2/22-02/25,Round 1,El Camaleon - Riviera Maya- Mexico,,2007, 1, 438, 4, 8, 33, 2, 428, 4, 3, 29, 3, 389, 4, 3, 29, 4, 116, 3, 4, 24, 5, 554, 5, 4, 37, 6, 416, 4, 3, 29, 7, 554, 5, 3, 36, 8, 151, 3, 4, 24, 9, 462, 4, 4, 30, 10, 200, 3, 3, 23, 11, 360, 4, 4, 30, 12, 451, 4, 4, 30, 13, 532, 5, 5, 38, 14, 452, 4, 4, 30, 15, 155, 3, 3, 23, 16, 485, 4, 4, 30, 17, 386, 4, 4, 30, 18, 458, 4, 4, 30,  , 33, 29, 29, 24, 37, 29, 36, 24, 30, 23, 30, 30, 38, 30, 23, 30, 30, 30,
http://espn.go.com/golf/player/scorecards/_/id/1762/year/2007/tournamentId/311/jaco-van-zyl,Shell Houston Open,3/29-04/01,Round 2,Redstone GC Tournament Course - Humble- TX,,2007, 1, 397, 4, 5, 31, 2, 429, 4, 4, 30, 3, 398, 4, 4, 30, 4, 566, 5, 5, 38, 5, 480, 4, 4, 30, 6, 464, 4, 4, 30, 7, 174, 3, 4, 24, 8, 557, 5, 5, 38, 9, 238, 3, 3, 23, 10, 380, 4, 4, 30, 11, 441, 4, 3, 29, 12, 338, 4, 5, 31, 13, 590, 5, 5, 38, 14, 216, 3, 4, 24, 15, 608, 5, 5, 38, 16, 188, 3, 3, 23, 17, 489, 4, 4, 30, 18, 488, 4, 4, 30,  , 31, 30, 30, 38, 30, 30, 24, 38, 23, 30, 29, 31, 38, 24, 38, 23, 30, 30,
http://espn.go.com/golf/player/scorecards/_/id/1762/year/2007/tournamentId/311/jaco-van-zyl,Shell Houston Open,3/29-04/01,Round 1,Redstone GC Tournament Course - Humble- TX,,2007, 1, 397, 4, 5, 31, 2, 429, 4, 5, 31, 3, 398, 4, 4, 30, 4, 566, 5, 5, 38, 5, 480, 4, 4, 30, 6, 464, 4, 4, 30, 7, 174, 3, 3, 23, 8, 557, 5, 5, 38, 9, 238, 3, 3, 23, 10, 380, 4, 4, 30, 11, 441, 4, 4, 30, 12, 338, 4, 4, 30, 13, 590, 5, 6, 39, 14, 216, 3, 3, 23, 15, 608, 5, 5, 38, 16, 188, 3, 3, 23, 17, 489, 4, 4, 30, 18, 488, 4, 4, 30,  , 31, 31, 30, 38, 30, 30, 23, 38, 23, 30, 30, 30, 39, 23, 38, 23, 30, 30,
http://espn.go.com/golf/player/scorecards/_/id/1762/year/2007/tournamentId/306/jaco-van-zyl,Zurich Classic of New Orleans,4/19-04/22,Round 2,TPC Louisiana - Avondale- LA,,2007, 1, 399, 4, 4, 30, 2, 548, 5, 4, 37, 3, 221, 3, 3, 23, 4, 482, 4, 3, 29, 5, 438, 4, 4, 30, 6, 476, 4, 6, 32, 7, 561, 5, 5, 38, 8, 372, 4, 3, 29, 9, 207, 3, 2, 22, 10, 390, 4, 4, 30, 11, 575, 5, 4, 37, 12, 492, 4, 5, 31, 13, 403, 4, 3, 29, 14, 216, 3, 3, 23, 15, 490, 4, 4, 30, 16, 355, 4, 4, 30, 17, 215, 3, 4, 24, 18, 585, 5, 6, 39,  , 30, 37, 23, 29, 30, 32, 38, 29, 22, 30, 37, 31, 29, 23, 30, 30, 24, 39,
http://espn.go.com/golf/player/scorecards/_/id/1762/year/2007/tournamentId/306/jaco-van-zyl,Zurich Classic of New Orleans,4/19-04/22,Round 1,TPC Louisiana - Avondale- LA,,2007, 1, 399, 4, 3, 29, 2, 548, 5, 5, 38, 3, 221, 3, 3, 23, 4, 482, 4, 4, 30, 5, 438, 4, 5, 31, 6, 476, 4, 4, 30, 7, 561, 5, 4, 37, 8, 372, 4, 4, 30, 9, 207, 3, 3, 23, 10, 390, 4, 4, 30, 11, 575, 5, 6, 39, 12, 492, 4, 5, 31, 13, 403, 4, 4, 30, 14, 216, 3, 4, 24, 15, 490, 4, 4, 30, 16, 355, 4, 5, 31, 17, 215, 3, 3, 23, 18, 585, 5, 5, 38,  , 29, 38, 23, 30, 31, 30, 37, 30, 23, 30, 39, 31, 30, 24, 30, 31, 23, 38,
http://espn.go.com/golf/player/scorecards/_/id/1762/year/2007/tournamentId/308/jaco-van-zyl,AT&T Classic,5/17-05/20,Round 4,TPC Sugarloaf - Duluth- GA,,2007, 1, 434, 4, 4, 30, 2, 144, 3, 3, 23, 3, 389, 4, 4, 30, 4, 558, 5, 6, 39, 5, 441, 4, 4, 30, 6, 569, 5, 5, 38, 7, 458, 4, 4, 30, 8, 248, 3, 3, 23, 9, 472, 4, 5, 31, 10, 628, 5, 4, 37, 11, 189, 3, 3, 23, 12, 434, 4, 4, 30, 13, 310, 4, 4, 30, 14, 453, 4, 5, 31, 15, 406, 4, 4, 30, 16, 179, 3, 4, 24, 17, 455, 4, 4, 30, 18, 544, 5, 5, 38,  , 30, 23, 30, 39, 30, 38, 30, 23, 31, 37, 23, 30, 30, 31, 30, 24, 30, 38,
http://espn.go.com/golf/player/scorecards/_/id/1762/year/2007/tournamentId/308/jaco-van-zyl,AT&T Classic,5/17-05/20,Round 3,TPC Sugarloaf - Duluth- GA,,2007, 1, 434, 4, 4, 30, 2, 144, 3, 4, 24, 3, 389, 4, 3, 29, 4, 558, 5, 5, 38, 5, 441, 4, 3, 29, 6, 569, 5, 4, 37, 7, 458, 4, 4, 30, 8, 248, 3, 3, 23, 9, 472, 4, 4, 30, 10, 628, 5, 5, 38, 11, 189, 3, 2, 22, 12, 434, 4, 4, 30, 13, 310, 4, 4, 30, 14, 453, 4, 4, 30, 15, 406, 4, 3, 29, 16, 179, 3, 4, 24, 17, 455, 4, 4, 30, 18, 544, 5, 6, 39,  , 30, 24, 29, 38, 29, 37, 30, 23, 30, 38, 22, 30, 30, 30, 29, 24, 30, 39,
http://espn.go.com/golf/player/scorecards/_/id/1762/year/2007/tournamentId/308/jaco-van-zyl,AT&T Classic,5/17-05/20,Round 2,TPC Sugarloaf - Duluth- GA,,2007, 1, 434, 4, 3, 29, 2, 144, 3, 3, 23, 3, 389, 4, 4, 30, 4, 558, 5, 4, 37, 5, 441, 4, 4, 30, 6, 569, 5, 5, 38, 7, 458, 4, 4, 30, 8, 248, 3, 3, 23, 9, 472, 4, 4, 30, 10, 628, 5, 5, 38, 11, 189, 3, 3, 23, 12, 434, 4, 4, 30, 13, 310, 4, 3, 29, 14, 453, 4, 5, 31, 15, 406, 4, 4, 30, 16, 179, 3, 3, 23, 17, 455, 4, 4, 30, 18, 544, 5, 4, 37,  , 29, 23, 30, 37, 30, 38, 30, 23, 30, 38, 23, 30, 29, 31, 30, 23, 30, 37,
http://espn.go.com/golf/player/scorecards/_/id/1762/year/2007/tournamentId/308/jaco-van-zyl,AT&T Classic,5/17-05/20,Round 1,TPC Sugarloaf - Duluth- GA,,2007, 1, 434, 4, 5, 31, 2, 144, 3, 3, 23, 3, 389, 4, 4, 30, 4, 558, 5, 5, 38, 5, 441, 4, 5, 31, 6, 569, 5, 5, 38, 7, 458, 4, 5, 31, 8, 248, 3, 3, 23, 9, 472, 4, 3, 29, 10, 628, 5, 5, 38, 11, 189, 3, 3, 23, 12, 434, 4, 4, 30, 13, 310, 4, 3, 29, 14, 453, 4, 3, 29, 15, 406, 4, 4, 30, 16, 179, 3, 3, 23, 17, 455, 4, 4, 30, 18, 544, 5, 5, 38,  , 31, 23, 30, 38, 31, 38, 31, 23, 29, 38, 23, 30, 29, 29, 30, 23, 30, 38,
http://espn.go.com/golf/player/scorecards/_/id/1762/year/2007/tournamentId/317/jaco-van-zyl,Stanford St. Jude Championship,6/07-06/10,Round 2 ,TPC Southwind- MUIRFIELD - Memphis- TN,TPC Southwind,2007, 1, 434, 4, 6, 32, 2, 401, 4, 4, 30, 3, 554, 5, 6, 39, 4, 196, 3, 2, 22, 5, 485, 4, 3, 29, 6, 445, 4, 3, 29, 7, 482, 4, 4, 30, 8, 178, 3, 3, 23, 9, 457, 4, 4, 30, 10, 465, 4, 3, 29, 11, 157, 3, 5, 25, 12, 406, 4, 5, 31, 13, 472, 4, 4, 30, 14, 239, 3, 3, 23, 15, 395, 4, 4, 30, 16, 530, 5, 4, 37, 17, 490, 4, 5, 31, 18, 453, 4, 5, 31,  , 32, 30, 39, 22, 29, 29, 30, 23, 30, 29, 25, 31, 30, 23, 30, 37, 31, 31,
http://espn.go.com/golf/player/scorecards/_/id/1762/year/2007/tournamentId/317/jaco-van-zyl,Stanford St. Jude Championship,6/07-06/10,Round 1 ,TPC Southwind- MUIRFIELD - Memphis- TN,TPC Southwind,2007, 1, 434, 4, 5, 31, 2, 401, 4, 4, 30, 3, 554, 5, 4, 37, 4, 196, 3, 3, 23, 5, 485, 4, 5, 31, 6, 445, 4, 4, 30, 7, 482, 4, 5, 31, 8, 178, 3, 3, 23, 9, 457, 4, 4, 30, 10, 465, 4, 4, 30, 11, 157, 3, 3, 23, 12, 406, 4, 4, 30, 13, 472, 4, 4, 30, 14, 239, 3, 4, 24, 15, 395, 4, 4, 30, 16, 530, 5, 6, 39, 17, 490, 4, 4, 30, 18, 453, 4, 4, 30,  , 31, 30, 37, 23, 31, 30, 31, 23, 30, 30, 23, 30, 30, 24, 30, 39, 30, 30,
http://espn.go.com/golf/player/scorecards/_/id/1762/year/2007/tournamentId/318/jaco-van-zyl,Travelers Championship,6/21-06/24,Round 2,TPC River Highlands - Cromwell- CT,,2007, 1, 434, 4, 3, 29, 2, 341, 4, 5, 31, 3, 431, 4, 4, 30, 4, 481, 4, 5, 31, 5, 223, 3, 3, 23, 6, 574, 5, 4, 37, 7, 443, 4, 4, 30, 8, 202, 3, 3, 23, 9, 406, 4, 4, 30, 10, 462, 4, 4, 30, 11, 158, 3, 2, 22, 12, 411, 4, 4, 30, 13, 523, 5, 4, 37, 14, 421, 4, 5, 31, 15, 296, 4, 4, 30, 16, 171, 3, 3, 23, 17, 433, 4, 5, 31, 18, 444, 4, 5, 31,  , 29, 31, 30, 31, 23, 37, 30, 23, 30, 30, 22, 30, 37, 31, 30, 23, 31, 31,
http://espn.go.com/golf/player/scorecards/_/id/1762/year/2007/tournamentId/318/jaco-van-zyl,Travelers Championship,6/21-06/24,Round 1,TPC River Highlands - Cromwell- CT,,2007, 1, 434, 4, 4, 30, 2, 341, 4, 4, 30, 3, 431, 4, 4, 30, 4, 481, 4, 5, 31, 5, 223, 3, 3, 23, 6, 574, 5, 4, 37, 7, 443, 4, 4, 30, 8, 202, 3, 3, 23, 9, 406, 4, 4, 30, 10, 462, 4, 4, 30, 11, 158, 3, 3, 23, 12, 411, 4, 4, 30, 13, 523, 5, 6, 39, 14, 421, 4, 5, 31, 15, 296, 4, 5, 31, 16, 171, 3, 3, 23, 17, 433, 4, 4, 30, 18, 444, 4, 4, 30,  , 30, 30, 30, 31, 23, 37, 30, 23, 30, 30, 23, 30, 39, 31, 31, 23, 30, 30,
http://espn.go.com/golf/player/scorecards/_/id/1762/year/2007/tournamentId/321/jaco-van-zyl,Buick Open,6/28-07/01,Round 2,Warwick Hills G&CC - Grand Blanc- MI,,2007, 1, 567, 5, 7, 40, 2, 431, 4, 4, 30, 3, 187, 3, 3, 23, 4, 401, 4, 4, 30, 5, 437, 4, 4, 30, 6, 421, 4, 4, 30, 7, 584, 5, 4, 37, 8, 199, 3, 3, 23, 9, 434, 4, 5, 31, 10, 401, 4, 5, 31, 11, 190, 3, 2, 22, 12, 340, 4, 4, 30, 13, 544, 5, 4, 37, 14, 322, 4, 3, 29, 15, 457, 4, 4, 30, 16, 580, 5, 5, 38, 17, 197, 3, 3, 23, 18, 435, 4, 4, 30,  , 40, 30, 23, 30, 30, 30, 37, 23, 31, 31, 22, 30, 37, 29, 30, 38, 23, 30,
http://espn.go.com/golf/player/scorecards/_/id/1762/year/2007/tournamentId/321/jaco-van-zyl,Buick Open,6/28-07/01,Round 1,Warwick Hills G&CC - Grand Blanc- MI,,2007, 1, 567, 5, 5, 38, 2, 431, 4, 4, 30, 3, 187, 3, 3, 23, 4, 401, 4, 5, 31, 5, 437, 4, 5, 31, 6, 421, 4, 4, 30, 7, 584, 5, 5, 38, 8, 199, 3, 3, 23, 9, 434, 4, 5, 31, 10, 401, 4, 3, 29, 11, 190, 3, 3, 23, 12, 340, 4, 4, 30, 13, 544, 5, 5, 38, 14, 322, 4, 4, 30, 15, 457, 4, 4, 30, 16, 580, 5, 4, 37, 17, 197, 3, 3, 23, 18, 435, 4, 4, 30,  , 38, 30, 23, 31, 31, 30, 38, 23, 31, 29, 23, 30, 38, 30, 30, 37, 23, 30,
http://espn.go.com/golf/player/scorecards/_/id/1762/year/2007/tournamentId/327/jaco-van-zyl,John Deere Classic,7/12-07/15,Round 2,TPC Deere Run - Silvis- IL,,2007, 1, 395, 4, 4, 30, 2, 561, 5, 5, 38, 3, 186, 3, 4, 24, 4, 454, 4, 4, 30, 5, 433, 4, 4, 30, 6, 367, 4, 4, 30, 7, 226, 3, 3, 23, 8, 428, 4, 4, 30, 9, 503, 4, 4, 30, 10, 596, 5, 4, 37, 11, 432, 4, 4, 30, 12, 215, 3, 2, 22, 13, 424, 4, 4, 30, 14, 361, 4, 4, 30, 15, 484, 4, 5, 31, 16, 158, 3, 3, 23, 17, 569, 5, 5, 38, 18, 476, 4, 4, 30,  , 30, 38, 24, 30, 30, 30, 23, 30, 30, 37, 30, 22, 30, 30, 31, 23, 38, 30,
http://espn.go.com/golf/player/scorecards/_/id/1762/year/2007/tournamentId/327/jaco-van-zyl,John Deere Classic,7/12-07/15,Round 1,TPC Deere Run - Silvis- IL,,2007, 1, 395, 4, 3, 29, 2, 561, 5, 5, 38, 3, 186, 3, 3, 23, 4, 454, 4, 4, 30, 5, 433, 4, 4, 30, 6, 367, 4, 4, 30, 7, 226, 3, 3, 23, 8, 428, 4, 4, 30, 9, 503, 4, 3, 29, 10, 596, 5, 6, 39, 11, 432, 4, 6, 32, 12, 215, 3, 3, 23, 13, 424, 4, 4, 30, 14, 361, 4, 4, 30, 15, 484, 4, 4, 30, 16, 158, 3, 3, 23, 17, 569, 5, 5, 38, 18, 476, 4, 4, 30,  , 29, 38, 23, 30, 30, 30, 23, 30, 29, 39, 32, 23, 30, 30, 30, 23, 38, 30,
http://espn.go.com/golf/player/scorecards/_/id/1762/year/2007/tournamentId/325/jaco-van-zyl,U.S. Bank Championship in Milwaukee,7/19-07/22,Round 2,Brown Deer Park GC - Milwaukee- WI,,2007, 1, 461, 4, 4, 30, 2, 417, 4, 4, 30, 3, 171, 3, 3, 23, 4, 485, 4, 4, 30, 5, 164, 3, 3, 23, 6, 556, 5, 7, 40, 7, 215, 3, 3, 23, 8, 436, 4, 5, 31, 9, 359, 4, 4, 30, 10, 447, 4, 4, 30, 11, 196, 3, 3, 23, 12, 381, 4, 4, 30, 13, 437, 4, 4, 30, 14, 188, 3, 3, 23, 15, 531, 5, 5, 38, 16, 371, 4, 3, 29, 17, 387, 4, 4, 30, 18, 557, 5, 5, 38,  , 30, 30, 23, 30, 23, 40, 23, 31, 30, 30, 23, 30, 30, 23, 38, 29, 30, 38,
http://espn.go.com/golf/player/scorecards/_/id/1762/year/2007/tournamentId/325/jaco-van-zyl,U.S. Bank Championship in Milwaukee,7/19-07/22,Round 1,Brown Deer Park GC - Milwaukee- WI,,2007, 1, 461, 4, 4, 30, 2, 417, 4, 5, 31, 3, 171, 3, 3, 23, 4, 485, 4, 4, 30, 5, 164, 3, 3, 23, 6, 556, 5, 6, 39, 7, 215, 3, 3, 23, 8, 436, 4, 4, 30, 9, 359, 4, 3, 29, 10, 447, 4, 4, 30, 11, 196, 3, 2, 22, 12, 381, 4, 4, 30, 13, 437, 4, 4, 30, 14, 188, 3, 4, 24, 15, 531, 5, 5, 38, 16, 371, 4, 4, 30, 17, 387, 4, 4, 30, 18, 557, 5, 6, 39,  , 30, 31, 23, 30, 23, 39, 23, 30, 29, 30, 22, 30, 30, 24, 38, 30, 30, 39,
http://espn.go.com/golf/player/scorecards/_/id/1762/year/2007/tournamentId/326/jaco-van-zyl,Canadian Open presented by Franklin Templeton Inve,7/26-07/29,Round 2,Angus Glen - Markham- Canada,,2007, 1, 598, 5, 5, 38, 2, 454, 4, 5, 31, 3, 400, 4, 3, 29, 4, 205, 3, 3, 23, 5, 490, 4, 5, 31, 6, 472, 4, 4, 30, 7, 417, 4, 4, 30, 8, 221, 3, 2, 22, 9, 370, 4, 4, 30, 10, 435, 4, 4, 30, 11, 536, 5, 4, 37, 12, 437, 4, 4, 30, 13, 420, 4, 5, 31, 14, 151, 3, 4, 24, 15, 583, 5, 6, 39, 16, 472, 4, 4, 30, 17, 204, 3, 3, 23, 18, 455, 4, 4, 30,  , 38, 31, 29, 23, 31, 30, 30, 22, 30, 30, 37, 30, 31, 24, 39, 30, 23, 30,
http://espn.go.com/golf/player/scorecards/_/id/1762/year/2007/tournamentId/326/jaco-van-zyl,Canadian Open presented by Franklin Templeton Inve,7/26-07/29,Round 1,Angus Glen - Markham- Canada,,2007, 1, 598, 5, 5, 38, 2, 454, 4, 5, 31, 3, 400, 4, 4, 30, 4, 205, 3, 4, 24, 5, 490, 4, 6, 32, 6, 472, 4, 4, 30, 7, 417, 4, 4, 30, 8, 221, 3, 4, 24, 9, 370, 4, 4, 30, 10, 435, 4, 4, 30, 11, 536, 5, 5, 38, 12, 437, 4, 4, 30, 13, 420, 4, 4, 30, 14, 151, 3, 3, 23, 15, 583, 5, 5, 38, 16, 472, 4, 5, 31, 17, 204, 3, 3, 23, 18, 455, 4, 5, 31,  , 38, 31, 30, 24, 32, 30, 30, 24, 30, 30, 38, 30, 30, 23, 38, 31, 23, 31,
http://espn.go.com/golf/player/scorecards/_/id/1762/year/2007/tournamentId/332/jaco-van-zyl,Reno-Tahoe Open,8/02-08/05,Round 4,Montreux G&CC - Reno- NV,,2007, 1, 494, 4, 4, 30, 2, 584, 5, 3, 36, 3, 186, 3, 5, 25, 4, 355, 4, 5, 31, 5, 491, 4, 4, 30, 6, 477, 4, 4, 30, 7, 183, 3, 4, 24, 8, 636, 5, 4, 37, 9, 429, 4, 5, 31, 10, 413, 4, 5, 31, 11, 171, 3, 5, 25, 12, 429, 4, 4, 30, 13, 518, 5, 4, 37, 14, 367, 4, 4, 30, 15, 439, 4, 5, 31, 16, 220, 3, 4, 24, 17, 464, 4, 4, 30, 18, 616, 5, 5, 38,  , 30, 36, 25, 31, 30, 30, 24, 37, 31, 31, 25, 30, 37, 30, 31, 24, 30, 38,
http://espn.go.com/golf/player/scorecards/_/id/1762/year/2007/tournamentId/332/jaco-van-zyl,Reno-Tahoe Open,8/02-08/05,Round 3,Montreux G&CC - Reno- NV,,2007, 1, 494, 4, 4, 30, 2, 584, 5, 4, 37, 3, 186, 3, 4, 24, 4, 355, 4, 4, 30, 5, 491, 4, 4, 30, 6, 477, 4, 4, 30, 7, 183, 3, 3, 23, 8, 636, 5, 5, 38, 9, 429, 4, 5, 31, 10, 413, 4, 7, 33, 11, 171, 3, 4, 24, 12, 429, 4, 2, 28, 13, 518, 5, 4, 37, 14, 367, 4, 4, 30, 15, 439, 4, 4, 30, 16, 220, 3, 3, 23, 17, 464, 4, 5, 31, 18, 616, 5, 4, 37,  , 30, 37, 24, 30, 30, 30, 23, 38, 31, 33, 24, 28, 37, 30, 30, 23, 31, 37,
http://espn.go.com/golf/player/scorecards/_/id/1762/year/2007/tournamentId/332/jaco-van-zyl,Reno-Tahoe Open,8/02-08/05,Round 2,Montreux G&CC - Reno- NV,,2007, 1, 494, 4, 5, 31, 2, 584, 5, 2, 35, 3, 186, 3, 5, 25, 4, 355, 4, 4, 30, 5, 491, 4, 4, 30, 6, 477, 4, 4, 30, 7, 183, 3, 3, 23, 8, 636, 5, 4, 37, 9, 429, 4, 5, 31, 10, 413, 4, 4, 30, 11, 171, 3, 5, 25, 12, 429, 4, 3, 29, 13, 518, 5, 5, 38, 14, 367, 4, 4, 30, 15, 439, 4, 5, 31, 16, 220, 3, 3, 23, 17, 464, 4, 5, 31, 18, 616, 5, 3, 36,  , 31, 35, 25, 30, 30, 30, 23, 37, 31, 30, 25, 29, 38, 30, 31, 23, 31, 36,
http://espn.go.com/golf/player/scorecards/_/id/1762/year/2007/tournamentId/332/jaco-van-zyl,Reno-Tahoe Open,8/02-08/05,Round 1,Montreux G&CC - Reno- NV,,2007, 1, 494, 4, 4, 30, 2, 584, 5, 3, 36, 3, 186, 3, 3, 23, 4, 355, 4, 4, 30, 5, 491, 4, 4, 30, 6, 477, 4, 4, 30, 7, 183, 3, 3, 23, 8, 636, 5, 5, 38, 9, 429, 4, 5, 31, 10, 413, 4, 5, 31, 11, 171, 3, 4, 24, 12, 429, 4, 3, 29, 13, 518, 5, 3, 36, 14, 367, 4, 4, 30, 15, 439, 4, 4, 30, 16, 220, 3, 3, 23, 17, 464, 4, 5, 31, 18, 616, 5, 5, 38,  , 30, 36, 23, 30, 30, 30, 23, 38, 31, 31, 24, 29, 36, 30, 30, 23, 31, 38,
http://espn.go.com/golf/player/scorecards/_/id/1762/year/2007/tournamentId/339/jaco-van-zyl,Wyndham Championship,8/16-08/19,Round 4,Forest Oaks - Greensboro- NC,,2007, 1, 375, 4, 4, 30, 2, 557, 5, 4, 37, 3, 443, 4, 4, 30, 4, 203, 3, 3, 23, 5, 360, 4, 4, 30, 6, 455, 4, 4, 30, 7, 376, 4, 3, 29, 8, 226, 3, 3, 23, 9, 584, 5, 4, 37, 10, 437, 4, 4, 30, 11, 442, 4, 4, 30, 12, 189, 3, 3, 23, 13, 529, 5, 4, 37, 14, 462, 4, 4, 30, 15, 555, 5, 4, 37, 16, 467, 4, 5, 31, 17, 222, 3, 3, 23, 18, 451, 4, 4, 30,  , 30, 37, 30, 23, 30, 30, 29, 23, 37, 30, 30, 23, 37, 30, 37, 31, 23, 30,
http://espn.go.com/golf/player/scorecards/_/id/1762/year/2007/tournamentId/339/jaco-van-zyl,Wyndham Championship,8/16-08/19,Round 3,Forest Oaks - Greensboro- NC,,2007, 1, 375, 4, 3, 29, 2, 557, 5, 3, 36, 3, 443, 4, 3, 29, 4, 203, 3, 2, 22, 5, 360, 4, 4, 30, 6, 455, 4, 4, 30, 7, 376, 4, 5, 31, 8, 226, 3, 3, 23, 9, 584, 5, 4, 37, 10, 437, 4, 4, 30, 11, 442, 4, 4, 30, 12, 189, 3, 3, 23, 13, 529, 5, 6, 39, 14, 462, 4, 5, 31, 15, 555, 5, 4, 37, 16, 467, 4, 4, 30, 17, 222, 3, 3, 23, 18, 451, 4, 5, 31,  , 29, 36, 29, 22, 30, 30, 31, 23, 37, 30, 30, 23, 39, 31, 37, 30, 23, 31,
http://espn.go.com/golf/player/scorecards/_/id/1762/year/2007/tournamentId/339/jaco-van-zyl,Wyndham Championship,8/16-08/19,Round 2,Forest Oaks - Greensboro- NC,,2007, 1, 375, 4, 3, 29, 2, 557, 5, 5, 38, 3, 443, 4, 4, 30, 4, 203, 3, 2, 22, 5, 360, 4, 4, 30, 6, 455, 4, 4, 30, 7, 376, 4, 4, 30, 8, 226, 3, 4, 24, 9, 584, 5, 4, 37, 10, 437, 4, 4, 30, 11, 442, 4, 5, 31, 12, 189, 3, 3, 23, 13, 529, 5, 5, 38, 14, 462, 4, 4, 30, 15, 555, 5, 4, 37, 16, 467, 4, 3, 29, 17, 222, 3, 3, 23, 18, 451, 4, 4, 30,  , 29, 38, 30, 22, 30, 30, 30, 24, 37, 30, 31, 23, 38, 30, 37, 29, 23, 30,
http://espn.go.com/golf/player/scorecards/_/id/1762/year/2007/tournamentId/339/jaco-van-zyl,Wyndham Championship,8/16-08/19,Round 1,Forest Oaks - Greensboro- NC,,2007, 1, 375, 4, 4, 30, 2, 557, 5, 5, 38, 3, 443, 4, 5, 31, 4, 203, 3, 3, 23, 5, 360, 4, 4, 30, 6, 455, 4, 4, 30, 7, 376, 4, 3, 29, 8, 226, 3, 3, 23, 9, 584, 5, 5, 38, 10, 437, 4, 4, 30, 11, 442, 4, 3, 29, 12, 189, 3, 4, 24, 13, 529, 5, 3, 36, 14, 462, 4, 4, 30, 15, 555, 5, 5, 38, 16, 467, 4, 5, 31, 17, 222, 3, 3, 23, 18, 451, 4, 3, 29,  , 30, 38, 31, 23, 30, 30, 29, 23, 38, 30, 29, 24, 36, 30, 38, 31, 23, 29,
http://espn.go.com/golf/player/scorecards/_/id/1762/year/2007/tournamentId/336/jaco-van-zyl,Turning Stone Resort Championship,9/20-09/23,Round 2,Atunyote Golf Club - Verona- NY,,2007, 1, 398, 4, 4, 30, 2, 447, 4, 5, 31, 3, 198, 3, 3, 23, 4, 414, 4, 4, 30, 5, 550, 5, 4, 37, 6, 185, 3, 3, 23, 7, 433, 4, 4, 30, 8, 576, 5, 5, 38, 9, 479, 4, 5, 31, 10, 422, 4, 4, 30, 11, 230, 3, 2, 22, 12, 580, 5, 5, 38, 13, 439, 4, 4, 30, 14, 410, 4, 4, 30, 15, 442, 4, 4, 30, 16, 177, 3, 3, 23, 17, 478, 4, 4, 30, 18, 624, 5, 5, 38,  , 30, 31, 23, 30, 37, 23, 30, 38, 31, 30, 22, 38, 30, 30, 30, 23, 30, 38,
http://espn.go.com/golf/player/scorecards/_/id/1762/year/2007/tournamentId/336/jaco-van-zyl,Turning Stone Resort Championship,9/20-09/23,Round 1,Atunyote Golf Club - Verona- NY,,2007, 1, 398, 4, 4, 30, 2, 447, 4, 4, 30, 3, 198, 3, 3, 23, 4, 414, 4, 4, 30, 5, 550, 5, 5, 38, 6, 185, 3, 3, 23, 7, 433, 4, 3, 29, 8, 576, 5, 5, 38, 9, 479, 4, 4, 30, 10, 422, 4, 4, 30, 11, 230, 3, 4, 24, 12, 580, 5, 4, 37, 13, 439, 4, 5, 31, 14, 410, 4, 4, 30, 15, 442, 4, 3, 29, 16, 177, 3, 3, 23, 17, 478, 4, 4, 30, 18, 624, 5, 5, 38,  , 30, 30, 23, 30, 38, 23, 29, 38, 30, 30, 24, 37, 31, 30, 29, 23, 30, 38,
http://espn.go.com/golf/player/scorecards/_/id/1762/year/2007/tournamentId/340/jaco-van-zyl,Viking Classic,9/27-09/30,Round 2,Annandale GC - Madison- MS,,2007, 1, 385, 4, 3, 29, 2, 213, 3, 3, 23, 3, 406, 4, 3, 29, 4, 465, 4, 4, 30, 5, 522, 5, 6, 39, 6, 424, 4, 4, 30, 7, 556, 5, 5, 38, 8, 209, 3, 3, 23, 9, 450, 4, 5, 31, 10, 410, 4, 4, 30, 11, 579, 5, 7, 40, 12, 171, 3, 3, 23, 13, 414, 4, 4, 30, 14, 473, 4, 5, 31, 15, 176, 3, 3, 23, 16, 408, 4, 5, 31, 17, 409, 4, 4, 30, 18, 532, 5, 5, 38,  , 29, 23, 29, 30, 39, 30, 38, 23, 31, 30, 40, 23, 30, 31, 23, 31, 30, 38,
http://espn.go.com/golf/player/scorecards/_/id/1762/year/2007/tournamentId/340/jaco-van-zyl,Viking Classic,9/27-09/30,Round 1,Annandale GC - Madison- MS,,2007, 1, 385, 4, 3, 29, 2, 213, 3, 3, 23, 3, 406, 4, 4, 30, 4, 465, 4, 4, 30, 5, 522, 5, 5, 38, 6, 424, 4, 4, 30, 7, 556, 5, 5, 38, 8, 209, 3, 3, 23, 9, 450, 4, 4, 30, 10, 410, 4, 4, 30, 11, 579, 5, 5, 38, 12, 171, 3, 3, 23, 13, 414, 4, 4, 30, 14, 473, 4, 4, 30, 15, 176, 3, 2, 22, 16, 408, 4, 4, 30, 17, 409, 4, 4, 30, 18, 532, 5, 5, 38,  , 29, 23, 30, 30, 38, 30, 38, 23, 30, 30, 38, 23, 30, 30, 22, 30, 30, 38,
http://espn.go.com/golf/player/scorecards/_/id/1762/year/2007/tournamentId/329/jaco-van-zyl,Valero Texas Open,0/04-10/07,Round 2,LaCantera GC - San Antonio- TX,,2007, 1, 665, 5, 5, 38, 2, 448, 4, 7, 33, 3, 202, 3, 3, 23, 4, 444, 4, 4, 30, 5, 494, 4, 4, 30, 6, 162, 3, 2, 22, 7, 316, 4, 3, 29, 8, 361, 4, 5, 31, 9, 380, 4, 4, 30, 10, 460, 4, 5, 31, 11, 427, 4, 5, 31, 12, 415, 4, 3, 29, 13, 142, 3, 3, 23, 14, 527, 5, 5, 38, 15, 446, 4, 4, 30, 16, 380, 4, 4, 30, 17, 186, 3, 2, 22, 18, 426, 4, 4, 30,  , 38, 33, 23, 30, 30, 22, 29, 31, 30, 31, 31, 29, 23, 38, 30, 30, 22, 30,
http://espn.go.com/golf/player/scorecards/_/id/1762/year/2007/tournamentId/329/jaco-van-zyl,Valero Texas Open,0/04-10/07,Round 1,LaCantera GC - San Antonio- TX,,2007, 1, 665, 5, 5, 38, 2, 448, 4, 4, 30, 3, 202, 3, 3, 23, 4, 444, 4, 4, 30, 5, 494, 4, 4, 30, 6, 162, 3, 4, 24, 7, 316, 4, 4, 30, 8, 361, 4, 3, 29, 9, 380, 4, 4, 30, 10, 460, 4, 3, 29, 11, 427, 4, 4, 30, 12, 415, 4, 5, 31, 13, 142, 3, 3, 23, 14, 527, 5, 5, 38, 15, 446, 4, 4, 30, 16, 380, 4, 4, 30, 17, 186, 3, 4, 24, 18, 426, 4, 4, 30,  , 38, 30, 23, 30, 30, 24, 30, 29, 30, 29, 30, 31, 23, 38, 30, 30, 24, 30,
http://espn.go.com/golf/player/scorecards/_/id/1762/year/2007/tournamentId/328/jaco-van-zyl,Frys.com Open benefiting Shriners Hospitals for Ch,0/11-10/14,Round 4 ,TPC Summerlin- TPC at The Canyons - Las Vegas- NV,TPC Summerlin,2007, 1, 408, 4, 3, 29, 2, 469, 4, 5, 31, 3, 492, 4, 4, 30, 4, 450, 4, 4, 30, 5, 197, 3, 4, 24, 6, 430, 4, 5, 31, 7, 382, 4, 4, 30, 8, 239, 3, 3, 23, 9, 563, 5, 4, 37, 10, 420, 4, 4, 30, 11, 448, 4, 4, 30, 12, 442, 4, 5, 31, 13, 606, 5, 5, 38, 14, 156, 3, 3, 23, 15, 341, 4, 4, 30, 16, 560, 5, 5, 38, 17, 196, 3, 3, 23, 18, 444, 4, 4, 30,  , 29, 31, 30, 30, 24, 31, 30, 23, 37, 30, 30, 31, 38, 23, 30, 38, 23, 30,
http://espn.go.com/golf/player/scorecards/_/id/1762/year/2007/tournamentId/328/jaco-van-zyl,Frys.com Open benefiting Shriners Hospitals for Ch,0/11-10/14,Round 3 ,TPC Summerlin- TPC at The Canyons - Las Vegas- NV,TPC Summerlin,2007, 1, 408, 4, 4, 30, 2, 469, 4, 7, 33, 3, 492, 4, 5, 31, 4, 450, 4, 4, 30, 5, 197, 3, 3, 23, 6, 430, 4, 5, 31, 7, 382, 4, 5, 31, 8, 239, 3, 3, 23, 9, 563, 5, 6, 39, 10, 420, 4, 6, 32, 11, 448, 4, 3, 29, 12, 442, 4, 4, 30, 13, 606, 5, 4, 37, 14, 156, 3, 3, 23, 15, 341, 4, 4, 30, 16, 560, 5, 6, 39, 17, 196, 3, 4, 24, 18, 444, 4, 4, 30,  , 30, 33, 31, 30, 23, 31, 31, 23, 39, 32, 29, 30, 37, 23, 30, 39, 24, 30,
http://espn.go.com/golf/player/scorecards/_/id/1762/year/2007/tournamentId/328/jaco-van-zyl,Frys.com Open benefiting Shriners Hospitals for Ch,0/11-10/14,Round 2 ,TPC Summerlin- TPC at The Canyons - Las Vegas- NV,TPC Summerlin,2007, 1, 408, 4, 3, 29, 2, 469, 4, 4, 30, 3, 492, 4, 5, 31, 4, 450, 4, 4, 30, 5, 197, 3, 3, 23, 6, 430, 4, 4, 30, 7, 382, 4, 4, 30, 8, 239, 3, 3, 23, 9, 563, 5, 5, 38, 10, 420, 4, 4, 30, 11, 448, 4, 4, 30, 12, 442, 4, 4, 30, 13, 606, 5, 4, 37, 14, 156, 3, 3, 23, 15, 341, 4, 4, 30, 16, 560, 5, 4, 37, 17, 196, 3, 3, 23, 18, 444, 4, 4, 30,  , 29, 30, 31, 30, 23, 30, 30, 23, 38, 30, 30, 30, 37, 23, 30, 37, 23, 30,
http://espn.go.com/golf/player/scorecards/_/id/1762/year/2007/tournamentId/328/jaco-van-zyl,Frys.com Open benefiting Shriners Hospitals for Ch,0/11-10/14,Round 1 ,TPC Summerlin- TPC at The Canyons - Las Vegas- NV,TPC at The Canyons,2007, 1, 359, 4, 4, 30, 2, 196, 3, 3, 23, 3, 466, 4, 4, 30, 4, 544, 5, 5, 38, 5, 378, 4, 4, 30, 6, 604, 5, 5, 38, 7, 209, 3, 3, 23, 8, 458, 4, 5, 31, 9, 349, 4, 3, 29, 10, 419, 4, 5, 31, 11, 444, 4, 4, 30, 12, 145, 3, 3, 23, 13, 423, 4, 3, 29, 14, 365, 4, 3, 29, 15, 612, 5, 6, 39, 16, 202, 3, 2, 22, 17, 443, 4, 4, 30, 18, 447, 4, 4, 30,  , 30, 23, 30, 38, 30, 38, 23, 31, 29, 31, 30, 23, 29, 29, 39, 22, 30, 30,
http://espn.go.com/golf/player/scorecards/_/id/1762/year/2007/tournamentId/337/jaco-van-zyl,Fry's Electronics Open,0/18-10/21,Round 2,Grayhawk Golf Club - Raptor - Scottsdale- AZ,,2007, 1, 413, 4, 3, 29, 2, 395, 4, 4, 30, 3, 460, 4, 5, 31, 4, 562, 5, 4, 37, 5, 203, 3, 4, 24, 6, 345, 4, 5, 31, 7, 498, 4, 4, 30, 8, 174, 3, 2, 22, 9, 464, 4, 4, 30, 10, 390, 4, 5, 31, 11, 572, 5, 5, 38, 12, 468, 4, 4, 30, 13, 230, 3, 3, 23, 14, 429, 4, 4, 30, 15, 332, 4, 3, 29, 16, 211, 3, 2, 22, 17, 464, 4, 4, 30, 18, 515, 4, 4, 30,  , 29, 30, 31, 37, 24, 31, 30, 22, 30, 31, 38, 30, 23, 30, 29, 22, 30, 30,
http://espn.go.com/golf/player/scorecards/_/id/1762/year/2007/tournamentId/337/jaco-van-zyl,Fry's Electronics Open,0/18-10/21,Round 1,Grayhawk Golf Club - Raptor - Scottsdale- AZ,,2007, 1, 413, 4, 5, 31, 2, 395, 4, 3, 29, 3, 460, 4, 4, 30, 4, 562, 5, 4, 37, 5, 203, 3, 4, 24, 6, 345, 4, 4, 30, 7, 498, 4, 4, 30, 8, 174, 3, 3, 23, 9, 464, 4, 4, 30, 10, 390, 4, 4, 30, 11, 572, 5, 5, 38, 12, 468, 4, 4, 30, 13, 230, 3, 4, 24, 14, 429, 4, 3, 29, 15, 332, 4, 4, 30, 16, 211, 3, 4, 24, 17, 464, 4, 4, 30, 18, 515, 4, 6, 32,  , 31, 29, 30, 37, 24, 30, 30, 23, 30, 30, 38, 30, 24, 29, 30, 24, 30, 32,
http://espn.go.com/golf/player/scorecards/_/id/1762/year/2007/tournamentId/409/jaco-van-zyl,Ginn sur Mer Classic at Tesoro,0/25-10/28,Round 2,Tesoro Club - Arnold Palmer Course - Port St. Lucie- FL,,2007, 1, 382, 4, 4, 30, 2, 551, 5, 4, 37, 3, 377, 4, 4, 30, 4, 222, 3, 3, 23, 5, 455, 4, 5, 31, 6, 408, 4, 3, 29, 7, 560, 5, 5, 38, 8, 424, 4, 5, 31, 9, 390, 4, 6, 32, 10, 417, 4, 4, 30, 11, 562, 5, 5, 38, 12, 214, 3, 3, 23, 13, 399, 4, 4, 30, 14, 432, 4, 3, 29, 15, 460, 4, 4, 30, 16, 502, 5, 4, 37, 17, 225, 3, 3, 23, 18, 401, 4, 4, 30,  , 30, 37, 30, 23, 31, 29, 38, 31, 32, 30, 38, 23, 30, 29, 30, 37, 23, 30,
http://espn.go.com/golf/player/scorecards/_/id/1762/year/2007/tournamentId/409/jaco-van-zyl,Ginn sur Mer Classic at Tesoro,0/25-10/28,Round 1,Tesoro Club - Arnold Palmer Course - Port St. Lucie- FL,,2007, 1, 382, 4, 3, 29, 2, 551, 5, 5, 38, 3, 377, 4, 3, 29, 4, 222, 3, 4, 24, 5, 455, 4, 4, 30, 6, 408, 4, 3, 29, 7, 560, 5, 5, 38, 8, 424, 4, 4, 30, 9, 390, 4, 4, 30, 10, 417, 4, 4, 30, 11, 562, 5, 5, 38, 12, 214, 3, 3, 23, 13, 399, 4, 3, 29, 14, 432, 4, 6, 32, 15, 460, 4, 4, 30, 16, 502, 5, 5, 38, 17, 225, 3, 4, 24, 18, 401, 4, 4, 30,  , 29, 38, 29, 24, 30, 29, 38, 30, 30, 30, 38, 23, 29, 32, 30, 38, 24, 30,
http://espn.go.com/golf/player/scorecards/_/id/1762/year/2007/tournamentId/342/jaco-van-zyl,Children's Miracle Network Classic presented by Wa,1/01-11/04,Round 2 ,Magnolia GC- Palm GC - Lake Buena Vista- FL,Magnolia GC,2007, 1, 428, 4, 4, 30, 2, 417, 4, 4, 30, 3, 170, 3, 3, 23, 4, 542, 5, 5, 38, 5, 492, 4, 5, 31, 6, 231, 3, 3, 23, 7, 422, 4, 4, 30, 8, 614, 5, 5, 38, 9, 500, 4, 5, 31, 10, 526, 5, 5, 38, 11, 399, 4, 3, 29, 12, 169, 3, 3, 23, 13, 384, 4, 4, 30, 14, 592, 5, 5, 38, 15, 203, 3, 4, 24, 16, 450, 4, 4, 30, 17, 485, 4, 4, 30, 18, 492, 4, 4, 30,  , 30, 30, 23, 38, 31, 23, 30, 38, 31, 38, 29, 23, 30, 38, 24, 30, 30, 30,
http://espn.go.com/golf/player/scorecards/_/id/1762/year/2007/tournamentId/342/jaco-van-zyl,Children's Miracle Network Classic presented by Wa,1/01-11/04,Round 1 ,Magnolia GC- Palm GC - Lake Buena Vista- FL,Palm GC,2007, 1, 498, 5, 5, 38, 2, 424, 4, 5, 31, 3, 167, 3, 3, 23, 4, 422, 4, 4, 30, 5, 410, 4, 4, 30, 6, 411, 4, 4, 30, 7, 524, 5, 4, 37, 8, 205, 3, 3, 23, 9, 380, 4, 4, 30, 10, 441, 4, 3, 29, 11, 544, 5, 4, 37, 12, 206, 3, 3, 23, 13, 358, 4, 4, 30, 14, 547, 5, 5, 38, 15, 422, 4, 5, 31, 16, 195, 3, 3, 23, 17, 399, 4, 4, 30, 18, 458, 4, 5, 31,  , 38, 31, 23, 30, 30, 30, 37, 23, 30, 29, 37, 23, 30, 38, 31, 23, 30, 31,
http://espn.go.com/golf/player/scorecards/_/id/1762/year/2010/tournamentId/846/jaco-van-zyl,WGC-HSBC Champions,1/03-11/07,Round 4,Sheshan International GC,,2010, 1, 459, 4, 4, 30, 2, 550, 5, 5, 38, 3, 362, 4, 3, 29, 4, 200, 3, 4, 24, 5, 456, 4, 4, 30, 6, 200, 3, 3, 23, 7, 346, 4, 4, 30, 8, 603, 5, 5, 38, 9, 486, 4, 3, 29, 10, 401, 4, 4, 30, 11, 456, 4, 4, 30, 12, 217, 3, 3, 23, 13, 411, 4, 5, 31, 14, 594, 5, 7, 40, 15, 487, 4, 4, 30, 16, 288, 4, 3, 29, 17, 212, 3, 3, 23, 18, 538, 5, 5, 38,  , 30, 38, 29, 24, 30, 23, 30, 38, 29, 30, 30, 23, 31, 40, 30, 29, 23, 38,
http://espn.go.com/golf/player/scorecards/_/id/1762/year/2010/tournamentId/846/jaco-van-zyl,WGC-HSBC Champions,1/03-11/07,Round 3,Sheshan International GC,,2010, 1, 459, 4, 4, 30, 2, 550, 5, 5, 38, 3, 362, 4, 3, 29, 4, 200, 3, 3, 23, 5, 456, 4, 4, 30, 6, 200, 3, 3, 23, 7, 346, 4, 4, 30, 8, 603, 5, 6, 39, 9, 486, 4, 4, 30, 10, 401, 4, 4, 30, 11, 456, 4, 4, 30, 12, 217, 3, 3, 23, 13, 411, 4, 4, 30, 14, 594, 5, 5, 38, 15, 487, 4, 4, 30, 16, 288, 4, 4, 30, 17, 212, 3, 3, 23, 18, 538, 5, 5, 38,  , 30, 38, 29, 23, 30, 23, 30, 39, 30, 30, 30, 23, 30, 38, 30, 30, 23, 38,
http://espn.go.com/golf/player/scorecards/_/id/1762/year/2010/tournamentId/846/jaco-van-zyl,WGC-HSBC Champions,1/03-11/07,Round 2,Sheshan International GC,,2010, 1, 459, 4, 3, 29, 2, 550, 5, 4, 37, 3, 362, 4, 4, 30, 4, 200, 3, 2, 22, 5, 456, 4, 3, 29, 6, 200, 3, 2, 22, 7, 346, 4, 4, 30, 8, 603, 5, 3, 36, 9, 486, 4, 4, 30, 10, 401, 4, 4, 30, 11, 456, 4, 5, 31, 12, 217, 3, 3, 23, 13, 411, 4, 3, 29, 14, 594, 5, 6, 39, 15, 487, 4, 5, 31, 16, 288, 4, 4, 30, 17, 212, 3, 3, 23, 18, 538, 5, 4, 37,  , 29, 37, 30, 22, 29, 22, 30, 36, 30, 30, 31, 23, 29, 39, 31, 30, 23, 37,
http://espn.go.com/golf/player/scorecards/_/id/1762/year/2010/tournamentId/846/jaco-van-zyl,WGC-HSBC Champions,1/03-11/07,Round 1,Sheshan International GC,,2010, 1, 459, 4, 4, 30, 2, 550, 5, 4, 37, 3, 362, 4, 3, 29, 4, 200, 3, 3, 23, 5, 456, 4, 4, 30, 6, 200, 3, 3, 23, 7, 346, 4, 5, 31, 8, 603, 5, 5, 38, 9, 486, 4, 5, 31, 10, 401, 4, 5, 31, 11, 456, 4, 3, 29, 12, 217, 3, 3, 23, 13, 411, 4, 4, 30, 14, 594, 5, 5, 38, 15, 487, 4, 4, 30, 16, 288, 4, 4, 30, 17, 212, 3, 3, 23, 18, 538, 5, 4, 37,  , 30, 37, 29, 23, 30, 23, 31, 38, 31, 31, 29, 23, 30, 38, 30, 30, 23, 37,
http://espn.go.com/golf/player/scorecards/_/id/1762/tournamentId/1200/jaco-van-zyl,U.S. Open Golf Championship,6/13-06/16,Round 2,Merion GC - Ardmore- PA,,2013, 1, 350, 4, 4, 30, 2, 556, 5, 4, 37, 3, 256, 3, 3, 23, 4, 628, 5, 5, 38, 5, 504, 4, 5, 31, 6, 487, 4, 4, 30, 7, 360, 4, 4, 30, 8, 359, 4, 4, 30, 9, 236, 3, 4, 24, 10, 303, 4, 6, 32, 11, 367, 4, 5, 31, 12, 403, 4, 4, 30, 13, 115, 3, 3, 23, 14, 464, 4, 4, 30, 15, 411, 4, 5, 31, 16, 430, 4, 4, 30, 17, 246, 3, 4, 24, 18, 521, 4, 5, 31,  , 30, 37, 23, 38, 31, 30, 30, 30, 24, 32, 31, 30, 23, 30, 31, 30, 24, 31,
http://espn.go.com/golf/player/scorecards/_/id/1762/tournamentId/1200/jaco-van-zyl,U.S. Open Golf Championship,6/13-06/16,Round 1,Merion GC - Ardmore- PA,,2013, 1, 350, 4, 4, 30, 2, 556, 5, 4, 37, 3, 256, 3, 4, 24, 4, 628, 5, 6, 39, 5, 504, 4, 4, 30, 6, 487, 4, 6, 32, 7, 360, 4, 4, 30, 8, 359, 4, 4, 30, 9, 236, 3, 3, 23, 10, 303, 4, 4, 30, 11, 367, 4, 4, 30, 12, 403, 4, 5, 31, 13, 115, 3, 3, 23, 14, 464, 4, 4, 30, 15, 411, 4, 3, 29, 16, 430, 4, 3, 29, 17, 246, 3, 3, 23, 18, 521, 4, 5, 31,  , 30, 37, 24, 39, 30, 32, 30, 30, 23, 30, 30, 31, 23, 30, 29, 29, 23, 31,
