http://espn.go.com/golf/player/scorecards/_/id/590/year/2004/tournamentId/169/rich-barcelo, Buick Classic - (06/10-06/13), 2004, 1, 190, 3, 4, 2, 384, 4, 4, 3, 408, 4, 4, 4, 419, 4, 4, 5, 575, 5, 5, 6, 151, 3, 4, 7, 350, 4, 4, 8, 471, 4, 4, 9, 505, 5, 5, 10, 314, 4, 4, 11, 447, 4, 4, 12, 485, 4, 4, 13, 410, 4, 4, 14, 154, 3, 3, 15, 462, 4, 4, 16, 214, 3, 2, 17, 374, 4, 4, 18, 526, 5, 5, 
http://espn.go.com/golf/player/scorecards/_/id/590/year/2004/tournamentId/169/rich-barcelo, Buick Classic - (06/10-06/13), 2004, 1, 190, 3, 5, 2, 384, 4, 6, 3, 408, 4, 4, 4, 419, 4, 4, 5, 575, 5, 4, 6, 151, 3, 2, 7, 350, 4, 3, 8, 471, 4, 4, 9, 505, 5, 7, 10, 314, 4, 3, 11, 447, 4, 5, 12, 485, 4, 5, 13, 410, 4, 4, 14, 154, 3, 3, 15, 462, 4, 4, 16, 214, 3, 4, 17, 374, 4, 4, 18, 526, 5, 5, 
http://espn.go.com/golf/player/scorecards/_/id/590/year/2004/tournamentId/167/rich-barcelo, Booz Allen Classic - (06/24-06/27), 2004, 1, 393, 4, 3, 2, 622, 5, 5, 3, 239, 3, 3, 4, 435, 4, 4, 5, 359, 4, 4, 6, 520, 5, 3, 7, 461, 4, 5, 8, 453, 4, 4, 9, 166, 3, 4, 10, 374, 4, 3, 11, 147, 3, 2, 12, 472, 4, 4, 13, 524, 5, 5, 14, 301, 4, 3, 15, 467, 4, 4, 16, 415, 4, 3, 17, 195, 3, 3, 18, 444, 4, 5, 
http://espn.go.com/golf/player/scorecards/_/id/590/year/2004/tournamentId/167/rich-barcelo, Booz Allen Classic - (06/24-06/27), 2004, 1, 393, 4, 4, 2, 622, 5, 5, 3, 239, 3, 3, 4, 435, 4, 4, 5, 359, 4, 4, 6, 520, 5, 4, 7, 461, 4, 3, 8, 453, 4, 5, 9, 166, 3, 3, 10, 374, 4, 4, 11, 147, 3, 3, 12, 472, 4, 4, 13, 524, 5, 5, 14, 301, 4, 3, 15, 467, 4, 4, 16, 415, 4, 4, 17, 195, 3, 3, 18, 444, 4, 4, 
http://espn.go.com/golf/player/scorecards/_/id/590/year/2004/tournamentId/167/rich-barcelo, Booz Allen Classic - (06/24-06/27), 2004, 1, 393, 4, 4, 2, 622, 5, 5, 3, 239, 3, 3, 4, 435, 4, 4, 5, 359, 4, 4, 6, 520, 5, 6, 7, 461, 4, 4, 8, 453, 4, 4, 9, 166, 3, 2, 10, 374, 4, 4, 11, 147, 3, 3, 12, 472, 4, 4, 13, 524, 5, 4, 14, 301, 4, 4, 15, 467, 4, 4, 16, 415, 4, 3, 17, 195, 3, 3, 18, 444, 4, 4, 
http://espn.go.com/golf/player/scorecards/_/id/590/year/2004/tournamentId/167/rich-barcelo, Booz Allen Classic - (06/24-06/27), 2004, 1, 393, 4, 4, 2, 622, 5, 5, 3, 239, 3, 3, 4, 435, 4, 4, 5, 359, 4, 4, 6, 520, 5, 4, 7, 461, 4, 4, 8, 453, 4, 4, 9, 166, 3, 3, 10, 374, 4, 4, 11, 147, 3, 3, 12, 472, 4, 4, 13, 524, 5, 5, 14, 301, 4, 4, 15, 467, 4, 5, 16, 415, 4, 5, 17, 195, 3, 3, 18, 444, 4, 3, 
http://espn.go.com/golf/player/scorecards/_/id/590/year/2004/tournamentId/173/rich-barcelo, Cialis Western Open - (07/01-07/04), 2004, 1, 462, 4, 5, 2, 228, 3, 5, 3, 446, 4, 5, 4, 465, 4, 5, 5, 509, 4, 5, 6, 244, 3, 4, 7, 434, 4, 5, 8, 383, 4, 3, 9, 615, 5, 4, 10, 386, 4, 5, 11, 610, 5, 5, 12, 221, 3, 3, 13, 486, 4, 4, 14, 218, 3, 3, 15, 526, 5, 5, 16, 459, 4, 3, 17, 427, 4, 4, 18, 497, 4, 4, 
http://espn.go.com/golf/player/scorecards/_/id/590/year/2004/tournamentId/173/rich-barcelo, Cialis Western Open - (07/01-07/04), 2004, 1, 462, 4, 4, 2, 228, 3, 3, 3, 446, 4, 4, 4, 465, 4, 4, 5, 509, 4, 4, 6, 244, 3, 4, 7, 434, 4, 4, 8, 383, 4, 4, 9, 615, 5, 5, 10, 386, 4, 4, 11, 610, 5, 4, 12, 221, 3, 4, 13, 486, 4, 4, 14, 218, 3, 3, 15, 526, 5, 5, 16, 459, 4, 4, 17, 427, 4, 4, 18, 497, 4, 4, 
http://espn.go.com/golf/player/scorecards/_/id/590/year/2004/tournamentId/182/rich-barcelo, John Deere Classic - (07/08-07/11), 2004, 1, 395, 4, 3, 2, 561, 5, 4, 3, 186, 3, 3, 4, 454, 4, 4, 5, 433, 4, 4, 6, 367, 4, 5, 7, 226, 3, 3, 8, 428, 4, 4, 9, 503, 4, 3, 10, 596, 5, 5, 11, 432, 4, 5, 12, 215, 3, 3, 13, 424, 4, 4, 14, 361, 4, 4, 15, 484, 4, 4, 16, 158, 3, 4, 17, 569, 5, 6, 18, 476, 4, 4, 
http://espn.go.com/golf/player/scorecards/_/id/590/year/2004/tournamentId/182/rich-barcelo, John Deere Classic - (07/08-07/11), 2004, 1, 395, 4, 4, 2, 561, 5, 6, 3, 186, 3, 3, 4, 454, 4, 4, 5, 433, 4, 4, 6, 367, 4, 4, 7, 226, 3, 2, 8, 428, 4, 4, 9, 503, 4, 5, 10, 596, 5, 4, 11, 432, 4, 4, 12, 215, 3, 3, 13, 424, 4, 4, 14, 361, 4, 4, 15, 484, 4, 4, 16, 158, 3, 4, 17, 569, 5, 5, 18, 476, 4, 3, 
http://espn.go.com/golf/player/scorecards/_/id/590/year/2004/tournamentId/180/rich-barcelo, U.S. Bank Championship in Milwaukee - (07/22-07/25), 2004, 1, 461, 4, 4, 2, 417, 4, 4, 3, 171, 3, 2, 4, 485, 4, 4, 5, 164, 3, 3, 6, 556, 5, 4, 7, 215, 3, 3, 8, 436, 4, 4, 9, 359, 4, 3, 10, 447, 4, 4, 11, 196, 3, 4, 12, 381, 4, 4, 13, 437, 4, 3, 14, 188, 3, 3, 15, 531, 5, 6, 16, 371, 4, 3, 17, 387, 4, 4, 18, 557, 5, 5, 
http://espn.go.com/golf/player/scorecards/_/id/590/year/2004/tournamentId/180/rich-barcelo, U.S. Bank Championship in Milwaukee - (07/22-07/25), 2004, 1, 461, 4, 4, 2, 417, 4, 4, 3, 171, 3, 4, 4, 485, 4, 5, 5, 164, 3, 3, 6, 556, 5, 4, 7, 215, 3, 3, 8, 436, 4, 4, 9, 359, 4, 4, 10, 447, 4, 4, 11, 196, 3, 4, 12, 381, 4, 5, 13, 437, 4, 4, 14, 188, 3, 3, 15, 531, 5, 6, 16, 371, 4, 4, 17, 387, 4, 4, 18, 557, 5, 5, 
http://espn.go.com/golf/player/scorecards/_/id/590/year/2004/tournamentId/180/rich-barcelo, U.S. Bank Championship in Milwaukee - (07/22-07/25), 2004, 1, 461, 4, 4, 2, 417, 4, 5, 3, 171, 3, 3, 4, 485, 4, 4, 5, 164, 3, 2, 6, 556, 5, 5, 7, 215, 3, 3, 8, 436, 4, 4, 9, 359, 4, 5, 10, 447, 4, 4, 11, 196, 3, 4, 12, 381, 4, 4, 13, 437, 4, 3, 14, 188, 3, 3, 15, 531, 5, 5, 16, 371, 4, 4, 17, 387, 4, 3, 18, 557, 5, 5, 
http://espn.go.com/golf/player/scorecards/_/id/590/year/2004/tournamentId/180/rich-barcelo, U.S. Bank Championship in Milwaukee - (07/22-07/25), 2004, 1, 461, 4, 5, 2, 417, 4, 4, 3, 171, 3, 2, 4, 485, 4, 4, 5, 164, 3, 3, 6, 556, 5, 4, 7, 215, 3, 3, 8, 436, 4, 5, 9, 359, 4, 4, 10, 447, 4, 3, 11, 196, 3, 3, 12, 381, 4, 3, 13, 437, 4, 4, 14, 188, 3, 2, 15, 531, 5, 5, 16, 371, 4, 4, 17, 387, 4, 4, 18, 557, 5, 6, 
http://espn.go.com/golf/player/scorecards/_/id/590/year/2004/tournamentId/176/rich-barcelo, Buick Open - (07/29-08/01), 2004, 1, 567, 5, 6, 2, 431, 4, 4, 3, 187, 3, 3, 4, 401, 4, 3, 5, 437, 4, 4, 6, 421, 4, 4, 7, 584, 5, 4, 8, 199, 3, 3, 9, 434, 4, 5, 10, 401, 4, 3, 11, 190, 3, 2, 12, 340, 4, 4, 13, 544, 5, 5, 14, 322, 4, 4, 15, 457, 4, 4, 16, 580, 5, 5, 17, 197, 3, 3, 18, 435, 4, 4, 
http://espn.go.com/golf/player/scorecards/_/id/590/year/2004/tournamentId/176/rich-barcelo, Buick Open - (07/29-08/01), 2004, 1, 567, 5, 5, 2, 431, 4, 4, 3, 187, 3, 3, 4, 401, 4, 4, 5, 437, 4, 3, 6, 421, 4, 4, 7, 584, 5, 5, 8, 199, 3, 4, 9, 434, 4, 5, 10, 401, 4, 4, 11, 190, 3, 3, 12, 340, 4, 4, 13, 544, 5, 4, 14, 322, 4, 4, 15, 457, 4, 3, 16, 580, 5, 4, 17, 197, 3, 3, 18, 435, 4, 4, 
http://espn.go.com/golf/player/scorecards/_/id/590/year/2004/tournamentId/176/rich-barcelo, Buick Open - (07/29-08/01), 2004, 1, 567, 5, 4, 2, 431, 4, 4, 3, 187, 3, 3, 4, 401, 4, 5, 5, 437, 4, 3, 6, 421, 4, 3, 7, 584, 5, 6, 8, 199, 3, 2, 9, 434, 4, 4, 10, 401, 4, 4, 11, 190, 3, 3, 12, 340, 4, 4, 13, 544, 5, 5, 14, 322, 4, 5, 15, 457, 4, 4, 16, 580, 5, 4, 17, 197, 3, 3, 18, 435, 4, 3, 
http://espn.go.com/golf/player/scorecards/_/id/590/year/2004/tournamentId/176/rich-barcelo, Buick Open - (07/29-08/01), 2004, 1, 567, 5, 4, 2, 431, 4, 4, 3, 187, 3, 3, 4, 401, 4, 4, 5, 437, 4, 3, 6, 421, 4, 4, 7, 584, 5, 4, 8, 199, 3, 4, 9, 434, 4, 4, 10, 401, 4, 5, 11, 190, 3, 3, 12, 340, 4, 5, 13, 544, 5, 4, 14, 322, 4, 4, 15, 457, 4, 3, 16, 580, 5, 5, 17, 197, 3, 3, 18, 435, 4, 4, 
http://espn.go.com/golf/player/scorecards/_/id/590/year/2004/tournamentId/178/rich-barcelo, The INTERNATIONAL - (08/05-08/08), 2004, 1, 644, 5, , 2, 408, 4, , 3, 462, 4, , 4, 230, 3, , 5, 477, 4, , 6, 417, 4, , 7, 185, 3, , 8, 570, 5, , 9, 458, 4, , 10, 485, 4, , 11, 197, 3, , 12, 440, 4, , 13, 439, 4, , 14, 623, 5, , 15, 403, 4, , 16, 209, 3, , 17, 492, 5, , 18, 480, 4, , 
http://espn.go.com/golf/player/scorecards/_/id/590/year/2004/tournamentId/178/rich-barcelo, The INTERNATIONAL - (08/05-08/08), 2004, 1, 644, 5, , 2, 408, 4, , 3, 462, 4, , 4, 230, 3, , 5, 477, 4, , 6, 417, 4, , 7, 185, 3, , 8, 570, 5, , 9, 458, 4, , 10, 485, 4, , 11, 197, 3, , 12, 440, 4, , 13, 439, 4, , 14, 623, 5, , 15, 403, 4, , 16, 209, 3, , 17, 492, 5, , 18, 480, 4, , 
http://espn.go.com/golf/player/scorecards/_/id/590/year/2004/tournamentId/190/rich-barcelo, Reno-Tahoe Open - (08/19-08/22), 2004, 1, 494, 4, 3, 2, 584, 5, 3, 3, 186, 3, 3, 4, 355, 4, 4, 5, 491, 4, 4, 6, 477, 4, 5, 7, 183, 3, 3, 8, 636, 5, 5, 9, 429, 4, 6, 10, 413, 4, 5, 11, 171, 3, 4, 12, 429, 4, 5, 13, 518, 5, 3, 14, 367, 4, 4, 15, 439, 4, 4, 16, 220, 3, 3, 17, 464, 4, 4, 18, 616, 5, 6, 
http://espn.go.com/golf/player/scorecards/_/id/590/year/2004/tournamentId/190/rich-barcelo, Reno-Tahoe Open - (08/19-08/22), 2004, 1, 494, 4, 4, 2, 584, 5, 3, 3, 186, 3, 4, 4, 355, 4, 5, 5, 491, 4, 5, 6, 477, 4, 4, 7, 183, 3, 3, 8, 636, 5, 6, 9, 429, 4, 4, 10, 413, 4, 3, 11, 171, 3, 5, 12, 429, 4, 4, 13, 518, 5, 4, 14, 367, 4, 5, 15, 439, 4, 4, 16, 220, 3, 3, 17, 464, 4, 5, 18, 616, 5, 4, 
http://espn.go.com/golf/player/scorecards/_/id/590/year/2004/tournamentId/172/rich-barcelo, Buick Championship - (08/26-08/29), 2004, 1, 434, 4, 5, 2, 341, 4, 4, 3, 431, 4, 4, 4, 481, 4, 4, 5, 223, 3, 4, 6, 574, 5, 4, 7, 443, 4, 4, 8, 202, 3, 3, 9, 406, 4, 3, 10, 462, 4, 3, 11, 158, 3, 3, 12, 411, 4, 5, 13, 523, 5, 5, 14, 421, 4, 7, 15, 296, 4, 4, 16, 171, 3, 3, 17, 433, 4, 4, 18, 444, 4, 5, 
http://espn.go.com/golf/player/scorecards/_/id/590/year/2004/tournamentId/172/rich-barcelo, Buick Championship - (08/26-08/29), 2004, 1, 434, 4, 4, 2, 341, 4, 4, 3, 431, 4, 4, 4, 481, 4, 4, 5, 223, 3, 3, 6, 574, 5, 5, 7, 443, 4, 4, 8, 202, 3, 4, 9, 406, 4, 4, 10, 462, 4, 5, 11, 158, 3, 3, 12, 411, 4, 3, 13, 523, 5, 5, 14, 421, 4, 4, 15, 296, 4, 5, 16, 171, 3, 4, 17, 433, 4, 3, 18, 444, 4, 4, 
http://espn.go.com/golf/player/scorecards/_/id/590/year/2004/tournamentId/193/rich-barcelo, Deutsche Bank Championship - (09/03-09/06), 2004, 1, 365, 4, 4, 2, 542, 5, 5, 3, 208, 3, 3, 4, 298, 4, 4, 5, 466, 4, 4, 6, 465, 4, 4, 7, 600, 5, 5, 8, 213, 3, 4, 9, 472, 4, 4, 10, 425, 4, 4, 11, 231, 3, 3, 12, 461, 4, 4, 13, 451, 4, 5, 14, 495, 4, 4, 15, 421, 4, 3, 16, 161, 3, 2, 17, 412, 4, 4, 18, 530, 5, 4, 
http://espn.go.com/golf/player/scorecards/_/id/590/year/2004/tournamentId/193/rich-barcelo, Deutsche Bank Championship - (09/03-09/06), 2004, 1, 365, 4, 4, 2, 542, 5, 5, 3, 208, 3, 4, 4, 298, 4, 4, 5, 466, 4, 4, 6, 465, 4, 4, 7, 600, 5, 6, 8, 213, 3, 2, 9, 472, 4, 5, 10, 425, 4, 4, 11, 231, 3, 3, 12, 461, 4, 3, 13, 451, 4, 4, 14, 495, 4, 5, 15, 421, 4, 5, 16, 161, 3, 3, 17, 412, 4, 4, 18, 530, 5, 5, 
http://espn.go.com/golf/player/scorecards/_/id/590/year/2004/tournamentId/181/rich-barcelo, Bell Canadian Open - (09/09-09/12), 2004, 1, 417, 4, 6, 2, 527, 5, 5, 3, 437, 4, 2, 4, 197, 3, 5, 5, 433, 4, 5, 6, 458, 4, 4, 7, 156, 3, 4, 8, 485, 4, 4, 9, 414, 4, 6, 10, 443, 4, 4, 11, 452, 4, 6, 12, 202, 3, 4, 13, 558, 5, 4, 14, 457, 4, 4, 15, 141, 3, 3, 16, 516, 5, 4, 17, 436, 4, 5, 18, 524, 5, 4, 
http://espn.go.com/golf/player/scorecards/_/id/590/year/2004/tournamentId/181/rich-barcelo, Bell Canadian Open - (09/09-09/12), 2004, 1, 417, 4, 4, 2, 527, 5, 5, 3, 437, 4, 4, 4, 197, 3, 4, 5, 433, 4, 4, 6, 458, 4, 4, 7, 156, 3, 3, 8, 485, 4, 5, 9, 414, 4, 3, 10, 443, 4, 4, 11, 452, 4, 4, 12, 202, 3, 4, 13, 558, 5, 4, 14, 457, 4, 6, 15, 141, 3, 3, 16, 516, 5, 4, 17, 436, 4, 5, 18, 524, 5, 5, 
http://espn.go.com/golf/player/scorecards/_/id/590/year/2004/tournamentId/184/rich-barcelo, Valero Texas Open - (09/16-09/19), 2004, 1, 665, 5, 4, 2, 448, 4, 5, 3, 202, 3, 5, 4, 444, 4, 5, 5, 494, 4, 4, 6, 162, 3, 3, 7, 316, 4, 4, 8, 361, 4, 4, 9, 380, 4, 3, 10, 460, 4, 3, 11, 427, 4, 6, 12, 415, 4, 4, 13, 142, 3, 3, 14, 527, 5, 5, 15, 446, 4, 4, 16, 380, 4, 5, 17, 186, 3, 3, 18, 426, 4, 5, 
http://espn.go.com/golf/player/scorecards/_/id/590/year/2004/tournamentId/184/rich-barcelo, Valero Texas Open - (09/16-09/19), 2004, 1, 665, 5, 5, 2, 448, 4, 4, 3, 202, 3, 3, 4, 444, 4, 5, 5, 494, 4, 4, 6, 162, 3, 3, 7, 316, 4, 3, 8, 361, 4, 5, 9, 380, 4, 5, 10, 460, 4, 5, 11, 427, 4, 4, 12, 415, 4, 4, 13, 142, 3, 3, 14, 527, 5, 4, 15, 446, 4, 4, 16, 380, 4, 4, 17, 186, 3, 3, 18, 426, 4, 4, 
http://espn.go.com/golf/player/scorecards/_/id/590/year/2004/tournamentId/194/rich-barcelo, Michelin Championship at Las Vegas - (10/07-10/10), 2004, 1, 408, 4, 4, 2, 469, 4, 4, 3, 492, 4, 4, 4, 450, 4, 3, 5, 197, 3, 3, 6, 430, 4, 4, 7, 382, 4, 3, 8, 239, 3, 3, 9, 563, 5, 4, 10, 420, 4, 5, 11, 448, 4, 4, 12, 442, 4, 4, 13, 606, 5, 4, 14, 156, 3, 4, 15, 341, 4, 3, 16, 560, 5, 5, 17, 196, 3, 3, 18, 444, 4, 4, 
http://espn.go.com/golf/player/scorecards/_/id/590/year/2004/tournamentId/194/rich-barcelo, Michelin Championship at Las Vegas - (10/07-10/10), 2004, 1, 408, 4, 3, 2, 535, 5, 5, 3, 413, 4, 4, 4, 255, 3, 4, 5, 438, 4, 4, 6, 396, 4, 6, 7, 200, 3, 3, 8, 600, 5, 4, 9, 453, 4, 5, 10, 403, 4, 3, 11, 350, 4, 4, 12, 528, 5, 4, 13, 153, 3, 4, 14, 467, 4, 4, 15, 233, 3, 2, 16, 413, 4, 4, 17, 532, 5, 5, 18, 450, 4, 4, 
http://espn.go.com/golf/player/scorecards/_/id/590/year/2004/tournamentId/194/rich-barcelo, Michelin Championship at Las Vegas - (10/07-10/10), 2004, 1, 408, 4, 4, 2, 469, 4, 4, 3, 492, 4, 3, 4, 450, 4, 5, 5, 197, 3, 2, 6, 430, 4, 4, 7, 382, 4, 4, 8, 239, 3, 3, 9, 563, 5, 5, 10, 420, 4, 4, 11, 448, 4, 3, 12, 442, 4, 3, 13, 606, 5, 5, 14, 156, 3, 3, 15, 341, 4, 3, 16, 560, 5, 4, 17, 196, 3, 4, 18, 444, 4, 3, 
http://espn.go.com/golf/player/scorecards/_/id/590/year/2004/tournamentId/194/rich-barcelo, Michelin Championship at Las Vegas - (10/07-10/10), 2004, 1, 359, 4, 4, 2, 196, 3, 3, 3, 466, 4, 4, 4, 544, 5, 6, 5, 378, 4, 4, 6, 604, 5, 4, 7, 209, 3, 3, 8, 458, 4, 4, 9, 349, 4, 3, 10, 419, 4, 4, 11, 444, 4, 4, 12, 145, 3, 3, 13, 423, 4, 4, 14, 365, 4, 3, 15, 612, 5, 5, 16, 202, 3, 3, 17, 443, 4, 4, 18, 447, 4, 4, 
http://espn.go.com/golf/player/scorecards/_/id/590/year/2004/tournamentId/163/rich-barcelo, Chrysler Classic of Greensboro - (10/14-10/17), 2004, 1, 375, 4, 4, 2, 557, 5, 5, 3, 443, 4, 4, 4, 203, 3, 3, 5, 360, 4, 6, 6, 455, 4, 3, 7, 376, 4, 5, 8, 226, 3, 3, 9, 584, 5, 6, 10, 437, 4, 4, 11, 442, 4, 4, 12, 189, 3, 3, 13, 529, 5, 5, 14, 462, 4, 5, 15, 555, 5, 5, 16, 467, 4, 4, 17, 222, 3, 3, 18, 451, 4, 4, 
http://espn.go.com/golf/player/scorecards/_/id/590/year/2004/tournamentId/163/rich-barcelo, Chrysler Classic of Greensboro - (10/14-10/17), 2004, 1, 375, 4, 4, 2, 557, 5, 5, 3, 443, 4, 4, 4, 203, 3, 2, 5, 360, 4, 4, 6, 455, 4, 4, 7, 376, 4, 4, 8, 226, 3, 4, 9, 584, 5, 5, 10, 437, 4, 4, 11, 442, 4, 5, 12, 189, 3, 2, 13, 529, 5, 5, 14, 462, 4, 4, 15, 555, 5, 4, 16, 467, 4, 3, 17, 222, 3, 4, 18, 451, 4, 3, 
http://espn.go.com/golf/player/scorecards/_/id/590/year/2005/tournamentId/197/rich-barcelo, Chrysler Classic of Tucson - (02/24-02/27), 2005, 1, 410, 4, 3, 2, 495, 5, 5, 3, 377, 4, 4, 4, 170, 3, 3, 5, 395, 4, 4, 6, 426, 4, 4, 7, 247, 3, 3, 8, 587, 5, 4, 9, 440, 4, 4, 10, 501, 5, 4, 11, 431, 4, 6, 12, 182, 3, 3, 13, 406, 4, 5, 14, 405, 4, 4, 15, 663, 5, 4, 16, 427, 4, 4, 17, 186, 3, 3, 18, 465, 4, 6, 
http://espn.go.com/golf/player/scorecards/_/id/590/year/2005/tournamentId/197/rich-barcelo, Chrysler Classic of Tucson - (02/24-02/27), 2005, 1, 410, 4, 4, 2, 495, 5, 4, 3, 377, 4, 3, 4, 170, 3, 3, 5, 395, 4, 4, 6, 426, 4, 5, 7, 247, 3, 4, 8, 587, 5, 4, 9, 440, 4, 5, 10, 501, 5, 4, 11, 431, 4, 4, 12, 182, 3, 3, 13, 406, 4, 4, 14, 405, 4, 3, 15, 663, 5, 5, 16, 427, 4, 3, 17, 186, 3, 3, 18, 465, 4, 4, 
http://espn.go.com/golf/player/scorecards/_/id/590/year/2005/tournamentId/223/rich-barcelo, British Open Championship - (07/14-07/17), 2005, 1, 376, 4, 4, 2, 453, 4, 3, 3, 397, 4, 3, 4, 480, 4, 4, 5, 568, 5, 4, 6, 412, 4, 4, 7, 371, 4, 3, 8, 175, 3, 3, 9, 352, 4, 4, 10, 386, 4, 4, 11, 174, 3, 3, 12, 348, 4, 4, 13, 465, 4, 4, 14, 618, 5, 4, 15, 455, 4, 4, 16, 423, 4, 7, 17, 495, 4, 5, 18, 357, 4, 4, 
http://espn.go.com/golf/player/scorecards/_/id/590/year/2005/tournamentId/223/rich-barcelo, British Open Championship - (07/14-07/17), 2005, 1, 376, 4, 5, 2, 453, 4, 5, 3, 397, 4, 4, 4, 480, 4, 5, 5, 568, 5, 5, 6, 412, 4, 4, 7, 371, 4, 4, 8, 175, 3, 4, 9, 352, 4, 4, 10, 386, 4, 4, 11, 174, 3, 3, 12, 348, 4, 4, 13, 465, 4, 4, 14, 618, 5, 5, 15, 455, 4, 5, 16, 423, 4, 4, 17, 495, 4, 7, 18, 357, 4, 4, 
http://espn.go.com/golf/player/scorecards/_/id/590/year/2005/tournamentId/241/rich-barcelo, Reno-Tahoe Open - (08/18-08/21), 2005, 1, 494, 4, 4, 2, 584, 5, 3, 3, 186, 3, 4, 4, 355, 4, 5, 5, 491, 4, 4, 6, 477, 4, 4, 7, 183, 3, 2, 8, 636, 5, 4, 9, 429, 4, 5, 10, 413, 4, 5, 11, 171, 3, 4, 12, 429, 4, 3, 13, 518, 5, 4, 14, 367, 4, 4, 15, 439, 4, 5, 16, 220, 3, 3, 17, 464, 4, 5, 18, 616, 5, 4, 
http://espn.go.com/golf/player/scorecards/_/id/590/year/2005/tournamentId/241/rich-barcelo, Reno-Tahoe Open - (08/18-08/21), 2005, 1, 494, 4, 4, 2, 584, 5, 3, 3, 186, 3, 4, 4, 355, 4, 5, 5, 491, 4, 4, 6, 477, 4, 4, 7, 183, 3, 3, 8, 636, 5, 4, 9, 429, 4, 6, 10, 413, 4, 5, 11, 171, 3, 5, 12, 429, 4, 3, 13, 518, 5, 3, 14, 367, 4, 5, 15, 439, 4, 5, 16, 220, 3, 3, 17, 464, 4, 4, 18, 616, 5, 3, 
http://espn.go.com/golf/player/scorecards/_/id/590/year/2005/tournamentId/241/rich-barcelo, Reno-Tahoe Open - (08/18-08/21), 2005, 1, 494, 4, 3, 2, 584, 5, 2, 3, 186, 3, 3, 4, 355, 4, 4, 5, 491, 4, 4, 6, 477, 4, 3, 7, 183, 3, 3, 8, 636, 5, 4, 9, 429, 4, 4, 10, 413, 4, 4, 11, 171, 3, 4, 12, 429, 4, 3, 13, 518, 5, 4, 14, 367, 4, 4, 15, 439, 4, 3, 16, 220, 3, 4, 17, 464, 4, 5, 18, 616, 5, 4, 
http://espn.go.com/golf/player/scorecards/_/id/590/year/2005/tournamentId/241/rich-barcelo, Reno-Tahoe Open - (08/18-08/21), 2005, 1, 494, 4, 4, 2, 584, 5, 2, 3, 186, 3, 5, 4, 355, 4, 5, 5, 491, 4, 4, 6, 477, 4, 5, 7, 183, 3, 3, 8, 636, 5, 5, 9, 429, 4, 4, 10, 413, 4, 4, 11, 171, 3, 5, 12, 429, 4, 2, 13, 518, 5, 3, 14, 367, 4, 7, 15, 439, 4, 4, 16, 220, 3, 4, 17, 464, 4, 5, 18, 616, 5, 4, 
http://espn.go.com/golf/player/scorecards/_/id/590/year/2006/tournamentId/249/rich-barcelo, Chrysler Classic of Tucson - (02/23-02/26), 2006, 1, 410, 4, 4, 2, 495, 5, 4, 3, 377, 4, 4, 4, 170, 3, 3, 5, 395, 4, 3, 6, 426, 4, 4, 7, 247, 3, 3, 8, 587, 5, 5, 9, 440, 4, 4, 10, 501, 5, 4, 11, 431, 4, 4, 12, 182, 3, 3, 13, 406, 4, 3, 14, 405, 4, 3, 15, 663, 5, 5, 16, 427, 4, 4, 17, 186, 3, 2, 18, 465, 4, 7, 
http://espn.go.com/golf/player/scorecards/_/id/590/year/2006/tournamentId/249/rich-barcelo, Chrysler Classic of Tucson - (02/23-02/26), 2006, 1, 410, 4, 4, 2, 495, 5, 6, 3, 377, 4, 4, 4, 170, 3, 3, 5, 395, 4, 4, 6, 426, 4, 4, 7, 247, 3, 4, 8, 587, 5, 5, 9, 440, 4, 5, 10, 501, 5, 4, 11, 431, 4, 4, 12, 182, 3, 3, 13, 406, 4, 3, 14, 405, 4, 4, 15, 663, 5, 5, 16, 427, 4, 5, 17, 186, 3, 3, 18, 465, 4, 4, 
http://espn.go.com/golf/player/scorecards/_/id/590/year/2007/tournamentId/302/rich-barcelo, Sony Open in Hawaii - (01/11-01/14), 2007, 1, 480, 4, 3, 2, 423, 4, 5, 3, 422, 4, 5, 4, 204, 3, 4, 5, 467, 4, 4, 6, 460, 4, 4, 7, 176, 3, 3, 8, 454, 4, 5, 9, 506, 5, 4, 10, 351, 4, 5, 11, 194, 3, 4, 12, 440, 4, 4, 13, 477, 4, 4, 14, 430, 4, 4, 15, 398, 4, 4, 16, 417, 4, 3, 17, 194, 3, 3, 18, 551, 5, 4, 
http://espn.go.com/golf/player/scorecards/_/id/590/year/2007/tournamentId/302/rich-barcelo, Sony Open in Hawaii - (01/11-01/14), 2007, 1, 480, 4, 5, 2, 423, 4, 4, 3, 422, 4, 4, 4, 204, 3, 3, 5, 467, 4, 4, 6, 460, 4, 5, 7, 176, 3, 4, 8, 454, 4, 4, 9, 506, 5, 4, 10, 351, 4, 4, 11, 194, 3, 3, 12, 440, 4, 4, 13, 477, 4, 5, 14, 430, 4, 4, 15, 398, 4, 4, 16, 417, 4, 4, 17, 194, 3, 3, 18, 551, 5, 4, 
http://espn.go.com/golf/player/scorecards/_/id/590/year/2007/tournamentId/298/rich-barcelo, Bob Hope Chrysler Classic - (01/17-01/21), 2007, 1, 416, 4, 4, 2, 477, 4, 3, 3, 408, 4, 4, 4, 180, 3, 4, 5, 443, 4, 4, 6, 568, 5, 3, 7, 419, 4, 4, 8, 220, 3, 5, 9, 595, 5, 6, 10, 474, 4, 4, 11, 459, 4, 3, 12, 162, 3, 4, 13, 399, 4, 5, 14, 560, 5, 6, 15, 349, 4, 3, 16, 436, 4, 5, 17, 176, 3, 4, 18, 564, 5, 6, 
http://espn.go.com/golf/player/scorecards/_/id/590/year/2007/tournamentId/298/rich-barcelo, Bob Hope Chrysler Classic - (01/17-01/21), 2007, 1, 426, 4, 3, 2, 514, 5, 5, 3, 180, 3, 3, 4, 396, 4, 3, 5, 233, 3, 3, 6, 562, 5, 3, 7, 439, 4, 4, 8, 358, 4, 3, 9, 461, 4, 4, 10, 453, 4, 4, 11, 512, 5, 4, 12, 207, 3, 3, 13, 447, 4, 5, 14, 569, 5, 5, 15, 156, 3, 3, 16, 364, 4, 3, 17, 130, 3, 3, 18, 543, 5, 5, 
http://espn.go.com/golf/player/scorecards/_/id/590/year/2007/tournamentId/298/rich-barcelo, Bob Hope Chrysler Classic - (01/17-01/21), 2007, 1, 382, 4, 4, 2, 434, 4, 4, 3, 202, 3, 3, 4, 384, 4, 5, 5, 516, 5, 5, 6, 527, 5, 4, 7, 168, 3, 3, 8, 389, 4, 4, 9, 399, 4, 5, 10, 405, 4, 5, 11, 543, 5, 4, 12, 202, 3, 3, 13, 547, 5, 5, 14, 469, 4, 4, 15, 206, 3, 4, 16, 454, 4, 4, 17, 421, 4, 4, 18, 412, 4, 4, 
http://espn.go.com/golf/player/scorecards/_/id/590/year/2007/tournamentId/298/rich-barcelo, Bob Hope Chrysler Classic - (01/17-01/21), 2007, 1, 541, 5, 4, 2, 427, 4, 5, 3, 395, 4, 4, 4, 228, 3, 3, 5, 435, 4, 5, 6, 371, 4, 4, 7, 176, 3, 3, 8, 540, 5, 4, 9, 390, 4, 4, 10, 414, 4, 4, 11, 402, 4, 4, 12, 160, 3, 3, 13, 564, 5, 4, 14, 390, 4, 4, 15, 404, 4, 4, 16, 451, 4, 4, 17, 215, 3, 3, 18, 514, 5, 4, 
http://espn.go.com/golf/player/scorecards/_/id/590/year/2007/tournamentId/298/rich-barcelo, Bob Hope Chrysler Classic - (01/17-01/21), 2007, 1, 416, 4, 4, 2, 477, 4, 3, 3, 408, 4, 4, 4, 180, 3, 4, 5, 443, 4, 3, 6, 568, 5, 2, 7, 419, 4, 6, 8, 220, 3, 4, 9, 595, 5, 4, 10, 474, 4, 4, 11, 459, 4, 5, 12, 162, 3, 3, 13, 399, 4, 4, 14, 560, 5, 5, 15, 349, 4, 4, 16, 436, 4, 6, 17, 176, 3, 2, 18, 564, 5, 5, 
http://espn.go.com/golf/player/scorecards/_/id/590/year/2007/tournamentId/301/rich-barcelo, Buick Invitational - (01/25-01/28), 2007, 1, 450, 4, 4, 2, 389, 4, 5, 3, 200, 3, 4, 4, 488, 4, 3, 5, 454, 4, 4, 6, 560, 5, 4, 7, 462, 4, 6, 8, 176, 3, 3, 9, 614, 5, 5, 10, 416, 4, 4, 11, 221, 3, 4, 12, 504, 4, 5, 13, 614, 5, 5, 14, 437, 4, 4, 15, 478, 4, 4, 16, 223, 3, 3, 17, 442, 4, 4, 18, 570, 5, 5, 
http://espn.go.com/golf/player/scorecards/_/id/590/year/2007/tournamentId/301/rich-barcelo, Buick Invitational - (01/25-01/28), 2007, 1, 450, 4, 4, 2, 389, 4, 4, 3, 200, 3, 3, 4, 488, 4, 4, 5, 454, 4, 4, 6, 560, 5, 4, 7, 462, 4, 5, 8, 176, 3, 4, 9, 614, 5, 4, 10, 416, 4, 4, 11, 221, 3, 3, 12, 504, 4, 5, 13, 614, 5, 5, 14, 437, 4, 3, 15, 478, 4, 4, 16, 223, 3, 3, 17, 442, 4, 4, 18, 570, 5, 4, 
http://espn.go.com/golf/player/scorecards/_/id/590/year/2007/tournamentId/301/rich-barcelo, Buick Invitational - (01/25-01/28), 2007, 1, 519, 5, 4, 2, 329, 4, 4, 3, 179, 3, 3, 4, 434, 4, 4, 5, 411, 4, 4, 6, 205, 3, 3, 7, 399, 4, 3, 8, 436, 4, 4, 9, 547, 5, 4, 10, 417, 4, 4, 11, 490, 4, 4, 12, 240, 3, 3, 13, 471, 4, 4, 14, 523, 5, 4, 15, 397, 4, 4, 16, 366, 4, 4, 17, 174, 3, 3, 18, 516, 5, 5, 
http://espn.go.com/golf/player/scorecards/_/id/590/year/2007/tournamentId/301/rich-barcelo, Buick Invitational - (01/25-01/28), 2007, 1, 450, 4, 4, 2, 389, 4, 3, 3, 200, 3, 3, 4, 488, 4, 5, 5, 454, 4, 4, 6, 560, 5, 5, 7, 462, 4, 4, 8, 176, 3, 3, 9, 614, 5, 5, 10, 416, 4, 4, 11, 221, 3, 2, 12, 504, 4, 4, 13, 614, 5, 5, 14, 437, 4, 4, 15, 478, 4, 4, 16, 223, 3, 3, 17, 442, 4, 4, 18, 570, 5, 4, 
http://espn.go.com/golf/player/scorecards/_/id/590/year/2007/tournamentId/299/rich-barcelo, FBR Open - (02/01-02/04), 2007, 1, 410, 4, 4, 2, 416, 4, 4, 3, 554, 5, 4, 4, 175, 3, 4, 5, 453, 4, 4, 6, 436, 4, 4, 7, 215, 3, 4, 8, 470, 4, 4, 9, 464, 4, 4, 10, 403, 4, 4, 11, 469, 4, 4, 12, 195, 3, 3, 13, 595, 5, 5, 14, 477, 4, 3, 15, 552, 5, 4, 16, 162, 3, 2, 17, 332, 4, 5, 18, 438, 4, 6, 
http://espn.go.com/golf/player/scorecards/_/id/590/year/2007/tournamentId/300/rich-barcelo, AT&T Pebble Beach National Pro-Am - (02/08-02/11), 2007, 1, 413, 4, 4, 2, 172, 3, 3, 3, 406, 4, 4, 4, 603, 5, 5, 5, 428, 4, 4, 6, 180, 3, 4, 7, 395, 4, 4, 8, 383, 4, 4, 9, 555, 5, 4, 10, 516, 5, 4, 11, 210, 3, 3, 12, 531, 5, 5, 13, 396, 4, 4, 14, 415, 4, 4, 15, 230, 3, 3, 16, 439, 4, 4, 17, 170, 3, 3, 18, 502, 5, 5, 
http://espn.go.com/golf/player/scorecards/_/id/590/year/2007/tournamentId/299/rich-barcelo, FBR Open - (02/01-02/04), 2007, 1, 410, 4, 4, 2, 416, 4, 4, 3, 554, 5, 5, 4, 175, 3, 3, 5, 453, 4, 3, 6, 436, 4, 4, 7, 215, 3, 4, 8, 470, 4, 4, 9, 464, 4, 4, 10, 403, 4, 4, 11, 469, 4, 5, 12, 195, 3, 3, 13, 595, 5, 5, 14, 477, 4, 5, 15, 552, 5, 5, 16, 162, 3, 3, 17, 332, 4, 4, 18, 438, 4, 3, 
http://espn.go.com/golf/player/scorecards/_/id/590/year/2007/tournamentId/300/rich-barcelo, AT&T Pebble Beach National Pro-Am - (02/08-02/11), 2007, 1, 595, 5, 5, 2, 349, 4, 4, 3, 165, 3, 3, 4, 370, 4, 4, 5, 197, 3, 4, 6, 446, 4, 5, 7, 529, 5, 5, 8, 399, 4, 5, 9, 431, 4, 4, 10, 407, 4, 4, 11, 528, 5, 4, 12, 178, 3, 3, 13, 460, 4, 6, 14, 560, 5, 4, 15, 130, 3, 3, 16, 476, 4, 4, 17, 325, 4, 3, 18, 408, 4, 4, 
http://espn.go.com/golf/player/scorecards/_/id/590/year/2007/tournamentId/300/rich-barcelo, AT&T Pebble Beach National Pro-Am - (02/08-02/11), 2007, 1, 381, 4, 3, 2, 502, 5, 5, 3, 390, 4, 6, 4, 331, 4, 6, 5, 188, 3, 4, 6, 513, 5, 5, 7, 106, 3, 5, 8, 418, 4, 4, 9, 466, 4, 4, 10, 446, 4, 5, 11, 380, 4, 4, 12, 202, 3, 3, 13, 399, 4, 4, 14, 573, 5, 5, 15, 397, 4, 5, 16, 403, 4, 4, 17, 178, 3, 2, 18, 543, 5, 4, 
http://espn.go.com/golf/player/scorecards/_/id/590/year/2007/tournamentId/303/rich-barcelo, Nissan Open - (02/15-02/18), 2007, 1, 503, 5, 4, 2, 471, 4, 3, 3, 434, 4, 5, 4, 236, 3, 3, 5, 434, 4, 4, 6, 199, 3, 2, 7, 408, 4, 4, 8, 460, 4, 3, 9, 458, 4, 5, 10, 315, 4, 4, 11, 583, 5, 4, 12, 479, 4, 4, 13, 459, 4, 4, 14, 192, 3, 3, 15, 487, 4, 4, 16, 166, 3, 3, 17, 590, 5, 5, 18, 475, 4, 5, 
http://espn.go.com/golf/player/scorecards/_/id/590/year/2007/tournamentId/303/rich-barcelo, Nissan Open - (02/15-02/18), 2007, 1, 503, 5, 4, 2, 471, 4, 5, 3, 434, 4, 6, 4, 236, 3, 3, 5, 434, 4, 4, 6, 199, 3, 3, 7, 408, 4, 4, 8, 460, 4, 6, 9, 458, 4, 4, 10, 315, 4, 4, 11, 583, 5, 4, 12, 479, 4, 5, 13, 459, 4, 4, 14, 192, 3, 3, 15, 487, 4, 5, 16, 166, 3, 3, 17, 590, 5, 5, 18, 475, 4, 5, 
http://espn.go.com/golf/player/scorecards/_/id/590/year/2007/tournamentId/335/rich-barcelo, Mayakoba Golf Classic at Riviera Maya-Cancun - (02/22-02/25), 2007, 1, 438, 4, 5, 2, 428, 4, 3, 3, 389, 4, 4, 4, 116, 3, 4, 5, 554, 5, 4, 6, 416, 4, 4, 7, 554, 5, 3, 8, 151, 3, 4, 9, 462, 4, 4, 10, 200, 3, 3, 11, 360, 4, 3, 12, 451, 4, 4, 13, 532, 5, 5, 14, 452, 4, 4, 15, 155, 3, 3, 16, 485, 4, 4, 17, 386, 4, 4, 18, 458, 4, 4, 
http://espn.go.com/golf/player/scorecards/_/id/590/year/2007/tournamentId/335/rich-barcelo, Mayakoba Golf Classic at Riviera Maya-Cancun - (02/22-02/25), 2007, 1, 438, 4, 8, 2, 428, 4, 3, 3, 389, 4, 4, 4, 116, 3, 4, 5, 554, 5, 4, 6, 416, 4, 4, 7, 554, 5, 3, 8, 151, 3, 5, 9, 462, 4, 4, 10, 200, 3, 5, 11, 360, 4, 4, 12, 451, 4, 4, 13, 532, 5, 4, 14, 452, 4, 5, 15, 155, 3, 3, 16, 485, 4, 3, 17, 386, 4, 4, 18, 458, 4, 3, 
http://espn.go.com/golf/player/scorecards/_/id/590/year/2007/tournamentId/304/rich-barcelo, The Honda Classic - (03/01-03/04), 2007, 1, 365, 4, 4, 2, 464, 4, 3, 3, 538, 5, 5, 4, 376, 4, 4, 5, 217, 3, 3, 6, 479, 4, 3, 7, 226, 3, 3, 8, 427, 4, 4, 9, 421, 4, 5, 10, 508, 4, 4, 11, 450, 4, 3, 12, 427, 4, 4, 13, 388, 4, 4, 14, 465, 4, 4, 15, 179, 3, 3, 16, 434, 4, 4, 17, 190, 3, 3, 18, 556, 5, 4, 
http://espn.go.com/golf/player/scorecards/_/id/590/year/2007/tournamentId/304/rich-barcelo, The Honda Classic - (03/01-03/04), 2007, 1, 365, 4, 4, 2, 464, 4, 4, 3, 538, 5, 5, 4, 376, 4, 3, 5, 217, 3, 4, 6, 479, 4, 5, 7, 226, 3, 3, 8, 427, 4, 5, 9, 421, 4, 4, 10, 508, 4, 4, 11, 450, 4, 4, 12, 427, 4, 4, 13, 388, 4, 5, 14, 465, 4, 5, 15, 179, 3, 3, 16, 434, 4, 4, 17, 190, 3, 3, 18, 556, 5, 5, 
http://espn.go.com/golf/player/scorecards/_/id/590/year/2007/tournamentId/304/rich-barcelo, The Honda Classic - (03/01-03/04), 2007, 1, 365, 4, 4, 2, 464, 4, 4, 3, 538, 5, 5, 4, 376, 4, 4, 5, 217, 3, 2, 6, 479, 4, 4, 7, 226, 3, 2, 8, 427, 4, 4, 9, 421, 4, 5, 10, 508, 4, 5, 11, 450, 4, 4, 12, 427, 4, 5, 13, 388, 4, 4, 14, 465, 4, 3, 15, 179, 3, 3, 16, 434, 4, 3, 17, 190, 3, 2, 18, 556, 5, 5, 
http://espn.go.com/golf/player/scorecards/_/id/590/year/2007/tournamentId/304/rich-barcelo, The Honda Classic - (03/01-03/04), 2007, 1, 365, 4, 4, 2, 464, 4, 4, 3, 538, 5, 5, 4, 376, 4, 4, 5, 217, 3, 4, 6, 479, 4, 5, 7, 226, 3, 4, 8, 427, 4, 5, 9, 421, 4, 4, 10, 508, 4, 4, 11, 450, 4, 4, 12, 427, 4, 4, 13, 388, 4, 4, 14, 465, 4, 4, 15, 179, 3, 3, 16, 434, 4, 4, 17, 190, 3, 3, 18, 556, 5, 4, 
http://espn.go.com/golf/player/scorecards/_/id/590/year/2007/tournamentId/311/rich-barcelo, Shell Houston Open - (03/29-04/01), 2007, 1, 397, 4, 4, 2, 429, 4, 4, 3, 398, 4, 4, 4, 566, 5, 6, 5, 480, 4, 3, 6, 464, 4, 5, 7, 174, 3, 5, 8, 557, 5, 4, 9, 238, 3, 3, 10, 380, 4, 4, 11, 441, 4, 5, 12, 338, 4, 3, 13, 590, 5, 5, 14, 216, 3, 3, 15, 608, 5, 5, 16, 188, 3, 3, 17, 489, 4, 4, 18, 488, 4, 3, 
http://espn.go.com/golf/player/scorecards/_/id/590/year/2007/tournamentId/311/rich-barcelo, Shell Houston Open - (03/29-04/01), 2007, 1, 397, 4, 3, 2, 429, 4, 4, 3, 398, 4, 4, 4, 566, 5, 4, 5, 480, 4, 4, 6, 464, 4, 5, 7, 174, 3, 3, 8, 557, 5, 6, 9, 238, 3, 3, 10, 380, 4, 3, 11, 441, 4, 4, 12, 338, 4, 5, 13, 590, 5, 6, 14, 216, 3, 3, 15, 608, 5, 5, 16, 188, 3, 2, 17, 489, 4, 5, 18, 488, 4, 4, 
http://espn.go.com/golf/player/scorecards/_/id/590/year/2007/tournamentId/311/rich-barcelo, Shell Houston Open - (03/29-04/01), 2007, 1, 397, 4, 4, 2, 429, 4, 3, 3, 398, 4, 4, 4, 566, 5, 5, 5, 480, 4, 4, 6, 464, 4, 4, 7, 174, 3, 3, 8, 557, 5, 5, 9, 238, 3, 3, 10, 380, 4, 4, 11, 441, 4, 4, 12, 338, 4, 4, 13, 590, 5, 5, 14, 216, 3, 3, 15, 608, 5, 5, 16, 188, 3, 3, 17, 489, 4, 4, 18, 488, 4, 4, 
http://espn.go.com/golf/player/scorecards/_/id/590/year/2007/tournamentId/311/rich-barcelo, Shell Houston Open - (03/29-04/01), 2007, 1, 397, 4, 4, 2, 429, 4, 4, 3, 398, 4, 4, 4, 566, 5, 5, 5, 480, 4, 4, 6, 464, 4, 5, 7, 174, 3, 4, 8, 557, 5, 5, 9, 238, 3, 3, 10, 380, 4, 4, 11, 441, 4, 4, 12, 338, 4, 3, 13, 590, 5, 4, 14, 216, 3, 3, 15, 608, 5, 4, 16, 188, 3, 4, 17, 489, 4, 4, 18, 488, 4, 5, 
http://espn.go.com/golf/player/scorecards/_/id/590/year/2007/tournamentId/306/rich-barcelo, Zurich Classic of New Orleans - (04/19-04/22), 2007, 1, 399, 4, 5, 2, 548, 5, 4, 3, 221, 3, 4, 4, 482, 4, 4, 5, 438, 4, 5, 6, 476, 4, 4, 7, 561, 5, 4, 8, 372, 4, 4, 9, 207, 3, 3, 10, 390, 4, 4, 11, 575, 5, 4, 12, 492, 4, 4, 13, 403, 4, 4, 14, 216, 3, 4, 15, 490, 4, 5, 16, 355, 4, 3, 17, 215, 3, 4, 18, 585, 5, 4, 
http://espn.go.com/golf/player/scorecards/_/id/590/year/2007/tournamentId/306/rich-barcelo, Zurich Classic of New Orleans - (04/19-04/22), 2007, 1, 399, 4, 4, 2, 548, 5, 6, 3, 221, 3, 2, 4, 482, 4, 6, 5, 438, 4, 5, 6, 476, 4, 3, 7, 561, 5, 5, 8, 372, 4, 4, 9, 207, 3, 3, 10, 390, 4, 4, 11, 575, 5, 5, 12, 492, 4, 4, 13, 403, 4, 5, 14, 216, 3, 3, 15, 490, 4, 4, 16, 355, 4, 5, 17, 215, 3, 3, 18, 585, 5, 5, 
http://espn.go.com/golf/player/scorecards/_/id/590/year/2007/tournamentId/306/rich-barcelo, Zurich Classic of New Orleans - (04/19-04/22), 2007, 1, 399, 4, 4, 2, 548, 5, 4, 3, 221, 3, 3, 4, 482, 4, 4, 5, 438, 4, 4, 6, 476, 4, 3, 7, 561, 5, 5, 8, 372, 4, 4, 9, 207, 3, 3, 10, 390, 4, 6, 11, 575, 5, 4, 12, 492, 4, 4, 13, 403, 4, 4, 14, 216, 3, 3, 15, 490, 4, 4, 16, 355, 4, 4, 17, 215, 3, 3, 18, 585, 5, 5, 
http://espn.go.com/golf/player/scorecards/_/id/590/year/2007/tournamentId/306/rich-barcelo, Zurich Classic of New Orleans - (04/19-04/22), 2007, 1, 399, 4, 4, 2, 548, 5, 5, 3, 221, 3, 4, 4, 482, 4, 3, 5, 438, 4, 4, 6, 476, 4, 4, 7, 561, 5, 5, 8, 372, 4, 4, 9, 207, 3, 3, 10, 390, 4, 4, 11, 575, 5, 5, 12, 492, 4, 4, 13, 403, 4, 3, 14, 216, 3, 3, 15, 490, 4, 4, 16, 355, 4, 4, 17, 215, 3, 4, 18, 585, 5, 5, 
http://espn.go.com/golf/player/scorecards/_/id/590/year/2007/tournamentId/312/rich-barcelo, EDS Byron Nelson Championship - (04/26-04/29), 2007, 1, 458, 4, 5, 2, 221, 3, 3, 3, 528, 4, 4, 4, 431, 4, 4, 5, 174, 3, 3, 6, 448, 4, 4, 7, 542, 5, 5, 8, 461, 4, 4, 9, 427, 4, 4, 10, 435, 4, 4, 11, 323, 4, 4, 12, 455, 4, 4, 13, 180, 3, 4, 14, 406, 4, 3, 15, 504, 4, 3, 16, 546, 5, 5, 17, 198, 3, 3, 18, 429, 4, 4, 
http://espn.go.com/golf/player/scorecards/_/id/590/year/2007/tournamentId/312/rich-barcelo, EDS Byron Nelson Championship - (04/26-04/29), 2007, 1, 458, 4, 4, 2, 221, 3, 3, 3, 528, 4, 4, 4, 431, 4, 4, 5, 174, 3, 3, 6, 448, 4, 3, 7, 542, 5, 5, 8, 461, 4, 5, 9, 427, 4, 4, 10, 435, 4, 5, 11, 323, 4, 4, 12, 455, 4, 5, 13, 180, 3, 3, 14, 406, 4, 5, 15, 504, 4, 4, 16, 546, 5, 4, 17, 198, 3, 3, 18, 429, 4, 4, 
http://espn.go.com/golf/player/scorecards/_/id/590/year/2007/tournamentId/312/rich-barcelo, EDS Byron Nelson Championship - (04/26-04/29), 2007, 1, 448, 4, 3, 2, 154, 3, 3, 3, 475, 4, 4, 4, 427, 4, 4, 5, 417, 4, 4, 6, 360, 4, 4, 7, 401, 4, 4, 8, 394, 4, 4, 9, 188, 3, 3, 10, 432, 4, 4, 11, 545, 5, 4, 12, 191, 3, 4, 13, 409, 4, 4, 14, 383, 4, 3, 15, 441, 4, 4, 16, 539, 5, 5, 17, 204, 3, 2, 18, 439, 4, 4, 
http://espn.go.com/golf/player/scorecards/_/id/590/year/2007/tournamentId/308/rich-barcelo, AT&T Classic - (05/17-05/20), 2007, 1, 434, 4, 4, 2, 144, 3, 3, 3, 389, 4, 4, 4, 558, 5, 6, 5, 441, 4, 4, 6, 569, 5, 4, 7, 458, 4, 4, 8, 248, 3, 3, 9, 472, 4, 4, 10, 628, 5, 6, 11, 189, 3, 3, 12, 434, 4, 4, 13, 310, 4, 3, 14, 453, 4, 4, 15, 406, 4, 4, 16, 179, 3, 3, 17, 455, 4, 4, 18, 544, 5, 4, 
http://espn.go.com/golf/player/scorecards/_/id/590/year/2007/tournamentId/308/rich-barcelo, AT&T Classic - (05/17-05/20), 2007, 1, 434, 4, 5, 2, 144, 3, 3, 3, 389, 4, 8, 4, 558, 5, 5, 5, 441, 4, 5, 6, 569, 5, 4, 7, 458, 4, 3, 8, 248, 3, 3, 9, 472, 4, 4, 10, 628, 5, 5, 11, 189, 3, 2, 12, 434, 4, 4, 13, 310, 4, 3, 14, 453, 4, 4, 15, 406, 4, 4, 16, 179, 3, 3, 17, 455, 4, 5, 18, 544, 5, 4, 
http://espn.go.com/golf/player/scorecards/_/id/590/year/2007/tournamentId/317/rich-barcelo, Stanford St. Jude Championship - (06/07-06/10), 2007, 1, 434, 4, 4, 2, 401, 4, 4, 3, 554, 5, 4, 4, 196, 3, 4, 5, 485, 4, 6, 6, 445, 4, 4, 7, 482, 4, 4, 8, 178, 3, 3, 9, 457, 4, 5, 10, 465, 4, 6, 11, 157, 3, 3, 12, 406, 4, 4, 13, 472, 4, 6, 14, 239, 3, 5, 15, 395, 4, 4, 16, 530, 5, 4, 17, 490, 4, 4, 18, 453, 4, 4, 
http://espn.go.com/golf/player/scorecards/_/id/590/year/2007/tournamentId/312/rich-barcelo, EDS Byron Nelson Championship - (04/26-04/29), 2007, 1, 458, 4, 4, 2, 221, 3, 3, 3, 528, 4, 5, 4, 431, 4, 3, 5, 174, 3, 3, 6, 448, 4, 4, 7, 542, 5, 5, 8, 461, 4, 4, 9, 427, 4, 4, 10, 435, 4, 5, 11, 323, 4, 4, 12, 455, 4, 4, 13, 180, 3, 5, 14, 406, 4, 4, 15, 504, 4, 5, 16, 546, 5, 5, 17, 198, 3, 3, 18, 429, 4, 3, 
http://espn.go.com/golf/player/scorecards/_/id/590/year/2007/tournamentId/317/rich-barcelo, Stanford St. Jude Championship - (06/07-06/10), 2007, 1, 434, 4, 5, 2, 401, 4, 4, 3, 554, 5, 4, 4, 196, 3, 4, 5, 485, 4, 4, 6, 445, 4, 4, 7, 482, 4, 4, 8, 178, 3, 4, 9, 457, 4, 4, 10, 465, 4, 5, 11, 157, 3, 3, 12, 406, 4, 5, 13, 472, 4, 5, 14, 239, 3, 7, 15, 395, 4, 4, 16, 530, 5, 5, 17, 490, 4, 4, 18, 453, 4, 4, 
http://espn.go.com/golf/player/scorecards/_/id/590/year/2007/tournamentId/317/rich-barcelo, Stanford St. Jude Championship - (06/07-06/10), 2007, 1, 434, 4, 3, 2, 401, 4, 4, 3, 554, 5, 5, 4, 196, 3, 3, 5, 485, 4, 4, 6, 445, 4, 4, 7, 482, 4, 5, 8, 178, 3, 3, 9, 457, 4, 4, 10, 465, 4, 4, 11, 157, 3, 3, 12, 406, 4, 5, 13, 472, 4, 3, 14, 239, 3, 3, 15, 395, 4, 4, 16, 530, 5, 5, 17, 490, 4, 4, 18, 453, 4, 4, 
http://espn.go.com/golf/player/scorecards/_/id/590/year/2007/tournamentId/317/rich-barcelo, Stanford St. Jude Championship - (06/07-06/10), 2007, 1, 434, 4, 4, 2, 401, 4, 4, 3, 554, 5, 5, 4, 196, 3, 3, 5, 485, 4, 4, 6, 445, 4, 5, 7, 482, 4, 3, 8, 178, 3, 4, 9, 457, 4, 4, 10, 465, 4, 5, 11, 157, 3, 5, 12, 406, 4, 4, 13, 472, 4, 4, 14, 239, 3, 3, 15, 395, 4, 3, 16, 530, 5, 5, 17, 490, 4, 5, 18, 453, 4, 5, 
http://espn.go.com/golf/player/scorecards/_/id/590/year/2007/tournamentId/318/rich-barcelo, Travelers Championship - (06/21-06/24), 2007, 1, 434, 4, 5, 2, 341, 4, 5, 3, 431, 4, 3, 4, 481, 4, 5, 5, 223, 3, 3, 6, 574, 5, 5, 7, 443, 4, 5, 8, 202, 3, 3, 9, 406, 4, 4, 10, 462, 4, 5, 11, 158, 3, 2, 12, 411, 4, 4, 13, 523, 5, 4, 14, 421, 4, 3, 15, 296, 4, 3, 16, 171, 3, 3, 17, 433, 4, 4, 18, 444, 4, 6, 
http://espn.go.com/golf/player/scorecards/_/id/590/year/2007/tournamentId/318/rich-barcelo, Travelers Championship - (06/21-06/24), 2007, 1, 434, 4, 4, 2, 341, 4, 4, 3, 431, 4, 3, 4, 481, 4, 4, 5, 223, 3, 4, 6, 574, 5, 4, 7, 443, 4, 5, 8, 202, 3, 4, 9, 406, 4, 4, 10, 462, 4, 4, 11, 158, 3, 3, 12, 411, 4, 6, 13, 523, 5, 5, 14, 421, 4, 4, 15, 296, 4, 5, 16, 171, 3, 4, 17, 433, 4, 5, 18, 444, 4, 4, 
http://espn.go.com/golf/player/scorecards/_/id/590/year/2007/tournamentId/321/rich-barcelo, Buick Open - (06/28-07/01), 2007, 1, 567, 5, 5, 2, 431, 4, 4, 3, 187, 3, 3, 4, 401, 4, 4, 5, 437, 4, 5, 6, 421, 4, 4, 7, 584, 5, 5, 8, 199, 3, 3, 9, 434, 4, 4, 10, 401, 4, 5, 11, 190, 3, 3, 12, 340, 4, 3, 13, 544, 5, 5, 14, 322, 4, 3, 15, 457, 4, 5, 16, 580, 5, 4, 17, 197, 3, 3, 18, 435, 4, 3, 
http://espn.go.com/golf/player/scorecards/_/id/590/year/2007/tournamentId/321/rich-barcelo, Buick Open - (06/28-07/01), 2007, 1, 567, 5, 5, 2, 431, 4, 5, 3, 187, 3, 3, 4, 401, 4, 4, 5, 437, 4, 4, 6, 421, 4, 4, 7, 584, 5, 4, 8, 199, 3, 3, 9, 434, 4, 4, 10, 401, 4, 5, 11, 190, 3, 3, 12, 340, 4, 4, 13, 544, 5, 5, 14, 322, 4, 4, 15, 457, 4, 6, 16, 580, 5, 4, 17, 197, 3, 3, 18, 435, 4, 5, 
http://espn.go.com/golf/player/scorecards/_/id/590/year/2007/tournamentId/321/rich-barcelo, Buick Open - (06/28-07/01), 2007, 1, 567, 5, 5, 2, 431, 4, 4, 3, 187, 3, 2, 4, 401, 4, 3, 5, 437, 4, 4, 6, 421, 4, 3, 7, 584, 5, 4, 8, 199, 3, 3, 9, 434, 4, 5, 10, 401, 4, 3, 11, 190, 3, 4, 12, 340, 4, 3, 13, 544, 5, 4, 14, 322, 4, 3, 15, 457, 4, 4, 16, 580, 5, 4, 17, 197, 3, 3, 18, 435, 4, 4, 
http://espn.go.com/golf/player/scorecards/_/id/590/year/2007/tournamentId/321/rich-barcelo, Buick Open - (06/28-07/01), 2007, 1, 567, 5, 6, 2, 431, 4, 4, 3, 187, 3, 3, 4, 401, 4, 3, 5, 437, 4, 5, 6, 421, 4, 4, 7, 584, 5, 5, 8, 199, 3, 3, 9, 434, 4, 5, 10, 401, 4, 4, 11, 190, 3, 3, 12, 340, 4, 3, 13, 544, 5, 4, 14, 322, 4, 4, 15, 457, 4, 4, 16, 580, 5, 5, 17, 197, 3, 4, 18, 435, 4, 3, 
http://espn.go.com/golf/player/scorecards/_/id/590/year/2007/tournamentId/327/rich-barcelo, John Deere Classic - (07/12-07/15), 2007, 1, 395, 4, 4, 2, 561, 5, 5, 3, 186, 3, 3, 4, 454, 4, 4, 5, 433, 4, 3, 6, 367, 4, 4, 7, 226, 3, 3, 8, 428, 4, 4, 9, 503, 4, 3, 10, 596, 5, 4, 11, 432, 4, 7, 12, 215, 3, 3, 13, 424, 4, 3, 14, 361, 4, 4, 15, 484, 4, 5, 16, 158, 3, 3, 17, 569, 5, 5, 18, 476, 4, 4, 
http://espn.go.com/golf/player/scorecards/_/id/590/year/2007/tournamentId/327/rich-barcelo, John Deere Classic - (07/12-07/15), 2007, 1, 395, 4, 4, 2, 561, 5, 5, 3, 186, 3, 3, 4, 454, 4, 4, 5, 433, 4, 5, 6, 367, 4, 3, 7, 226, 3, 3, 8, 428, 4, 4, 9, 503, 4, 4, 10, 596, 5, 5, 11, 432, 4, 4, 12, 215, 3, 3, 13, 424, 4, 4, 14, 361, 4, 3, 15, 484, 4, 6, 16, 158, 3, 3, 17, 569, 5, 5, 18, 476, 4, 3, 
http://espn.go.com/golf/player/scorecards/_/id/590/year/2007/tournamentId/325/rich-barcelo, U.S. Bank Championship in Milwaukee - (07/19-07/22), 2007, 1, 461, 4, 5, 2, 417, 4, 4, 3, 171, 3, 2, 4, 485, 4, 4, 5, 164, 3, 3, 6, 556, 5, 5, 7, 215, 3, 3, 8, 436, 4, 4, 9, 359, 4, 4, 10, 447, 4, 4, 11, 196, 3, 3, 12, 381, 4, 5, 13, 437, 4, 4, 14, 188, 3, 3, 15, 531, 5, 5, 16, 371, 4, 3, 17, 387, 4, 4, 18, 557, 5, 5, 
http://espn.go.com/golf/player/scorecards/_/id/590/year/2007/tournamentId/325/rich-barcelo, U.S. Bank Championship in Milwaukee - (07/19-07/22), 2007, 1, 461, 4, 3, 2, 417, 4, 5, 3, 171, 3, 3, 4, 485, 4, 5, 5, 164, 3, 3, 6, 556, 5, 3, 7, 215, 3, 3, 8, 436, 4, 5, 9, 359, 4, 4, 10, 447, 4, 5, 11, 196, 3, 2, 12, 381, 4, 4, 13, 437, 4, 5, 14, 188, 3, 3, 15, 531, 5, 4, 16, 371, 4, 3, 17, 387, 4, 5, 18, 557, 5, 5, 
http://espn.go.com/golf/player/scorecards/_/id/590/year/2007/tournamentId/325/rich-barcelo, U.S. Bank Championship in Milwaukee - (07/19-07/22), 2007, 1, 461, 4, 4, 2, 417, 4, 5, 3, 171, 3, 3, 4, 485, 4, 3, 5, 164, 3, 3, 6, 556, 5, 5, 7, 215, 3, 3, 8, 436, 4, 4, 9, 359, 4, 3, 10, 447, 4, 4, 11, 196, 3, 3, 12, 381, 4, 4, 13, 437, 4, 4, 14, 188, 3, 3, 15, 531, 5, 4, 16, 371, 4, 4, 17, 387, 4, 3, 18, 557, 5, 5, 
http://espn.go.com/golf/player/scorecards/_/id/590/year/2007/tournamentId/325/rich-barcelo, U.S. Bank Championship in Milwaukee - (07/19-07/22), 2007, 1, 461, 4, 4, 2, 417, 4, 4, 3, 171, 3, 3, 4, 485, 4, 4, 5, 164, 3, 3, 6, 556, 5, 5, 7, 215, 3, 3, 8, 436, 4, 5, 9, 359, 4, 4, 10, 447, 4, 4, 11, 196, 3, 4, 12, 381, 4, 4, 13, 437, 4, 5, 14, 188, 3, 3, 15, 531, 5, 4, 16, 371, 4, 4, 17, 387, 4, 4, 18, 557, 5, 4, 
http://espn.go.com/golf/player/scorecards/_/id/590/year/2007/tournamentId/326/rich-barcelo, Canadian Open presented by Franklin Templeton Inve - (07/26-07/29), 2007, 1, 598, 5, 5, 2, 454, 4, 4, 3, 400, 4, 4, 4, 205, 3, 3, 5, 490, 4, 5, 6, 472, 4, 4, 7, 417, 4, 4, 8, 221, 3, 3, 9, 370, 4, 5, 10, 435, 4, 4, 11, 536, 5, 4, 12, 437, 4, 3, 13, 420, 4, 3, 14, 151, 3, 3, 15, 583, 5, 5, 16, 472, 4, 4, 17, 204, 3, 3, 18, 455, 4, 4, 
http://espn.go.com/golf/player/scorecards/_/id/590/year/2007/tournamentId/326/rich-barcelo, Canadian Open presented by Franklin Templeton Inve - (07/26-07/29), 2007, 1, 598, 5, 5, 2, 454, 4, 4, 3, 400, 4, 4, 4, 205, 3, 4, 5, 490, 4, 5, 6, 472, 4, 5, 7, 417, 4, 3, 8, 221, 3, 6, 9, 370, 4, 3, 10, 435, 4, 4, 11, 536, 5, 4, 12, 437, 4, 4, 13, 420, 4, 4, 14, 151, 3, 4, 15, 583, 5, 4, 16, 472, 4, 4, 17, 204, 3, 3, 18, 455, 4, 5, 
http://espn.go.com/golf/player/scorecards/_/id/590/year/2007/tournamentId/332/rich-barcelo, Reno-Tahoe Open - (08/02-08/05), 2007, 1, 494, 4, 5, 2, 584, 5, 2, 3, 186, 3, 3, 4, 355, 4, 4, 5, 491, 4, 4, 6, 477, 4, 4, 7, 183, 3, 3, 8, 636, 5, 4, 9, 429, 4, 4, 10, 413, 4, 4, 11, 171, 3, 6, 12, 429, 4, 2, 13, 518, 5, 5, 14, 367, 4, 4, 15, 439, 4, 4, 16, 220, 3, 3, 17, 464, 4, 4, 18, 616, 5, 3, 
http://espn.go.com/golf/player/scorecards/_/id/590/year/2007/tournamentId/332/rich-barcelo, Reno-Tahoe Open - (08/02-08/05), 2007, 1, 494, 4, 4, 2, 584, 5, 3, 3, 186, 3, 4, 4, 355, 4, 5, 5, 491, 4, 3, 6, 477, 4, 5, 7, 183, 3, 3, 8, 636, 5, 4, 9, 429, 4, 4, 10, 413, 4, 4, 11, 171, 3, 4, 12, 429, 4, 3, 13, 518, 5, 4, 14, 367, 4, 4, 15, 439, 4, 4, 16, 220, 3, 2, 17, 464, 4, 6, 18, 616, 5, 3, 
http://espn.go.com/golf/player/scorecards/_/id/590/year/2007/tournamentId/332/rich-barcelo, Reno-Tahoe Open - (08/02-08/05), 2007, 1, 494, 4, 4, 2, 584, 5, 3, 3, 186, 3, 4, 4, 355, 4, 5, 5, 491, 4, 3, 6, 477, 4, 4, 7, 183, 3, 3, 8, 636, 5, 4, 9, 429, 4, 5, 10, 413, 4, 5, 11, 171, 3, 6, 12, 429, 4, 3, 13, 518, 5, 3, 14, 367, 4, 4, 15, 439, 4, 4, 16, 220, 3, 3, 17, 464, 4, 5, 18, 616, 5, 4, 
http://espn.go.com/golf/player/scorecards/_/id/590/year/2007/tournamentId/332/rich-barcelo, Reno-Tahoe Open - (08/02-08/05), 2007, 1, 494, 4, 4, 2, 584, 5, 3, 3, 186, 3, 4, 4, 355, 4, 6, 5, 491, 4, 4, 6, 477, 4, 4, 7, 183, 3, 3, 8, 636, 5, 4, 9, 429, 4, 4, 10, 413, 4, 3, 11, 171, 3, 5, 12, 429, 4, 3, 13, 518, 5, 4, 14, 367, 4, 4, 15, 439, 4, 4, 16, 220, 3, 3, 17, 464, 4, 5, 18, 616, 5, 4, 
http://espn.go.com/golf/player/scorecards/_/id/590/year/2007/tournamentId/339/rich-barcelo, Wyndham Championship - (08/16-08/19), 2007, 1, 375, 4, 3, 2, 557, 5, 5, 3, 443, 4, 5, 4, 203, 3, 3, 5, 360, 4, 4, 6, 455, 4, 4, 7, 376, 4, 4, 8, 226, 3, 3, 9, 584, 5, 5, 10, 437, 4, 3, 11, 442, 4, 4, 12, 189, 3, 2, 13, 529, 5, 4, 14, 462, 4, 4, 15, 555, 5, 5, 16, 467, 4, 4, 17, 222, 3, 3, 18, 451, 4, 4, 
http://espn.go.com/golf/player/scorecards/_/id/590/year/2007/tournamentId/339/rich-barcelo, Wyndham Championship - (08/16-08/19), 2007, 1, 375, 4, 4, 2, 557, 5, 5, 3, 443, 4, 5, 4, 203, 3, 3, 5, 360, 4, 4, 6, 455, 4, 4, 7, 376, 4, 4, 8, 226, 3, 3, 9, 584, 5, 4, 10, 437, 4, 5, 11, 442, 4, 5, 12, 189, 3, 3, 13, 529, 5, 4, 14, 462, 4, 4, 15, 555, 5, 4, 16, 467, 4, 4, 17, 222, 3, 3, 18, 451, 4, 4, 
http://espn.go.com/golf/player/scorecards/_/id/590/year/2007/tournamentId/336/rich-barcelo, Turning Stone Resort Championship - (09/20-09/23), 2007, 1, 398, 4, 4, 2, 447, 4, 4, 3, 198, 3, 3, 4, 414, 4, 4, 5, 550, 5, 6, 6, 185, 3, 3, 7, 433, 4, 3, 8, 576, 5, 5, 9, 479, 4, 3, 10, 422, 4, 4, 11, 230, 3, 3, 12, 580, 5, 4, 13, 439, 4, 4, 14, 410, 4, 5, 15, 442, 4, 4, 16, 177, 3, 4, 17, 478, 4, 5, 18, 624, 5, 5, 
http://espn.go.com/golf/player/scorecards/_/id/590/year/2007/tournamentId/336/rich-barcelo, Turning Stone Resort Championship - (09/20-09/23), 2007, 1, 398, 4, 3, 2, 447, 4, 4, 3, 198, 3, 3, 4, 414, 4, 3, 5, 550, 5, 5, 6, 185, 3, 3, 7, 433, 4, 5, 8, 576, 5, 5, 9, 479, 4, 4, 10, 422, 4, 3, 11, 230, 3, 3, 12, 580, 5, 4, 13, 439, 4, 4, 14, 410, 4, 5, 15, 442, 4, 4, 16, 177, 3, 3, 17, 478, 4, 4, 18, 624, 5, 5, 
http://espn.go.com/golf/player/scorecards/_/id/590/year/2007/tournamentId/340/rich-barcelo, Viking Classic - (09/27-09/30), 2007, 1, 385, 4, 4, 2, 213, 3, 4, 3, 406, 4, 4, 4, 465, 4, 4, 5, 522, 5, 4, 6, 424, 4, 4, 7, 556, 5, 5, 8, 209, 3, 3, 9, 450, 4, 6, 10, 410, 4, 3, 11, 579, 5, 5, 12, 171, 3, 2, 13, 414, 4, 4, 14, 473, 4, 4, 15, 176, 3, 3, 16, 408, 4, 3, 17, 409, 4, 6, 18, 532, 5, 4, 
http://espn.go.com/golf/player/scorecards/_/id/590/year/2007/tournamentId/340/rich-barcelo, Viking Classic - (09/27-09/30), 2007, 1, 385, 4, 3, 2, 213, 3, 4, 3, 406, 4, 5, 4, 465, 4, 3, 5, 522, 5, 4, 6, 424, 4, 5, 7, 556, 5, 4, 8, 209, 3, 2, 9, 450, 4, 4, 10, 410, 4, 4, 11, 579, 5, 6, 12, 171, 3, 3, 13, 414, 4, 4, 14, 473, 4, 4, 15, 176, 3, 3, 16, 408, 4, 5, 17, 409, 4, 4, 18, 532, 5, 5, 
http://espn.go.com/golf/player/scorecards/_/id/590/year/2007/tournamentId/340/rich-barcelo, Viking Classic - (09/27-09/30), 2007, 1, 385, 4, 3, 2, 213, 3, 3, 3, 406, 4, 4, 4, 465, 4, 4, 5, 522, 5, 5, 6, 424, 4, 4, 7, 556, 5, 5, 8, 209, 3, 3, 9, 450, 4, 4, 10, 410, 4, 4, 11, 579, 5, 4, 12, 171, 3, 3, 13, 414, 4, 4, 14, 473, 4, 4, 15, 176, 3, 3, 16, 408, 4, 4, 17, 409, 4, 4, 18, 532, 5, 5, 
http://espn.go.com/golf/player/scorecards/_/id/590/year/2007/tournamentId/340/rich-barcelo, Viking Classic - (09/27-09/30), 2007, 1, 385, 4, 4, 2, 213, 3, 3, 3, 406, 4, 5, 4, 465, 4, 4, 5, 522, 5, 4, 6, 424, 4, 4, 7, 556, 5, 5, 8, 209, 3, 3, 9, 450, 4, 3, 10, 410, 4, 4, 11, 579, 5, 5, 12, 171, 3, 3, 13, 414, 4, 5, 14, 473, 4, 4, 15, 176, 3, 3, 16, 408, 4, 4, 17, 409, 4, 5, 18, 532, 5, 4, 
http://espn.go.com/golf/player/scorecards/_/id/590/year/2007/tournamentId/329/rich-barcelo, Valero Texas Open - (10/04-10/07), 2007, 1, 665, 5, 4, 2, 448, 4, 5, 3, 202, 3, 3, 4, 444, 4, 4, 5, 494, 4, 5, 6, 162, 3, 2, 7, 316, 4, 4, 8, 361, 4, 5, 9, 380, 4, 4, 10, 460, 4, 5, 11, 427, 4, 3, 12, 415, 4, 4, 13, 142, 3, 3, 14, 527, 5, 4, 15, 446, 4, 5, 16, 380, 4, 4, 17, 186, 3, 3, 18, 426, 4, 4, 
http://espn.go.com/golf/player/scorecards/_/id/590/year/2007/tournamentId/329/rich-barcelo, Valero Texas Open - (10/04-10/07), 2007, 1, 665, 5, 6, 2, 448, 4, 3, 3, 202, 3, 2, 4, 444, 4, 4, 5, 494, 4, 3, 6, 162, 3, 3, 7, 316, 4, 4, 8, 361, 4, 4, 9, 380, 4, 5, 10, 460, 4, 4, 11, 427, 4, 4, 12, 415, 4, 4, 13, 142, 3, 4, 14, 527, 5, 5, 15, 446, 4, 5, 16, 380, 4, 3, 17, 186, 3, 3, 18, 426, 4, 4, 
http://espn.go.com/golf/player/scorecards/_/id/590/year/2007/tournamentId/337/rich-barcelo, Fry's Electronics Open - (10/18-10/21), 2007, 1, 413, 4, 5, 2, 395, 4, 3, 3, 460, 4, 4, 4, 562, 5, 5, 5, 203, 3, 4, 6, 345, 4, 6, 7, 498, 4, 6, 8, 174, 3, 3, 9, 464, 4, 5, 10, 390, 4, 5, 11, 572, 5, 5, 12, 468, 4, 4, 13, 230, 3, 3, 14, 429, 4, 4, 15, 332, 4, 4, 16, 211, 3, 2, 17, 464, 4, 4, 18, 515, 4, 4, 
http://espn.go.com/golf/player/scorecards/_/id/590/year/2007/tournamentId/337/rich-barcelo, Fry's Electronics Open - (10/18-10/21), 2007, 1, 413, 4, 4, 2, 395, 4, 4, 3, 460, 4, 4, 4, 562, 5, 5, 5, 203, 3, 5, 6, 345, 4, 4, 7, 498, 4, 5, 8, 174, 3, 2, 9, 464, 4, 3, 10, 390, 4, 3, 11, 572, 5, 5, 12, 468, 4, 4, 13, 230, 3, 3, 14, 429, 4, 3, 15, 332, 4, 4, 16, 211, 3, 4, 17, 464, 4, 3, 18, 515, 4, 4, 
http://espn.go.com/golf/player/scorecards/_/id/590/year/2007/tournamentId/337/rich-barcelo, Fry's Electronics Open - (10/18-10/21), 2007, 1, 413, 4, 4, 2, 395, 4, 5, 3, 460, 4, 4, 4, 562, 5, 4, 5, 203, 3, 3, 6, 345, 4, 4, 7, 498, 4, 4, 8, 174, 3, 2, 9, 464, 4, 4, 10, 390, 4, 4, 11, 572, 5, 4, 12, 468, 4, 4, 13, 230, 3, 2, 14, 429, 4, 4, 15, 332, 4, 4, 16, 211, 3, 4, 17, 464, 4, 4, 18, 515, 4, 3, 
http://espn.go.com/golf/player/scorecards/_/id/590/year/2007/tournamentId/337/rich-barcelo, Fry's Electronics Open - (10/18-10/21), 2007, 1, 413, 4, 3, 2, 395, 4, 3, 3, 460, 4, 7, 4, 562, 5, 4, 5, 203, 3, 3, 6, 345, 4, 4, 7, 498, 4, 4, 8, 174, 3, 2, 9, 464, 4, 5, 10, 390, 4, 3, 11, 572, 5, 4, 12, 468, 4, 3, 13, 230, 3, 3, 14, 429, 4, 5, 15, 332, 4, 3, 16, 211, 3, 3, 17, 464, 4, 3, 18, 515, 4, 5, 
http://espn.go.com/golf/player/scorecards/_/id/590/year/2007/tournamentId/409/rich-barcelo, Ginn sur Mer Classic at Tesoro - (10/25-10/28), 2007, 1, 382, 4, 4, 2, 551, 5, 4, 3, 377, 4, 4, 4, 222, 3, 5, 5, 455, 4, 4, 6, 408, 4, 4, 7, 560, 5, 5, 8, 424, 4, 3, 9, 390, 4, 6, 10, 417, 4, 3, 11, 562, 5, 5, 12, 214, 3, 3, 13, 399, 4, 4, 14, 432, 4, 4, 15, 460, 4, 3, 16, 502, 5, 5, 17, 225, 3, 3, 18, 401, 4, 4, 
http://espn.go.com/golf/player/scorecards/_/id/590/year/2007/tournamentId/409/rich-barcelo, Ginn sur Mer Classic at Tesoro - (10/25-10/28), 2007, 1, 382, 4, 4, 2, 551, 5, 5, 3, 377, 4, 4, 4, 222, 3, 3, 5, 455, 4, 4, 6, 408, 4, 5, 7, 560, 5, 4, 8, 424, 4, 4, 9, 390, 4, 4, 10, 417, 4, 5, 11, 562, 5, 5, 12, 214, 3, 3, 13, 399, 4, 4, 14, 432, 4, 3, 15, 460, 4, 4, 16, 502, 5, 4, 17, 225, 3, 4, 18, 401, 4, 4, 
http://espn.go.com/golf/player/scorecards/_/id/590/year/2007/tournamentId/409/rich-barcelo, Ginn sur Mer Classic at Tesoro - (10/25-10/28), 2007, 1, 382, 4, 3, 2, 551, 5, 4, 3, 377, 4, 4, 4, 222, 3, 3, 5, 455, 4, 3, 6, 408, 4, 4, 7, 560, 5, 6, 8, 424, 4, 4, 9, 390, 4, 4, 10, 417, 4, 3, 11, 562, 5, 4, 12, 214, 3, 3, 13, 399, 4, 3, 14, 432, 4, 4, 15, 460, 4, 6, 16, 502, 5, 3, 17, 225, 3, 4, 18, 401, 4, 3, 
http://espn.go.com/golf/player/scorecards/_/id/590/year/2007/tournamentId/409/rich-barcelo, Ginn sur Mer Classic at Tesoro - (10/25-10/28), 2007, 1, 382, 4, 3, 2, 551, 5, 5, 3, 377, 4, 4, 4, 222, 3, 4, 5, 455, 4, 5, 6, 408, 4, 4, 7, 560, 5, 5, 8, 424, 4, 4, 9, 390, 4, 4, 10, 417, 4, 4, 11, 562, 5, 5, 12, 214, 3, 3, 13, 399, 4, 3, 14, 432, 4, 5, 15, 460, 4, 5, 16, 502, 5, 4, 17, 225, 3, 3, 18, 401, 4, 4, 
http://espn.go.com/golf/player/scorecards/_/id/590/year/2007/tournamentId/342/rich-barcelo, Children's Miracle Network Classic presented by Wa - (11/01-11/04), 2007, 1, 498, 5, 5, 2, 424, 4, 3, 3, 167, 3, 3, 4, 422, 4, 4, 5, 410, 4, 4, 6, 411, 4, 3, 7, 524, 5, 5, 8, 205, 3, 3, 9, 380, 4, 5, 10, 441, 4, 5, 11, 544, 5, 6, 12, 206, 3, 4, 13, 358, 4, 4, 14, 547, 5, 4, 15, 422, 4, 5, 16, 195, 3, 3, 17, 399, 4, 4, 18, 458, 4, 5, 
http://espn.go.com/golf/player/scorecards/_/id/590/year/2007/tournamentId/342/rich-barcelo, Children's Miracle Network Classic presented by Wa - (11/01-11/04), 2007, 1, 428, 4, 4, 2, 417, 4, 5, 3, 170, 3, 3, 4, 542, 5, 4, 5, 492, 4, 4, 6, 231, 3, 3, 7, 422, 4, 4, 8, 614, 5, 5, 9, 500, 4, 3, 10, 526, 5, 3, 11, 399, 4, 3, 12, 169, 3, 3, 13, 384, 4, 4, 14, 592, 5, 5, 15, 203, 3, 3, 16, 450, 4, 4, 17, 485, 4, 4, 18, 492, 4, 4, 
http://espn.go.com/golf/player/scorecards/_/id/590/year/2008/tournamentId/594/rich-barcelo, PGA Tour Qualifying Tournament - (12/03-12/08), 2008, 1, 445, 4, 5, 2, 371, 4, 3, 3, 471, 4, 4, 4, 192, 3, 3, 5, 535, 5, 4, 6, 255, 3, 3, 7, 346, 4, 3, 8, 559, 5, 4, 9, 452, 4, 5, 10, 416, 4, 4, 11, 617, 5, 6, 12, 363, 4, 3, 13, 214, 3, 3, 14, 389, 4, 4, 15, 468, 4, 4, 16, 600, 5, 5, 17, 168, 3, 3, 18, 439, 4, 6, 
http://espn.go.com/golf/player/scorecards/_/id/590/year/2008/tournamentId/594/rich-barcelo, PGA Tour Qualifying Tournament - (12/03-12/08), 2008, 1, 374, 4, 5, 2, 414, 4, 4, 3, 177, 3, 3, 4, 538, 5, 4, 5, 443, 4, 4, 6, 406, 4, 4, 7, 140, 3, 4, 8, 509, 5, 3, 9, 410, 4, 4, 10, 412, 4, 3, 11, 191, 3, 4, 12, 403, 4, 3, 13, 528, 5, 4, 14, 375, 4, 3, 15, 415, 4, 5, 16, 530, 5, 3, 17, 204, 3, 2, 18, 455, 4, 4, 
http://espn.go.com/golf/player/scorecards/_/id/590/year/2008/tournamentId/594/rich-barcelo, PGA Tour Qualifying Tournament - (12/03-12/08), 2008, 1, 445, 4, 4, 2, 371, 4, 3, 3, 471, 4, 4, 4, 192, 3, 2, 5, 535, 5, 5, 6, 255, 3, 3, 7, 346, 4, 4, 8, 559, 5, 4, 9, 452, 4, 6, 10, 416, 4, 3, 11, 617, 5, 4, 12, 363, 4, 4, 13, 214, 3, 3, 14, 389, 4, 3, 15, 468, 4, 5, 16, 600, 5, 5, 17, 168, 3, 3, 18, 439, 4, 4, 
http://espn.go.com/golf/player/scorecards/_/id/590/year/2008/tournamentId/594/rich-barcelo, PGA Tour Qualifying Tournament - (12/03-12/08), 2008, 1, 374, 4, 5, 2, 414, 4, 4, 3, 177, 3, 3, 4, 538, 5, 5, 5, 443, 4, 4, 6, 406, 4, 3, 7, 140, 3, 4, 8, 509, 5, 3, 9, 410, 4, 4, 10, 412, 4, 4, 11, 191, 3, 5, 12, 403, 4, 3, 13, 528, 5, 4, 14, 375, 4, 4, 15, 415, 4, 5, 16, 530, 5, 4, 17, 204, 3, 3, 18, 455, 4, 4, 
http://espn.go.com/golf/player/scorecards/_/id/590/year/2008/tournamentId/594/rich-barcelo, PGA Tour Qualifying Tournament - (12/03-12/08), 2008, 1, 374, 4, 4, 2, 414, 4, 4, 3, 177, 3, 3, 4, 538, 5, 4, 5, 443, 4, 4, 6, 406, 4, 5, 7, 140, 3, 4, 8, 509, 5, 3, 9, 410, 4, 4, 10, 412, 4, 4, 11, 191, 3, 4, 12, 403, 4, 3, 13, 528, 5, 4, 14, 375, 4, 4, 15, 415, 4, 5, 16, 530, 5, 4, 17, 204, 3, 3, 18, 455, 4, 4, 
http://espn.go.com/golf/player/scorecards/_/id/590/year/2008/tournamentId/594/rich-barcelo, PGA Tour Qualifying Tournament - (12/03-12/08), 2008, 1, 445, 4, 4, 2, 371, 4, 4, 3, 471, 4, 5, 4, 192, 3, 2, 5, 535, 5, 5, 6, 255, 3, 3, 7, 346, 4, 5, 8, 559, 5, 4, 9, 452, 4, 4, 10, 416, 4, 3, 11, 617, 5, 4, 12, 363, 4, 4, 13, 214, 3, 3, 14, 389, 4, 5, 15, 468, 4, 4, 16, 600, 5, 5, 17, 168, 3, 2, 18, 439, 4, 5, 
http://espn.go.com/golf/player/scorecards/_/id/590/year/2009/tournamentId/561/rich-barcelo, Legends Reno-Tahoe Open - (08/06-08/09), 2009, 1, 494, 4, 4, 2, 584, 5, 3, 3, 186, 3, 4, 4, 355, 4, 4, 5, 491, 4, 5, 6, 477, 4, 5, 7, 183, 3, 5, 8, 636, 5, 4, 9, 429, 4, 6, 10, 413, 4, 5, 11, 171, 3, 6, 12, 429, 4, 3, 13, 518, 5, 4, 14, 367, 4, 4, 15, 439, 4, 4, 16, 220, 3, 3, 17, 464, 4, 5, 18, 616, 5, 3, 
http://espn.go.com/golf/player/scorecards/_/id/590/year/2009/tournamentId/561/rich-barcelo, Legends Reno-Tahoe Open - (08/06-08/09), 2009, 1, 494, 4, 4, 2, 584, 5, 3, 3, 186, 3, 5, 4, 355, 4, 4, 5, 491, 4, 4, 6, 477, 4, 3, 7, 183, 3, 4, 8, 636, 5, 4, 9, 429, 4, 5, 10, 413, 4, 4, 11, 171, 3, 5, 12, 429, 4, 2, 13, 518, 5, 5, 14, 367, 4, 5, 15, 439, 4, 3, 16, 220, 3, 3, 17, 464, 4, 4, 18, 616, 5, 4, 
http://espn.go.com/golf/player/scorecards/_/id/590/year/2009/tournamentId/561/rich-barcelo, Legends Reno-Tahoe Open - (08/06-08/09), 2009, 1, 494, 4, 3, 2, 584, 5, 3, 3, 186, 3, 4, 4, 355, 4, 4, 5, 491, 4, 4, 6, 477, 4, 4, 7, 183, 3, 3, 8, 636, 5, 5, 9, 429, 4, 5, 10, 413, 4, 3, 11, 171, 3, 5, 12, 429, 4, 3, 13, 518, 5, 4, 14, 367, 4, 4, 15, 439, 4, 4, 16, 220, 3, 2, 17, 464, 4, 5, 18, 616, 5, 4, 
http://espn.go.com/golf/player/scorecards/_/id/590/year/2009/tournamentId/561/rich-barcelo, Legends Reno-Tahoe Open - (08/06-08/09), 2009, 1, 494, 4, 4, 2, 584, 5, 3, 3, 186, 3, 4, 4, 355, 4, 4, 5, 491, 4, 4, 6, 477, 4, 4, 7, 183, 3, 3, 8, 636, 5, 4, 9, 429, 4, 5, 10, 413, 4, 4, 11, 171, 3, 5, 12, 429, 4, 3, 13, 518, 5, 3, 14, 367, 4, 3, 15, 439, 4, 4, 16, 220, 3, 3, 17, 464, 4, 5, 18, 616, 5, 3, 
http://espn.go.com/golf/player/scorecards/_/id/590/year/2010/tournamentId/769/rich-barcelo, Sony Open in Hawaii - (01/14-01/17), 2010, 1, 480, 4, 4, 2, 423, 4, 5, 3, 422, 4, 4, 4, 204, 3, 3, 5, 467, 4, 4, 6, 460, 4, 4, 7, 176, 3, 3, 8, 454, 4, 4, 9, 506, 5, 5, 10, 351, 4, 4, 11, 194, 3, 3, 12, 440, 4, 4, 13, 477, 4, 5, 14, 430, 4, 5, 15, 398, 4, 4, 16, 417, 4, 4, 17, 194, 3, 2, 18, 551, 5, 4, 
http://espn.go.com/golf/player/scorecards/_/id/590/year/2010/tournamentId/769/rich-barcelo, Sony Open in Hawaii - (01/14-01/17), 2010, 1, 480, 4, 4, 2, 423, 4, 4, 3, 422, 4, 4, 4, 204, 3, 3, 5, 467, 4, 4, 6, 460, 4, 4, 7, 176, 3, 3, 8, 454, 4, 3, 9, 506, 5, 5, 10, 351, 4, 4, 11, 194, 3, 3, 12, 440, 4, 4, 13, 477, 4, 5, 14, 430, 4, 4, 15, 398, 4, 4, 16, 417, 4, 4, 17, 194, 3, 3, 18, 551, 5, 4, 
http://espn.go.com/golf/player/scorecards/_/id/590/year/2010/tournamentId/769/rich-barcelo, Sony Open in Hawaii - (01/14-01/17), 2010, 1, 480, 4, 4, 2, 423, 4, 4, 3, 422, 4, 3, 4, 204, 3, 3, 5, 467, 4, 4, 6, 460, 4, 4, 7, 176, 3, 3, 8, 454, 4, 5, 9, 506, 5, 4, 10, 351, 4, 5, 11, 194, 3, 3, 12, 440, 4, 4, 13, 477, 4, 4, 14, 430, 4, 4, 15, 398, 4, 4, 16, 417, 4, 4, 17, 194, 3, 3, 18, 551, 5, 6, 
http://espn.go.com/golf/player/scorecards/_/id/590/year/2010/tournamentId/769/rich-barcelo, Sony Open in Hawaii - (01/14-01/17), 2010, 1, 480, 4, 4, 2, 423, 4, 4, 3, 422, 4, 3, 4, 204, 3, 3, 5, 467, 4, 5, 6, 460, 4, 4, 7, 176, 3, 3, 8, 454, 4, 4, 9, 506, 5, 4, 10, 351, 4, 4, 11, 194, 3, 3, 12, 440, 4, 5, 13, 477, 4, 4, 14, 430, 4, 4, 15, 398, 4, 4, 16, 417, 4, 4, 17, 194, 3, 3, 18, 551, 5, 5, 
http://espn.go.com/golf/player/scorecards/_/id/590/year/2010/tournamentId/768/rich-barcelo, Farmers Insurance Open - (01/28-01/31), 2010, 1, 450, 4, 4, 2, 389, 4, 4, 3, 200, 3, 3, 4, 488, 4, 5, 5, 454, 4, 4, 6, 560, 5, 4, 7, 462, 4, 5, 8, 176, 3, 3, 9, 614, 5, 5, 10, 416, 4, 4, 11, 221, 3, 3, 12, 504, 4, 4, 13, 614, 5, 6, 14, 437, 4, 5, 15, 478, 4, 4, 16, 223, 3, 3, 17, 442, 4, 4, 18, 570, 5, 4, 
http://espn.go.com/golf/player/scorecards/_/id/590/year/2010/tournamentId/768/rich-barcelo, Farmers Insurance Open - (01/28-01/31), 2010, 1, 450, 4, 4, 2, 389, 4, 4, 3, 200, 3, 3, 4, 488, 4, 4, 5, 454, 4, 4, 6, 560, 5, 4, 7, 462, 4, 4, 8, 176, 3, 4, 9, 614, 5, 5, 10, 416, 4, 4, 11, 221, 3, 4, 12, 504, 4, 4, 13, 614, 5, 5, 14, 437, 4, 4, 15, 478, 4, 3, 16, 223, 3, 3, 17, 442, 4, 4, 18, 570, 5, 5, 
http://espn.go.com/golf/player/scorecards/_/id/590/year/2010/tournamentId/768/rich-barcelo, Farmers Insurance Open - (01/28-01/31), 2010, 1, 450, 4, 4, 2, 389, 4, 4, 3, 200, 3, 2, 4, 488, 4, 4, 5, 454, 4, 4, 6, 560, 5, 4, 7, 462, 4, 4, 8, 176, 3, 3, 9, 614, 5, 7, 10, 416, 4, 4, 11, 221, 3, 3, 12, 504, 4, 5, 13, 614, 5, 4, 14, 437, 4, 4, 15, 478, 4, 4, 16, 223, 3, 2, 17, 442, 4, 3, 18, 570, 5, 4, 
http://espn.go.com/golf/player/scorecards/_/id/590/year/2010/tournamentId/768/rich-barcelo, Farmers Insurance Open - (01/28-01/31), 2010, 1, 519, 5, 4, 2, 329, 4, 5, 3, 179, 3, 3, 4, 434, 4, 3, 5, 411, 4, 4, 6, 205, 3, 4, 7, 399, 4, 6, 8, 436, 4, 4, 9, 547, 5, 5, 10, 417, 4, 4, 11, 490, 4, 4, 12, 240, 3, 3, 13, 471, 4, 4, 14, 523, 5, 4, 15, 397, 4, 4, 16, 366, 4, 4, 17, 174, 3, 3, 18, 516, 5, 4, 
http://espn.go.com/golf/player/scorecards/_/id/590/year/2010/tournamentId/767/rich-barcelo, AT&T Pebble Beach National Pro-Am - (02/11-02/14), 2010, 1, 381, 4, 4, 2, 502, 5, 3, 3, 390, 4, 3, 4, 331, 4, 4, 5, 188, 3, 5, 6, 513, 5, 4, 7, 106, 3, 4, 8, 418, 4, 4, 9, 466, 4, 4, 10, 446, 4, 4, 11, 380, 4, 4, 12, 202, 3, 4, 13, 399, 4, 5, 14, 573, 5, 5, 15, 397, 4, 4, 16, 403, 4, 4, 17, 178, 3, 3, 18, 543, 5, 5, 
http://espn.go.com/golf/player/scorecards/_/id/590/year/2010/tournamentId/767/rich-barcelo, AT&T Pebble Beach National Pro-Am - (02/11-02/14), 2010, 1, 595, 5, 4, 2, 349, 4, 4, 3, 165, 3, 3, 4, 370, 4, 4, 5, 197, 3, 3, 6, 446, 4, 4, 7, 529, 5, 5, 8, 399, 4, 3, 9, 431, 4, 4, 10, 407, 4, 8, 11, 528, 5, 4, 12, 178, 3, 3, 13, 460, 4, 4, 14, 560, 5, 6, 15, 130, 3, 4, 16, 476, 4, 5, 17, 325, 4, 5, 18, 408, 4, 4, 
http://espn.go.com/golf/player/scorecards/_/id/590/year/2010/tournamentId/767/rich-barcelo, AT&T Pebble Beach National Pro-Am - (02/11-02/14), 2010, 1, 454, 4, 5, 2, 391, 4, 4, 3, 155, 3, 3, 4, 401, 4, 5, 5, 349, 4, 4, 6, 548, 5, 4, 7, 226, 3, 3, 8, 454, 4, 4, 9, 224, 3, 3, 10, 544, 5, 7, 11, 176, 3, 2, 12, 599, 5, 5, 13, 401, 4, 4, 14, 190, 3, 3, 15, 415, 4, 3, 16, 500, 4, 6, 17, 430, 4, 3, 18, 381, 4, 4, 
http://espn.go.com/golf/player/scorecards/_/id/590/year/2010/tournamentId/793/rich-barcelo, Mayakoba Golf Classic at Riviera Maya-Cancun - (02/18-02/21), 2010, 1, 438, 4, 5, 2, 428, 4, 3, 3, 389, 4, 4, 4, 116, 3, 4, 5, 554, 5, 4, 6, 416, 4, 4, 7, 554, 5, 3, 8, 151, 3, 5, 9, 462, 4, 4, 10, 200, 3, 5, 11, 360, 4, 4, 12, 451, 4, 4, 13, 532, 5, 5, 14, 452, 4, 5, 15, 155, 3, 3, 16, 485, 4, 5, 17, 386, 4, 3, 18, 458, 4, 4, 
http://espn.go.com/golf/player/scorecards/_/id/590/year/2010/tournamentId/793/rich-barcelo, Mayakoba Golf Classic at Riviera Maya-Cancun - (02/18-02/21), 2010, 1, 438, 4, 4, 2, 428, 4, 3, 3, 389, 4, 4, 4, 116, 3, 3, 5, 554, 5, 4, 6, 416, 4, 3, 7, 554, 5, 2, 8, 151, 3, 5, 9, 462, 4, 5, 10, 200, 3, 3, 11, 360, 4, 4, 12, 451, 4, 5, 13, 532, 5, 5, 14, 452, 4, 4, 15, 155, 3, 3, 16, 485, 4, 4, 17, 386, 4, 4, 18, 458, 4, 6, 
http://espn.go.com/golf/player/scorecards/_/id/590/year/2010/tournamentId/771/rich-barcelo, The Honda Classic - (03/04-03/07), 2010, 1, 365, 4, 4, 2, 464, 4, 3, 3, 538, 5, 5, 4, 376, 4, 4, 5, 217, 3, 4, 6, 479, 4, 5, 7, 226, 3, 3, 8, 427, 4, 4, 9, 421, 4, 4, 10, 508, 4, 3, 11, 450, 4, 4, 12, 427, 4, 4, 13, 388, 4, 4, 14, 465, 4, 3, 15, 179, 3, 6, 16, 434, 4, 4, 17, 190, 3, 2, 18, 556, 5, 5, 
http://espn.go.com/golf/player/scorecards/_/id/590/year/2010/tournamentId/771/rich-barcelo, The Honda Classic - (03/04-03/07), 2010, 1, 365, 4, 4, 2, 464, 4, 4, 3, 538, 5, 4, 4, 376, 4, 4, 5, 217, 3, 3, 6, 479, 4, 5, 7, 226, 3, 2, 8, 427, 4, 4, 9, 421, 4, 4, 10, 508, 4, 3, 11, 450, 4, 5, 12, 427, 4, 4, 13, 388, 4, 4, 14, 465, 4, 4, 15, 179, 3, 3, 16, 434, 4, 3, 17, 190, 3, 3, 18, 556, 5, 5, 
http://espn.go.com/golf/player/scorecards/_/id/590/year/2010/tournamentId/771/rich-barcelo, The Honda Classic - (03/04-03/07), 2010, 1, 365, 4, 5, 2, 464, 4, 4, 3, 538, 5, 4, 4, 376, 4, 4, 5, 217, 3, 4, 6, 479, 4, 4, 7, 226, 3, 2, 8, 427, 4, 4, 9, 421, 4, 4, 10, 508, 4, 5, 11, 450, 4, 4, 12, 427, 4, 5, 13, 388, 4, 3, 14, 465, 4, 3, 15, 179, 3, 4, 16, 434, 4, 4, 17, 190, 3, 3, 18, 556, 5, 4, 
http://espn.go.com/golf/player/scorecards/_/id/590/year/2010/tournamentId/771/rich-barcelo, The Honda Classic - (03/04-03/07), 2010, 1, 365, 4, 5, 2, 464, 4, 3, 3, 538, 5, 4, 4, 376, 4, 4, 5, 217, 3, 3, 6, 479, 4, 6, 7, 226, 3, 3, 8, 427, 4, 3, 9, 421, 4, 5, 10, 508, 4, 4, 11, 450, 4, 5, 12, 427, 4, 4, 13, 388, 4, 4, 14, 465, 4, 4, 15, 179, 3, 3, 16, 434, 4, 5, 17, 190, 3, 3, 18, 556, 5, 5, 
http://espn.go.com/golf/player/scorecards/_/id/590/year/2010/tournamentId/795/rich-barcelo, Puerto Rico Open presented by Banco Popular - (03/11-03/15), 2010, 1, 447, 4, 4, 2, 547, 5, 5, 3, 386, 4, 4, 4, 455, 4, 4, 5, 535, 5, 4, 6, 203, 3, 3, 7, 448, 4, 4, 8, 236, 3, 3, 9, 450, 4, 3, 10, 430, 4, 4, 11, 192, 3, 3, 12, 465, 4, 5, 13, 410, 4, 4, 14, 459, 4, 4, 15, 600, 5, 6, 16, 202, 3, 3, 17, 411, 4, 4, 18, 630, 5, 5, 
http://espn.go.com/golf/player/scorecards/_/id/590/year/2010/tournamentId/795/rich-barcelo, Puerto Rico Open presented by Banco Popular - (03/11-03/15), 2010, 1, 447, 4, 4, 2, 547, 5, 4, 3, 386, 4, 3, 4, 455, 4, 3, 5, 535, 5, 4, 6, 203, 3, 3, 7, 448, 4, 4, 8, 236, 3, 3, 9, 450, 4, 4, 10, 430, 4, 4, 11, 192, 3, 3, 12, 465, 4, 4, 13, 410, 4, 4, 14, 459, 4, 4, 15, 600, 5, 5, 16, 202, 3, 3, 17, 411, 4, 4, 18, 630, 5, 5, 
http://espn.go.com/golf/player/scorecards/_/id/590/year/2010/tournamentId/795/rich-barcelo, Puerto Rico Open presented by Banco Popular - (03/11-03/15), 2010, 1, 447, 4, 4, 2, 547, 5, 5, 3, 386, 4, 3, 4, 455, 4, 5, 5, 535, 5, 4, 6, 203, 3, 3, 7, 448, 4, 4, 8, 236, 3, 4, 9, 450, 4, 4, 10, 430, 4, 4, 11, 192, 3, 3, 12, 465, 4, 4, 13, 410, 4, 4, 14, 459, 4, 4, 15, 600, 5, 4, 16, 202, 3, 3, 17, 411, 4, 4, 18, 630, 5, 6, 
http://espn.go.com/golf/player/scorecards/_/id/590/year/2010/tournamentId/795/rich-barcelo, Puerto Rico Open presented by Banco Popular - (03/11-03/15), 2010, 1, 447, 4, 4, 2, 547, 5, 4, 3, 386, 4, 4, 4, 455, 4, 4, 5, 535, 5, 5, 6, 203, 3, 3, 7, 448, 4, 4, 8, 236, 3, 3, 9, 450, 4, 4, 10, 430, 4, 5, 11, 192, 3, 3, 12, 465, 4, 4, 13, 410, 4, 4, 14, 459, 4, 3, 15, 600, 5, 4, 16, 202, 3, 3, 17, 411, 4, 4, 18, 630, 5, 5, 
http://espn.go.com/golf/player/scorecards/_/id/590/year/2010/tournamentId/777/rich-barcelo, Shell Houston Open - (04/01-04/04), 2010, 1, 397, 4, 4, 2, 429, 4, 4, 3, 398, 4, 4, 4, 566, 5, 5, 5, 480, 4, 4, 6, 464, 4, 4, 7, 174, 3, 3, 8, 557, 5, 4, 9, 238, 3, 2, 10, 380, 4, 4, 11, 441, 4, 4, 12, 338, 4, 4, 13, 590, 5, 5, 14, 216, 3, 2, 15, 608, 5, 5, 16, 188, 3, 3, 17, 489, 4, 4, 18, 488, 4, 4, 
http://espn.go.com/golf/player/scorecards/_/id/590/year/2010/tournamentId/777/rich-barcelo, Shell Houston Open - (04/01-04/04), 2010, 1, 397, 4, 4, 2, 429, 4, 5, 3, 398, 4, 3, 4, 566, 5, 4, 5, 480, 4, 5, 6, 464, 4, 3, 7, 174, 3, 3, 8, 557, 5, 6, 9, 238, 3, 3, 10, 380, 4, 4, 11, 441, 4, 4, 12, 338, 4, 3, 13, 590, 5, 6, 14, 216, 3, 3, 15, 608, 5, 5, 16, 188, 3, 3, 17, 489, 4, 4, 18, 488, 4, 4, 
http://espn.go.com/golf/player/scorecards/_/id/590/year/2010/tournamentId/777/rich-barcelo, Shell Houston Open - (04/01-04/04), 2010, 1, 397, 4, 4, 2, 429, 4, 4, 3, 398, 4, 4, 4, 566, 5, 4, 5, 480, 4, 4, 6, 464, 4, 4, 7, 174, 3, 4, 8, 557, 5, 4, 9, 238, 3, 3, 10, 380, 4, 4, 11, 441, 4, 4, 12, 338, 4, 3, 13, 590, 5, 4, 14, 216, 3, 2, 15, 608, 5, 5, 16, 188, 3, 3, 17, 489, 4, 5, 18, 488, 4, 4, 
http://espn.go.com/golf/player/scorecards/_/id/590/year/2010/tournamentId/777/rich-barcelo, Shell Houston Open - (04/01-04/04), 2010, 1, 397, 4, 3, 2, 429, 4, 4, 3, 398, 4, 4, 4, 566, 5, 5, 5, 480, 4, 5, 6, 464, 4, 7, 7, 174, 3, 4, 8, 557, 5, 5, 9, 238, 3, 3, 10, 380, 4, 4, 11, 441, 4, 4, 12, 338, 4, 4, 13, 590, 5, 4, 14, 216, 3, 3, 15, 608, 5, 4, 16, 188, 3, 3, 17, 489, 4, 4, 18, 488, 4, 5, 
http://espn.go.com/golf/player/scorecards/_/id/590/year/2010/tournamentId/796/rich-barcelo, Zurich Classic of New Orleans - (04/22-04/25), 2010, 1, 399, 4, 5, 2, 548, 5, 4, 3, 221, 3, 3, 4, 482, 4, 4, 5, 438, 4, 5, 6, 476, 4, 4, 7, 561, 5, 4, 8, 372, 4, 3, 9, 207, 3, 2, 10, 390, 4, 5, 11, 575, 5, 3, 12, 492, 4, 3, 13, 403, 4, 4, 14, 216, 3, 4, 15, 490, 4, 4, 16, 355, 4, 4, 17, 215, 3, 3, 18, 585, 5, 5, 
http://espn.go.com/golf/player/scorecards/_/id/590/year/2010/tournamentId/796/rich-barcelo, Zurich Classic of New Orleans - (04/22-04/25), 2010, 1, 399, 4, 4, 2, 548, 5, 5, 3, 221, 3, 3, 4, 482, 4, 4, 5, 438, 4, 4, 6, 476, 4, 4, 7, 561, 5, 4, 8, 372, 4, 3, 9, 207, 3, 2, 10, 390, 4, 4, 11, 575, 5, 6, 12, 492, 4, 5, 13, 403, 4, 3, 14, 216, 3, 4, 15, 490, 4, 4, 16, 355, 4, 5, 17, 215, 3, 3, 18, 585, 5, 4, 
http://espn.go.com/golf/player/scorecards/_/id/590/year/2010/tournamentId/796/rich-barcelo, Zurich Classic of New Orleans - (04/22-04/25), 2010, 1, 399, 4, 4, 2, 548, 5, 5, 3, 221, 3, 3, 4, 482, 4, 4, 5, 438, 4, 4, 6, 476, 4, 6, 7, 561, 5, 5, 8, 372, 4, 4, 9, 207, 3, 4, 10, 390, 4, 4, 11, 575, 5, 4, 12, 492, 4, 5, 13, 403, 4, 3, 14, 216, 3, 2, 15, 490, 4, 4, 16, 355, 4, 5, 17, 215, 3, 3, 18, 585, 5, 5, 
http://espn.go.com/golf/player/scorecards/_/id/590/year/2010/tournamentId/796/rich-barcelo, Zurich Classic of New Orleans - (04/22-04/25), 2010, 1, 399, 4, 3, 2, 548, 5, 5, 3, 221, 3, 4, 4, 482, 4, 4, 5, 438, 4, 4, 6, 476, 4, 5, 7, 561, 5, 5, 8, 372, 4, 3, 9, 207, 3, 3, 10, 390, 4, 4, 11, 575, 5, 4, 12, 492, 4, 3, 13, 403, 4, 3, 14, 216, 3, 3, 15, 490, 4, 4, 16, 355, 4, 4, 17, 215, 3, 4, 18, 585, 5, 4, 
http://espn.go.com/golf/player/scorecards/_/id/590/year/2010/tournamentId/791/rich-barcelo, Wells Fargo Championship - (04/29-05/02), 2010, 1, 418, 4, 4, 2, 178, 3, 3, 3, 452, 4, 4, 4, 483, 4, 4, 5, 570, 5, 5, 6, 250, 3, 3, 7, 532, 5, 4, 8, 350, 4, 3, 9, 495, 4, 5, 10, 598, 5, 6, 11, 426, 4, 5, 12, 456, 4, 4, 13, 210, 3, 3, 14, 345, 4, 4, 15, 566, 5, 5, 16, 487, 4, 5, 17, 198, 3, 3, 18, 478, 4, 4, 
http://espn.go.com/golf/player/scorecards/_/id/590/year/2010/tournamentId/791/rich-barcelo, Wells Fargo Championship - (04/29-05/02), 2010, 1, 418, 4, 3, 2, 178, 3, 3, 3, 452, 4, 5, 4, 483, 4, 5, 5, 570, 5, 6, 6, 250, 3, 4, 7, 532, 5, 4, 8, 350, 4, 3, 9, 495, 4, 4, 10, 598, 5, 5, 11, 426, 4, 5, 12, 456, 4, 4, 13, 210, 3, 4, 14, 345, 4, 3, 15, 566, 5, 4, 16, 487, 4, 5, 17, 198, 3, 4, 18, 478, 4, 4, 
http://espn.go.com/golf/player/scorecards/_/id/590/year/2010/tournamentId/801/rich-barcelo, Valero Texas Open - (05/13-05/16), 2010, 1, 454, 4, 5, 2, 602, 5, 5, 3, 213, 3, 3, 4, 481, 4, 4, 5, 342, 4, 3, 6, 403, 4, 5, 7, 207, 3, 4, 8, 604, 5, 5, 9, 474, 4, 4, 10, 447, 4, 4, 11, 405, 4, 3, 12, 410, 4, 3, 13, 241, 3, 3, 14, 567, 5, 5, 15, 464, 4, 3, 16, 183, 3, 2, 17, 347, 4, 4, 18, 591, 5, 7, 
http://espn.go.com/golf/player/scorecards/_/id/590/year/2010/tournamentId/801/rich-barcelo, Valero Texas Open - (05/13-05/16), 2010, 1, 454, 4, 4, 2, 602, 5, 5, 3, 213, 3, 2, 4, 481, 4, 4, 5, 342, 4, 4, 6, 403, 4, 4, 7, 207, 3, 3, 8, 604, 5, 5, 9, 474, 4, 5, 10, 447, 4, 4, 11, 405, 4, 4, 12, 410, 4, 5, 13, 241, 3, 4, 14, 567, 5, 5, 15, 464, 4, 4, 16, 183, 3, 4, 17, 347, 4, 3, 18, 591, 5, 7, 
http://espn.go.com/golf/player/scorecards/_/id/590/year/2010/tournamentId/778/rich-barcelo, HP Byron Nelson Championship - (05/20-05/23), 2010, 1, 458, 4, 5, 2, 221, 3, 3, 3, 528, 4, 6, 4, 431, 4, 5, 5, 174, 3, 3, 6, 448, 4, 4, 7, 542, 5, 3, 8, 461, 4, 4, 9, 427, 4, 4, 10, 435, 4, 4, 11, 323, 4, 3, 12, 455, 4, 4, 13, 180, 3, 3, 14, 406, 4, 5, 15, 504, 4, 4, 16, 546, 5, 5, 17, 198, 3, 3, 18, 429, 4, 3, 
http://espn.go.com/golf/player/scorecards/_/id/590/year/2010/tournamentId/778/rich-barcelo, HP Byron Nelson Championship - (05/20-05/23), 2010, 1, 458, 4, 5, 2, 221, 3, 3, 3, 528, 4, 4, 4, 431, 4, 4, 5, 174, 3, 3, 6, 448, 4, 5, 7, 542, 5, 6, 8, 461, 4, 4, 9, 427, 4, 5, 10, 435, 4, 4, 11, 323, 4, 4, 12, 455, 4, 4, 13, 180, 3, 3, 14, 406, 4, 5, 15, 504, 4, 3, 16, 546, 5, 5, 17, 198, 3, 3, 18, 429, 4, 5, 
http://espn.go.com/golf/player/scorecards/_/id/590/year/2010/tournamentId/782/rich-barcelo, St. Jude Classic presented by Smith & Nephew - (06/10-06/13), 2010, 1, 434, 4, 3, 2, 401, 4, 4, 3, 554, 5, 4, 4, 196, 3, 3, 5, 485, 4, 5, 6, 445, 4, 4, 7, 482, 4, 4, 8, 178, 3, 4, 9, 457, 4, 4, 10, 465, 4, 4, 11, 157, 3, 3, 12, 406, 4, 4, 13, 472, 4, 4, 14, 239, 3, 4, 15, 395, 4, 4, 16, 530, 5, 4, 17, 490, 4, 4, 18, 453, 4, 4, 
http://espn.go.com/golf/player/scorecards/_/id/590/year/2010/tournamentId/782/rich-barcelo, St. Jude Classic presented by Smith & Nephew - (06/10-06/13), 2010, 1, 434, 4, 5, 2, 401, 4, 5, 3, 554, 5, 5, 4, 196, 3, 3, 5, 485, 4, 4, 6, 445, 4, 5, 7, 482, 4, 4, 8, 178, 3, 3, 9, 457, 4, 4, 10, 465, 4, 4, 11, 157, 3, 3, 12, 406, 4, 3, 13, 472, 4, 4, 14, 239, 3, 3, 15, 395, 4, 4, 16, 530, 5, 6, 17, 490, 4, 5, 18, 453, 4, 4, 
http://espn.go.com/golf/player/scorecards/_/id/590/year/2010/tournamentId/782/rich-barcelo, St. Jude Classic presented by Smith & Nephew - (06/10-06/13), 2010, 1, 434, 4, 4, 2, 401, 4, 4, 3, 554, 5, 4, 4, 196, 3, 3, 5, 485, 4, 4, 6, 445, 4, 4, 7, 482, 4, 4, 8, 178, 3, 3, 9, 457, 4, 4, 10, 465, 4, 4, 11, 157, 3, 4, 12, 406, 4, 3, 13, 472, 4, 3, 14, 239, 3, 3, 15, 395, 4, 3, 16, 530, 5, 5, 17, 490, 4, 5, 18, 453, 4, 4, 
http://espn.go.com/golf/player/scorecards/_/id/590/year/2010/tournamentId/782/rich-barcelo, St. Jude Classic presented by Smith & Nephew - (06/10-06/13), 2010, 1, 434, 4, 5, 2, 401, 4, 3, 3, 554, 5, 5, 4, 196, 3, 3, 5, 485, 4, 4, 6, 445, 4, 3, 7, 482, 4, 3, 8, 178, 3, 4, 9, 457, 4, 4, 10, 465, 4, 4, 11, 157, 3, 3, 12, 406, 4, 4, 13, 472, 4, 5, 14, 239, 3, 3, 15, 395, 4, 4, 16, 530, 5, 5, 17, 490, 4, 3, 18, 453, 4, 3, 
http://espn.go.com/golf/player/scorecards/_/id/590/year/2010/tournamentId/797/rich-barcelo, U.S. Open Championship - (06/17-06/20), 2010, 1, 380, 4, 3, 2, 502, 4, 3, 3, 404, 4, 5, 4, 331, 4, 5, 5, 195, 3, 4, 6, 523, 5, 4, 7, 109, 3, 4, 8, 428, 4, 4, 9, 505, 4, 4, 10, 495, 4, 6, 11, 390, 4, 4, 12, 202, 3, 3, 13, 445, 4, 4, 14, 580, 5, 5, 15, 397, 4, 4, 16, 403, 4, 4, 17, 208, 3, 3, 18, 543, 5, 5, 
http://espn.go.com/golf/player/scorecards/_/id/590/year/2010/tournamentId/797/rich-barcelo, U.S. Open Championship - (06/17-06/20), 2010, 1, 380, 4, 4, 2, 502, 4, 4, 3, 404, 4, 4, 4, 331, 4, 4, 5, 195, 3, 2, 6, 523, 5, 7, 7, 109, 3, 4, 8, 428, 4, 4, 9, 505, 4, 4, 10, 495, 4, 5, 11, 390, 4, 5, 12, 202, 3, 3, 13, 445, 4, 4, 14, 580, 5, 7, 15, 397, 4, 4, 16, 403, 4, 4, 17, 208, 3, 3, 18, 543, 5, 5, 
http://espn.go.com/golf/player/scorecards/_/id/590/year/2010/tournamentId/783/rich-barcelo, Travelers Championship - (06/24-06/27), 2010, 1, 434, 4, 5, 2, 341, 4, 4, 3, 431, 4, 4, 4, 481, 4, 3, 5, 223, 3, 3, 6, 574, 5, 5, 7, 443, 4, 5, 8, 202, 3, 3, 9, 406, 4, 3, 10, 462, 4, 5, 11, 158, 3, 3, 12, 411, 4, 4, 13, 523, 5, 5, 14, 421, 4, 4, 15, 296, 4, 4, 16, 171, 3, 3, 17, 433, 4, 4, 18, 444, 4, 4, 
http://espn.go.com/golf/player/scorecards/_/id/590/year/2010/tournamentId/783/rich-barcelo, Travelers Championship - (06/24-06/27), 2010, 1, 434, 4, 4, 2, 341, 4, 3, 3, 431, 4, 4, 4, 481, 4, 4, 5, 223, 3, 2, 6, 574, 5, 5, 7, 443, 4, 3, 8, 202, 3, 3, 9, 406, 4, 4, 10, 462, 4, 4, 11, 158, 3, 3, 12, 411, 4, 4, 13, 523, 5, 5, 14, 421, 4, 4, 15, 296, 4, 9, 16, 171, 3, 3, 17, 433, 4, 4, 18, 444, 4, 4, 
http://espn.go.com/golf/player/scorecards/_/id/590/year/2010/tournamentId/786/rich-barcelo, John Deere Classic - (07/08-07/11), 2010, 1, 395, 4, 4, 2, 561, 5, 4, 3, 186, 3, 2, 4, 454, 4, 4, 5, 433, 4, 4, 6, 367, 4, 3, 7, 226, 3, 3, 8, 428, 4, 4, 9, 503, 4, 4, 10, 596, 5, 5, 11, 432, 4, 4, 12, 215, 3, 3, 13, 424, 4, 5, 14, 361, 4, 6, 15, 484, 4, 4, 16, 158, 3, 2, 17, 569, 5, 5, 18, 476, 4, 3, 
http://espn.go.com/golf/player/scorecards/_/id/590/year/2010/tournamentId/786/rich-barcelo, John Deere Classic - (07/08-07/11), 2010, 1, 395, 4, 5, 2, 561, 5, 5, 3, 186, 3, 3, 4, 454, 4, 6, 5, 433, 4, 4, 6, 367, 4, 5, 7, 226, 3, 3, 8, 428, 4, 4, 9, 503, 4, 4, 10, 596, 5, 5, 11, 432, 4, 4, 12, 215, 3, 3, 13, 424, 4, 4, 14, 361, 4, 3, 15, 484, 4, 4, 16, 158, 3, 2, 17, 569, 5, 5, 18, 476, 4, 5, 
http://espn.go.com/golf/player/scorecards/_/id/590/year/2010/tournamentId/789/rich-barcelo, Reno-Tahoe Open - (07/15-07/18), 2010, 1, 494, 4, 4, 2, 584, 5, 4, 3, 186, 3, 4, 4, 355, 4, 5, 5, 491, 4, 3, 6, 477, 4, 4, 7, 183, 3, 3, 8, 636, 5, 4, 9, 429, 4, 5, 10, 413, 4, 4, 11, 171, 3, 7, 12, 429, 4, 3, 13, 518, 5, 4, 14, 367, 4, 4, 15, 439, 4, 5, 16, 220, 3, 3, 17, 464, 4, 5, 18, 616, 5, 3, 
http://espn.go.com/golf/player/scorecards/_/id/590/year/2010/tournamentId/789/rich-barcelo, Reno-Tahoe Open - (07/15-07/18), 2010, 1, 494, 4, 5, 2, 584, 5, 3, 3, 186, 3, 4, 4, 355, 4, 4, 5, 491, 4, 4, 6, 477, 4, 4, 7, 183, 3, 4, 8, 636, 5, 7, 9, 429, 4, 5, 10, 413, 4, 4, 11, 171, 3, 4, 12, 429, 4, 2, 13, 518, 5, 5, 14, 367, 4, 4, 15, 439, 4, 4, 16, 220, 3, 3, 17, 464, 4, 5, 18, 616, 5, 4, 
http://espn.go.com/golf/player/scorecards/_/id/590/year/2010/tournamentId/789/rich-barcelo, Reno-Tahoe Open - (07/15-07/18), 2010, 1, 494, 4, 4, 2, 584, 5, 4, 3, 186, 3, 4, 4, 355, 4, 5, 5, 491, 4, 3, 6, 477, 4, 5, 7, 183, 3, 3, 8, 636, 5, 4, 9, 429, 4, 5, 10, 413, 4, 3, 11, 171, 3, 5, 12, 429, 4, 2, 13, 518, 5, 4, 14, 367, 4, 4, 15, 439, 4, 3, 16, 220, 3, 3, 17, 464, 4, 4, 18, 616, 5, 4, 
http://espn.go.com/golf/player/scorecards/_/id/590/year/2010/tournamentId/789/rich-barcelo, Reno-Tahoe Open - (07/15-07/18), 2010, 1, 494, 4, 3, 2, 584, 5, 2, 3, 186, 3, 4, 4, 355, 4, 5, 5, 491, 4, 5, 6, 477, 4, 5, 7, 183, 3, 3, 8, 636, 5, 4, 9, 429, 4, 3, 10, 413, 4, 4, 11, 171, 3, 6, 12, 429, 4, 3, 13, 518, 5, 4, 14, 367, 4, 4, 15, 439, 4, 4, 16, 220, 3, 3, 17, 464, 4, 5, 18, 616, 5, 4, 
http://espn.go.com/golf/player/scorecards/_/id/590/year/2010/tournamentId/800/rich-barcelo, RBC Canadian Open - (07/22-07/25), 2010, 1, 370, 4, 5, 2, 478, 4, 5, 3, 213, 3, 4, 4, 474, 4, 6, 5, 459, 4, 3, 6, 146, 3, 5, 7, 451, 4, 4, 8, 223, 3, 3, 9, 538, 5, 4, 10, 377, 4, 5, 11, 528, 5, 5, 12, 399, 4, 6, 13, 213, 3, 3, 14, 480, 4, , 15, 570, 5, , 16, 203, 3, , 17, 486, 4, , 18, 471, 4, , 
http://espn.go.com/golf/player/scorecards/_/id/590/year/2010/tournamentId/800/rich-barcelo, RBC Canadian Open - (07/22-07/25), 2010, 1, 370, 4, 3, 2, 478, 4, 4, 3, 213, 3, 3, 4, 474, 4, 6, 5, 459, 4, 4, 6, 146, 3, 2, 7, 451, 4, 4, 8, 223, 3, 3, 9, 538, 5, 4, 10, 377, 4, 3, 11, 528, 5, 3, 12, 399, 4, 3, 13, 213, 3, 3, 14, 480, 4, 4, 15, 570, 5, 5, 16, 203, 3, 4, 17, 486, 4, 4, 18, 471, 4, 4, 
http://espn.go.com/golf/player/scorecards/_/id/590/year/2010/tournamentId/800/rich-barcelo, RBC Canadian Open - (07/22-07/25), 2010, 1, 370, 4, 3, 2, 478, 4, 5, 3, 213, 3, 3, 4, 474, 4, 4, 5, 459, 4, 4, 6, 146, 3, 4, 7, 451, 4, 5, 8, 223, 3, 3, 9, 538, 5, 4, 10, 377, 4, 5, 11, 528, 5, 4, 12, 399, 4, 4, 13, 213, 3, 3, 14, 480, 4, 5, 15, 570, 5, 5, 16, 203, 3, 4, 17, 486, 4, 4, 18, 471, 4, 5, 
http://espn.go.com/golf/player/scorecards/_/id/590/year/2010/tournamentId/800/rich-barcelo, RBC Canadian Open - (07/22-07/25), 2010, 1, 370, 4, 4, 2, 478, 4, 5, 3, 213, 3, 3, 4, 474, 4, 3, 5, 459, 4, 3, 6, 146, 3, 2, 7, 451, 4, 3, 8, 223, 3, 2, 9, 538, 5, 5, 10, 377, 4, 3, 11, 528, 5, 4, 12, 399, 4, 4, 13, 213, 3, 3, 14, 480, 4, 6, 15, 570, 5, 4, 16, 203, 3, 2, 17, 486, 4, 4, 18, 471, 4, 5, 
http://espn.go.com/golf/player/scorecards/_/id/590/year/2010/tournamentId/804/rich-barcelo, The Greenbrier Classic - (07/29-08/01), 2010, 1, 449, 4, 4, 2, 488, 4, 6, 3, 205, 3, 4, 4, 427, 4, 4, 5, 388, 4, 4, 6, 471, 4, 4, 7, 430, 4, 4, 8, 234, 3, 3, 9, 404, 4, 4, 10, 385, 4, 4, 11, 493, 4, 3, 12, 568, 5, 5, 13, 492, 4, 4, 14, 401, 4, 4, 15, 217, 3, 3, 16, 444, 4, 4, 17, 616, 5, 6, 18, 175, 3, 3, 
http://espn.go.com/golf/player/scorecards/_/id/590/year/2010/tournamentId/804/rich-barcelo, The Greenbrier Classic - (07/29-08/01), 2010, 1, 449, 4, 4, 2, 488, 4, 6, 3, 205, 3, 4, 4, 427, 4, 4, 5, 388, 4, 3, 6, 471, 4, 4, 7, 430, 4, 3, 8, 234, 3, 4, 9, 404, 4, 3, 10, 385, 4, 4, 11, 493, 4, 5, 12, 568, 5, 6, 13, 492, 4, 6, 14, 401, 4, 6, 15, 217, 3, 3, 16, 444, 4, 4, 17, 616, 5, 5, 18, 175, 3, 3, 
http://espn.go.com/golf/player/scorecards/_/id/590/year/2010/tournamentId/794/rich-barcelo, Turning Stone Resort Championship - (08/05-08/08), 2010, 1, 398, 4, 4, 2, 447, 4, 4, 3, 198, 3, 3, 4, 414, 4, 4, 5, 550, 5, 4, 6, 185, 3, 3, 7, 433, 4, 4, 8, 576, 5, 5, 9, 479, 4, 3, 10, 422, 4, 4, 11, 230, 3, 3, 12, 580, 5, 5, 13, 439, 4, 4, 14, 410, 4, 3, 15, 442, 4, 4, 16, 177, 3, 3, 17, 478, 4, 4, 18, 624, 5, 5, 
http://espn.go.com/golf/player/scorecards/_/id/590/year/2010/tournamentId/794/rich-barcelo, Turning Stone Resort Championship - (08/05-08/08), 2010, 1, 398, 4, 4, 2, 447, 4, 4, 3, 198, 3, 3, 4, 414, 4, 5, 5, 550, 5, 4, 6, 185, 3, 3, 7, 433, 4, 3, 8, 576, 5, 7, 9, 479, 4, 4, 10, 422, 4, 5, 11, 230, 3, 3, 12, 580, 5, 5, 13, 439, 4, 4, 14, 410, 4, 4, 15, 442, 4, 4, 16, 177, 3, 3, 17, 478, 4, 4, 18, 624, 5, 5, 
http://espn.go.com/golf/player/scorecards/_/id/590/year/2010/tournamentId/776/rich-barcelo, Wyndham Championship - (08/19-08/22), 2010, 1, 418, 4, 4, 2, 442, 4, 4, 3, 174, 3, 3, 4, 428, 4, 5, 5, 529, 5, 4, 6, 423, 4, 4, 7, 223, 3, 4, 8, 374, 4, 4, 9, 416, 4, 4, 10, 440, 4, 3, 11, 486, 4, 3, 12, 235, 3, 3, 13, 405, 4, 4, 14, 501, 4, 4, 15, 545, 5, 6, 16, 165, 3, 3, 17, 406, 4, 4, 18, 507, 4, 4, 
http://espn.go.com/golf/player/scorecards/_/id/590/year/2010/tournamentId/776/rich-barcelo, Wyndham Championship - (08/19-08/22), 2010, 1, 418, 4, 4, 2, 442, 4, 4, 3, 174, 3, 3, 4, 428, 4, 5, 5, 529, 5, 5, 6, 423, 4, 4, 7, 223, 3, 4, 8, 374, 4, 4, 9, 416, 4, 4, 10, 440, 4, 4, 11, 486, 4, 5, 12, 235, 3, 2, 13, 405, 4, 4, 14, 501, 4, 4, 15, 545, 5, 5, 16, 165, 3, 4, 17, 406, 4, 4, 18, 507, 4, 7, 
http://espn.go.com/golf/player/scorecards/_/id/590/year/2010/tournamentId/834/rich-barcelo, Viking Classic - (09/30-10/03), 2010, 1, 385, 4, 5, 2, 213, 3, 3, 3, 406, 4, 4, 4, 465, 4, 5, 5, 522, 5, 5, 6, 424, 4, 5, 7, 556, 5, 3, 8, 209, 3, 3, 9, 450, 4, 4, 10, 410, 4, 4, 11, 579, 5, 5, 12, 171, 3, 4, 13, 414, 4, 4, 14, 473, 4, 7, 15, 176, 3, 3, 16, 408, 4, 5, 17, 409, 4, 4, 18, 532, 5, 5, 
http://espn.go.com/golf/player/scorecards/_/id/590/year/2010/tournamentId/834/rich-barcelo, Viking Classic - (09/30-10/03), 2010, 1, 385, 4, 4, 2, 213, 3, 3, 3, 406, 4, 4, 4, 465, 4, 4, 5, 522, 5, 6, 6, 424, 4, 4, 7, 556, 5, 5, 8, 209, 3, 3, 9, 450, 4, 4, 10, 410, 4, 3, 11, 579, 5, 5, 12, 171, 3, 3, 13, 414, 4, 4, 14, 473, 4, 4, 15, 176, 3, 3, 16, 408, 4, 5, 17, 409, 4, 4, 18, 532, 5, 4, 
http://espn.go.com/golf/player/scorecards/_/id/590/year/2010/tournamentId/841/rich-barcelo, The McGladrey Classic - (10/07-10/10), 2010, 1, 417, 4, 4, 2, 415, 4, 5, 3, 204, 3, 4, 4, 429, 4, 4, 5, 409, 4, 3, 6, 179, 3, 3, 7, 582, 5, 5, 8, 368, 4, 4, 9, 452, 4, 4, 10, 418, 4, 3, 11, 425, 4, 4, 12, 223, 3, 2, 13, 408, 4, 4, 14, 442, 4, 4, 15, 565, 5, 4, 16, 407, 4, 4, 17, 192, 3, 4, 18, 470, 4, 3, 
http://espn.go.com/golf/player/scorecards/_/id/590/year/2010/tournamentId/841/rich-barcelo, The McGladrey Classic - (10/07-10/10), 2010, 1, 417, 4, 3, 2, 415, 4, 4, 3, 204, 3, 3, 4, 429, 4, 4, 5, 409, 4, 4, 6, 179, 3, 4, 7, 582, 5, 6, 8, 368, 4, 6, 9, 452, 4, 4, 10, 418, 4, 3, 11, 425, 4, 4, 12, 223, 3, 3, 13, 408, 4, 4, 14, 442, 4, 3, 15, 565, 5, 5, 16, 407, 4, 6, 17, 192, 3, 3, 18, 470, 4, 4, 
http://espn.go.com/golf/player/scorecards/_/id/590/year/2010/tournamentId/841/rich-barcelo, The McGladrey Classic - (10/07-10/10), 2010, 1, 417, 4, 3, 2, 415, 4, 4, 3, 204, 3, 2, 4, 429, 4, 4, 5, 409, 4, 3, 6, 179, 3, 3, 7, 582, 5, 6, 8, 368, 4, 4, 9, 452, 4, 4, 10, 418, 4, 4, 11, 425, 4, 3, 12, 223, 3, 3, 13, 408, 4, 4, 14, 442, 4, 5, 15, 565, 5, 5, 16, 407, 4, 3, 17, 192, 3, 2, 18, 470, 4, 5, 
http://espn.go.com/golf/player/scorecards/_/id/590/year/2010/tournamentId/841/rich-barcelo, The McGladrey Classic - (10/07-10/10), 2010, 1, 417, 4, 4, 2, 415, 4, 3, 3, 204, 3, 3, 4, 429, 4, 4, 5, 409, 4, 3, 6, 179, 3, 2, 7, 582, 5, 5, 8, 368, 4, 4, 9, 452, 4, 4, 10, 418, 4, 4, 11, 425, 4, 4, 12, 223, 3, 2, 13, 408, 4, 4, 14, 442, 4, 4, 15, 565, 5, 4, 16, 407, 4, 4, 17, 192, 3, 3, 18, 470, 4, 4, 
http://espn.go.com/golf/player/scorecards/_/id/590/year/2010/tournamentId/837/rich-barcelo, Frys.com Open - (10/14-10/17), 2010, 1, 422, 4, 4, 2, 434, 4, 3, 3, 230, 3, 3, 4, 418, 4, 4, 5, 454, 4, 4, 6, 480, 4, 5, 7, 166, 3, 3, 8, 478, 4, 4, 9, 555, 5, 6, 10, 425, 4, 4, 11, 236, 3, 3, 12, 605, 5, 5, 13, 407, 4, 4, 14, 497, 4, 4, 15, 568, 5, 6, 16, 210, 3, 3, 17, 358, 4, 4, 18, 425, 4, 4, 
http://espn.go.com/golf/player/scorecards/_/id/590/year/2010/tournamentId/837/rich-barcelo, Frys.com Open - (10/14-10/17), 2010, 1, 422, 4, 4, 2, 434, 4, 3, 3, 230, 3, 3, 4, 418, 4, 4, 5, 454, 4, 4, 6, 480, 4, 5, 7, 166, 3, 3, 8, 478, 4, 4, 9, 555, 5, 5, 10, 425, 4, 4, 11, 236, 3, 3, 12, 605, 5, 5, 13, 407, 4, 5, 14, 497, 4, 4, 15, 568, 5, 3, 16, 210, 3, 3, 17, 358, 4, 6, 18, 425, 4, 4, 
http://espn.go.com/golf/player/scorecards/_/id/590/year/2010/tournamentId/835/rich-barcelo, Justin Timberlake Shriners Hospitals for Children Open - (10/21-10/24), 2010, 1, 408, 4, 4, 2, 469, 4, 4, 3, 492, 4, 5, 4, 450, 4, 5, 5, 197, 3, 3, 6, 430, 4, 4, 7, 382, 4, 3, 8, 239, 3, 3, 9, 563, 5, 4, 10, 420, 4, 4, 11, 448, 4, 5, 12, 442, 4, 4, 13, 606, 5, 4, 14, 156, 3, 3, 15, 341, 4, 4, 16, 560, 5, 8, 17, 196, 3, 3, 18, 444, 4, 4, 
http://espn.go.com/golf/player/scorecards/_/id/590/year/2010/tournamentId/835/rich-barcelo, Justin Timberlake Shriners Hospitals for Children Open - (10/21-10/24), 2010, 1, 408, 4, 4, 2, 469, 4, 5, 3, 492, 4, 4, 4, 450, 4, 4, 5, 197, 3, 3, 6, 430, 4, 3, 7, 382, 4, 6, 8, 239, 3, 3, 9, 563, 5, 4, 10, 420, 4, 4, 11, 448, 4, 4, 12, 442, 4, 4, 13, 606, 5, 5, 14, 156, 3, 3, 15, 341, 4, 4, 16, 560, 5, 4, 17, 196, 3, 4, 18, 444, 4, 4, 
http://espn.go.com/golf/player/scorecards/_/id/590/year/2010/tournamentId/836/rich-barcelo, Children's Miracle Network Classic - (11/11-11/14), 2010, 1, 428, 4, 4, 2, 417, 4, 4, 3, 170, 3, 2, 4, 542, 5, 4, 5, 492, 4, 5, 6, 231, 3, 4, 7, 422, 4, 3, 8, 614, 5, 6, 9, 500, 4, 4, 10, 526, 5, 4, 11, 399, 4, 4, 12, 169, 3, 3, 13, 384, 4, 5, 14, 592, 5, 4, 15, 203, 3, 3, 16, 450, 4, 4, 17, 485, 4, 3, 18, 492, 4, 4, 
http://espn.go.com/golf/player/scorecards/_/id/590/year/2010/tournamentId/836/rich-barcelo, Children's Miracle Network Classic - (11/11-11/14), 2010, 1, 498, 5, 5, 2, 424, 4, 4, 3, 167, 3, 3, 4, 422, 4, 5, 5, 410, 4, 4, 6, 411, 4, 4, 7, 524, 5, 5, 8, 205, 3, 3, 9, 380, 4, 4, 10, 441, 4, 4, 11, 544, 5, 5, 12, 206, 3, 2, 13, 358, 4, 5, 14, 547, 5, 4, 15, 422, 4, 4, 16, 195, 3, 4, 17, 399, 4, 4, 18, 458, 4, 5, 
http://espn.go.com/golf/player/scorecards/_/id/590/year/2011/tournamentId/920/rich-barcelo, Reno-Tahoe Open - (08/04-08/07), 2011, 1, 494, 4, 4, 2, 584, 5, 5, 3, 186, 3, 3, 4, 355, 4, 4, 5, 491, 4, 4, 6, 477, 4, 4, 7, 183, 3, 4, 8, 636, 5, 4, 9, 429, 4, 4, 10, 413, 4, 4, 11, 171, 3, 3, 12, 429, 4, 4, 13, 518, 5, 5, 14, 367, 4, 5, 15, 439, 4, 4, 16, 220, 3, 3, 17, 464, 4, 5, 18, 616, 5, 5, 
http://espn.go.com/golf/player/scorecards/_/id/590/year/2011/tournamentId/920/rich-barcelo, Reno-Tahoe Open - (08/04-08/07), 2011, 1, 494, 4, 5, 2, 584, 5, 5, 3, 186, 3, 4, 4, 355, 4, 4, 5, 491, 4, 4, 6, 477, 4, 3, 7, 183, 3, 4, 8, 636, 5, 4, 9, 429, 4, 4, 10, 413, 4, 5, 11, 171, 3, 3, 12, 429, 4, 4, 13, 518, 5, 8, 14, 367, 4, 4, 15, 439, 4, 4, 16, 220, 3, 4, 17, 464, 4, 5, 18, 616, 5, 5, 
