http://espn.go.com/golf/player/scorecards/_/id/1451/year/2006/tournamentId/295/jamie-donaldson, British Open Championship - (07/20-07/23), 2006, 1, 454, 4, 3, 2, 436, 4, 4, 3, 429, 4, 4, 4, 372, 4, 4, 5, 528, 5, 4, 6, 202, 3, 3, 7, 453, 4, 6, 8, 423, 4, 4, 9, 198, 3, 4, 10, 534, 5, 5, 11, 393, 4, 4, 12, 448, 4, 5, 13, 198, 3, 3, 14, 456, 4, 6, 15, 161, 3, 3, 16, 554, 5, 5, 17, 459, 4, 4, 18, 560, 5, 5, 
http://espn.go.com/golf/player/scorecards/_/id/1451/year/2006/tournamentId/295/jamie-donaldson, British Open Championship - (07/20-07/23), 2006, 1, 454, 4, 4, 2, 436, 4, 4, 3, 429, 4, 7, 4, 372, 4, 3, 5, 528, 5, 4, 6, 202, 3, 3, 7, 453, 4, 6, 8, 423, 4, 4, 9, 198, 3, 3, 10, 534, 5, 5, 11, 393, 4, 4, 12, 448, 4, 4, 13, 198, 3, 3, 14, 456, 4, 5, 15, 161, 3, 3, 16, 554, 5, 4, 17, 459, 4, 4, 18, 560, 5, 5, 
http://espn.go.com/golf/player/scorecards/_/id/1451/year/2011/tournamentId/983/jamie-donaldson, PGA Championship - (08/11-08/14), 2011, 1, 454, 4, 3, 2, 512, 4, 5, 3, 475, 4, 4, 4, 219, 3, 3, 5, 565, 5, 6, 6, 425, 4, 4, 7, 184, 3, 2, 8, 467, 4, 4, 9, 426, 4, 4, 10, 442, 4, 4, 11, 457, 4, 4, 12, 551, 5, 4, 13, 372, 4, 4, 14, 468, 4, 4, 15, 260, 3, 3, 16, 476, 4, 5, 17, 207, 3, 6, 18, 507, 4, 4, 
http://espn.go.com/golf/player/scorecards/_/id/1451/year/2011/tournamentId/983/jamie-donaldson, PGA Championship - (08/11-08/14), 2011, 1, 454, 4, 5, 2, 512, 4, 4, 3, 475, 4, 4, 4, 219, 3, 3, 5, 565, 5, 4, 6, 425, 4, 4, 7, 184, 3, 3, 8, 467, 4, 4, 9, 426, 4, 4, 10, 442, 4, 4, 11, 457, 4, 4, 12, 551, 5, 7, 13, 372, 4, 7, 14, 468, 4, 3, 15, 260, 3, 3, 16, 476, 4, 5, 17, 207, 3, 3, 18, 507, 4, 6, 
http://espn.go.com/golf/player/scorecards/_/id/1451/year/2012/tournamentId/1017/jamie-donaldson, The Open Championship - (07/19-07/22), 2012, 1, 205, 3, 4, 2, 481, 4, 4, 3, 478, 4, 4, 4, 392, 4, 6, 5, 219, 3, 3, 6, 492, 4, 5, 7, 592, 5, 5, 8, 416, 4, 4, 9, 165, 3, 4, 10, 387, 4, 4, 11, 598, 5, 5, 12, 198, 3, 4, 13, 355, 4, 4, 14, 444, 4, 3, 15, 462, 4, 5, 16, 336, 4, 3, 17, 453, 4, 5, 18, 413, 4, 4, 
http://espn.go.com/golf/player/scorecards/_/id/1451/year/2012/tournamentId/1017/jamie-donaldson, The Open Championship - (07/19-07/22), 2012, 1, 205, 3, 3, 2, 481, 4, 4, 3, 478, 4, 5, 4, 392, 4, 4, 5, 219, 3, 3, 6, 492, 4, 4, 7, 592, 5, 6, 8, 416, 4, 4, 9, 165, 3, 3, 10, 387, 4, 4, 11, 598, 5, 5, 12, 198, 3, 3, 13, 355, 4, 4, 14, 444, 4, 4, 15, 462, 4, 5, 16, 336, 4, 3, 17, 453, 4, 4, 18, 413, 4, 4, 
http://espn.go.com/golf/player/scorecards/_/id/1451/year/2012/tournamentId/1017/jamie-donaldson, The Open Championship - (07/19-07/22), 2012, 1, 205, 3, 3, 2, 481, 4, 4, 3, 478, 4, 6, 4, 392, 4, 5, 5, 219, 3, 3, 6, 492, 4, 5, 7, 592, 5, 5, 8, 416, 4, 3, 9, 165, 3, 3, 10, 387, 4, 4, 11, 598, 5, 5, 12, 198, 3, 3, 13, 355, 4, 3, 14, 444, 4, 4, 15, 462, 4, 4, 16, 336, 4, 3, 17, 453, 4, 4, 18, 413, 4, 5, 
http://espn.go.com/golf/player/scorecards/_/id/1451/year/2012/tournamentId/1017/jamie-donaldson, The Open Championship - (07/19-07/22), 2012, 1, 205, 3, 3, 2, 481, 4, 4, 3, 478, 4, 5, 4, 392, 4, 4, 5, 219, 3, 3, 6, 492, 4, 4, 7, 592, 5, 6, 8, 416, 4, 3, 9, 165, 3, 3, 10, 387, 4, 4, 11, 598, 5, 4, 12, 198, 3, 3, 13, 355, 4, 4, 14, 444, 4, 4, 15, 462, 4, 3, 16, 336, 4, 3, 17, 453, 4, 4, 18, 413, 4, 4, 
http://espn.go.com/golf/player/scorecards/_/id/1451/year/2012/tournamentId/1019/jamie-donaldson, World Golf Championships-Bridgestone Invitational - (08/02-08/05), 2012, 1, 399, 4, 4, 2, 526, 5, 4, 3, 442, 4, 4, 4, 471, 4, 4, 5, 200, 3, 3, 6, 469, 4, 4, 7, 219, 3, 3, 8, 482, 4, 4, 9, 494, 4, 3, 10, 410, 4, 3, 11, 418, 4, 4, 12, 180, 3, 3, 13, 471, 4, 4, 14, 467, 4, 3, 15, 221, 3, 3, 16, 667, 5, 4, 17, 400, 4, 4, 18, 464, 4, 5, 
http://espn.go.com/golf/player/scorecards/_/id/1451/year/2012/tournamentId/1019/jamie-donaldson, World Golf Championships-Bridgestone Invitational - (08/02-08/05), 2012, 1, 399, 4, 5, 2, 526, 5, 4, 3, 442, 4, 4, 4, 471, 4, 4, 5, 200, 3, 3, 6, 469, 4, 5, 7, 219, 3, 3, 8, 482, 4, 4, 9, 494, 4, 4, 10, 410, 4, 4, 11, 418, 4, 4, 12, 180, 3, 3, 13, 471, 4, 4, 14, 467, 4, 4, 15, 221, 3, 3, 16, 667, 5, 8, 17, 400, 4, 4, 18, 464, 4, 5, 
http://espn.go.com/golf/player/scorecards/_/id/1451/year/2012/tournamentId/1019/jamie-donaldson, World Golf Championships-Bridgestone Invitational - (08/02-08/05), 2012, 1, 399, 4, 4, 2, 526, 5, 4, 3, 442, 4, 4, 4, 471, 4, 5, 5, 200, 3, 3, 6, 469, 4, 5, 7, 219, 3, 3, 8, 482, 4, 4, 9, 494, 4, 4, 10, 410, 4, 4, 11, 418, 4, 4, 12, 180, 3, 3, 13, 471, 4, 4, 14, 467, 4, 5, 15, 221, 3, 3, 16, 667, 5, 6, 17, 400, 4, 4, 18, 464, 4, 4, 
http://espn.go.com/golf/player/scorecards/_/id/1451/year/2012/tournamentId/1019/jamie-donaldson, World Golf Championships-Bridgestone Invitational - (08/02-08/05), 2012, 1, 399, 4, 3, 2, 526, 5, 4, 3, 442, 4, 4, 4, 471, 4, 4, 5, 200, 3, 3, 6, 469, 4, 5, 7, 219, 3, 3, 8, 482, 4, 4, 9, 494, 4, 5, 10, 410, 4, 3, 11, 418, 4, 5, 12, 180, 3, 3, 13, 471, 4, 4, 14, 467, 4, 4, 15, 221, 3, 3, 16, 667, 5, 5, 17, 400, 4, 3, 18, 464, 4, 3, 
http://espn.go.com/golf/player/scorecards/_/id/1451/year/2012/tournamentId/1018/jamie-donaldson, PGA Championship - (08/09-08/12), 2012, 1, 396, 4, 4, 2, 557, 5, 5, 3, 390, 4, 5, 4, 458, 4, 4, 5, 188, 3, 2, 6, 480, 4, 4, 7, 579, 5, 4, 8, 198, 3, 3, 9, 494, 4, 4, 10, 447, 4, 4, 11, 593, 5, 5, 12, 412, 4, 4, 13, 497, 4, 5, 14, 238, 3, 2, 15, 444, 4, 3, 16, 581, 5, 5, 17, 223, 3, 4, 18, 501, 4, 3, 
http://espn.go.com/golf/player/scorecards/_/id/1451/year/2012/tournamentId/1018/jamie-donaldson, PGA Championship - (08/09-08/12), 2012, 1, 396, 4, 4, 2, 557, 5, 5, 3, 390, 4, 3, 4, 458, 4, 5, 5, 188, 3, 4, 6, 480, 4, 5, 7, 579, 5, 4, 8, 198, 3, 3, 9, 494, 4, 4, 10, 447, 4, 4, 11, 593, 5, 4, 12, 412, 4, 4, 13, 497, 4, 4, 14, 238, 3, 4, 15, 444, 4, 4, 16, 581, 5, 5, 17, 223, 3, 3, 18, 501, 4, 4, 
http://espn.go.com/golf/player/scorecards/_/id/1451/year/2012/tournamentId/1018/jamie-donaldson, PGA Championship - (08/09-08/12), 2012, 1, 396, 4, 3, 2, 557, 5, 5, 3, 390, 4, 4, 4, 458, 4, 4, 5, 188, 3, 3, 6, 480, 4, 3, 7, 579, 5, 7, 8, 198, 3, 2, 9, 494, 4, 4, 10, 447, 4, 4, 11, 593, 5, 5, 12, 412, 4, 4, 13, 497, 4, 4, 14, 238, 3, 4, 15, 444, 4, 5, 16, 581, 5, 4, 17, 223, 3, 4, 18, 501, 4, 4, 
http://espn.go.com/golf/player/scorecards/_/id/1451/year/2012/tournamentId/1018/jamie-donaldson, PGA Championship - (08/09-08/12), 2012, 1, 396, 4, 4, 2, 557, 5, 4, 3, 390, 4, 3, 4, 458, 4, 5, 5, 188, 3, 3, 6, 480, 4, 4, 7, 579, 5, 5, 8, 198, 3, 2, 9, 494, 4, 5, 10, 447, 4, 5, 11, 593, 5, 4, 12, 412, 4, 3, 13, 497, 4, 4, 14, 238, 3, 3, 15, 444, 4, 4, 16, 581, 5, 5, 17, 223, 3, 3, 18, 501, 4, 3, 
http://espn.go.com/golf/player/scorecards/_/id/1451/year/2012/tournamentId/1007/jamie-donaldson, Wyndham Championship - (08/16-08/20), 2012, 1, 418, 4, 4, 2, 442, 4, 4, 3, 174, 3, 3, 4, 428, 4, 4, 5, 529, 5, 5, 6, 423, 4, 3, 7, 223, 3, 3, 8, 374, 4, 5, 9, 416, 4, 5, 10, 440, 4, 3, 11, 486, 4, 3, 12, 235, 3, 3, 13, 405, 4, 4, 14, 501, 4, 7, 15, 545, 5, 4, 16, 165, 3, 3, 17, 406, 4, 4, 18, 507, 4, 4, 
http://espn.go.com/golf/player/scorecards/_/id/1451/year/2012/tournamentId/1007/jamie-donaldson, Wyndham Championship - (08/16-08/20), 2012, 1, 418, 4, 4, 2, 442, 4, 4, 3, 174, 3, 3, 4, 428, 4, 4, 5, 529, 5, 4, 6, 423, 4, 4, 7, 223, 3, 3, 8, 374, 4, 4, 9, 416, 4, 4, 10, 440, 4, 6, 11, 486, 4, 3, 12, 235, 3, 3, 13, 405, 4, 3, 14, 501, 4, 6, 15, 545, 5, 4, 16, 165, 3, 3, 17, 406, 4, 5, 18, 507, 4, 4, 
http://espn.go.com/golf/player/scorecards/_/id/1451/year/2012/tournamentId/1007/jamie-donaldson, Wyndham Championship - (08/16-08/20), 2012, 1, 418, 4, 4, 2, 442, 4, 4, 3, 174, 3, 2, 4, 428, 4, 4, 5, 529, 5, 4, 6, 423, 4, 4, 7, 223, 3, 3, 8, 374, 4, 4, 9, 416, 4, 3, 10, 440, 4, 4, 11, 486, 4, 4, 12, 235, 3, 3, 13, 405, 4, 3, 14, 501, 4, 5, 15, 545, 5, 4, 16, 165, 3, 3, 17, 406, 4, 4, 18, 507, 4, 4, 
http://espn.go.com/golf/player/scorecards/_/id/1451/year/2012/tournamentId/1007/jamie-donaldson, Wyndham Championship - (08/16-08/20), 2012, 1, 418, 4, 4, 2, 442, 4, 4, 3, 174, 3, 3, 4, 428, 4, 3, 5, 529, 5, 4, 6, 423, 4, 3, 7, 223, 3, 3, 8, 374, 4, 4, 9, 416, 4, 4, 10, 440, 4, 4, 11, 486, 4, 5, 12, 235, 3, 3, 13, 405, 4, 4, 14, 501, 4, 4, 15, 545, 5, 5, 16, 165, 3, 3, 17, 406, 4, 4, 18, 507, 4, 4, 
http://espn.go.com/golf/player/scorecards/_/id/1451/tournamentId/1200/jamie-donaldson, U.S. Open Golf Championship - (06/13-06/16), 2013, 1, 350, 4, 4, 2, 556, 5, 5, 3, 256, 3, 3, 4, 628, 5, 4, 5, 504, 4, 6, 6, 487, 4, 4, 7, 360, 4, 4, 8, 359, 4, 4, 9, 236, 3, 3, 10, 303, 4, 4, 11, 367, 4, 4, 12, 403, 4, 4, 13, 115, 3, 3, 14, 464, 4, 5, 15, 411, 4, 4, 16, 430, 4, 4, 17, 246, 3, 4, 18, 521, 4, 5, 
http://espn.go.com/golf/player/scorecards/_/id/1451/tournamentId/1200/jamie-donaldson, U.S. Open Golf Championship - (06/13-06/16), 2013, 1, 350, 4, 3, 2, 556, 5, 4, 3, 256, 3, 5, 4, 628, 5, 4, 5, 504, 4, 5, 6, 487, 4, 5, 7, 360, 4, 4, 8, 359, 4, 3, 9, 236, 3, 2, 10, 303, 4, 4, 11, 367, 4, 4, 12, 403, 4, 5, 13, 115, 3, 3, 14, 464, 4, 4, 15, 411, 4, 5, 16, 430, 4, 3, 17, 246, 3, 6, 18, 521, 4, 4, 
http://espn.go.com/golf/player/scorecards/_/id/1451/tournamentId/1200/jamie-donaldson, U.S. Open Golf Championship - (06/13-06/16), 2013, 1, 350, 4, 4, 2, 556, 5, 6, 3, 256, 3, 3, 4, 628, 5, 6, 5, 504, 4, 4, 6, 487, 4, 3, 7, 360, 4, 4, 8, 359, 4, 4, 9, 236, 3, 3, 10, 303, 4, 4, 11, 367, 4, 4, 12, 403, 4, 4, 13, 115, 3, 2, 14, 464, 4, 5, 15, 411, 4, 4, 16, 430, 4, 5, 17, 246, 3, 3, 18, 521, 4, 5, 
http://espn.go.com/golf/player/scorecards/_/id/1451/tournamentId/1200/jamie-donaldson, U.S. Open Golf Championship - (06/13-06/16), 2013, 1, 350, 4, 4, 2, 556, 5, 5, 3, 256, 3, 4, 4, 628, 5, 5, 5, 504, 4, 4, 6, 487, 4, 4, 7, 360, 4, 4, 8, 359, 4, 5, 9, 236, 3, 4, 10, 303, 4, 3, 11, 367, 4, 4, 12, 403, 4, 4, 13, 115, 3, 2, 14, 464, 4, 5, 15, 411, 4, 5, 16, 430, 4, 4, 17, 246, 3, 3, 18, 521, 4, 4, 
http://espn.go.com/golf/player/scorecards/_/id/1451/tournamentId/1193/jamie-donaldson, RBC Heritage - (04/18-04/21), 2013, 1, 410, 4, 4, 2, 502, 5, 4, 3, 469, 4, 4, 4, 200, 3, 4, 5, 540, 5, 4, 6, 419, 4, 5, 7, 195, 3, 4, 8, 473, 4, 5, 9, 332, 4, 4, 10, 451, 4, 4, 11, 436, 4, 4, 12, 430, 4, 5, 13, 373, 4, 4, 14, 192, 3, 3, 15, 588, 5, 6, 16, 434, 4, 4, 17, 185, 3, 4, 18, 472, 4, 4, 
http://espn.go.com/golf/player/scorecards/_/id/1451/tournamentId/1193/jamie-donaldson, RBC Heritage - (04/18-04/21), 2013, 1, 410, 4, 4, 2, 502, 5, 4, 3, 469, 4, 4, 4, 200, 3, 4, 5, 540, 5, 4, 6, 419, 4, 3, 7, 195, 3, 3, 8, 473, 4, 4, 9, 332, 4, 4, 10, 451, 4, 6, 11, 436, 4, 3, 12, 430, 4, 4, 13, 373, 4, 5, 14, 192, 3, 3, 15, 588, 5, 7, 16, 434, 4, 4, 17, 185, 3, 4, 18, 472, 4, 4, 
http://espn.go.com/golf/player/scorecards/_/id/1451/tournamentId/1192/jamie-donaldson, Masters Tournament - (04/11-04/14), 2013, 1, 445, 4, 4, 2, 575, 5, 5, 3, 350, 4, 5, 4, 240, 3, 4, 5, 455, 4, 4, 6, 180, 3, 3, 7, 450, 4, 4, 8, 570, 5, 5, 9, 460, 4, 6, 10, 495, 4, 4, 11, 505, 4, 4, 12, 155, 3, 3, 13, 510, 5, 5, 14, 440, 4, 4, 15, 530, 5, 4, 16, 170, 3, 5, 17, 440, 4, 3, 18, 465, 4, 3, 
http://espn.go.com/golf/player/scorecards/_/id/1451/tournamentId/1192/jamie-donaldson, Masters Tournament - (04/11-04/14), 2013, 1, 445, 4, 5, 2, 575, 5, 5, 3, 350, 4, 4, 4, 240, 3, 3, 5, 455, 4, 4, 6, 180, 3, 1, 7, 450, 4, 4, 8, 570, 5, 5, 9, 460, 4, 4, 10, 495, 4, 5, 11, 505, 4, 4, 12, 155, 3, 5, 13, 510, 5, 4, 14, 440, 4, 4, 15, 530, 5, 5, 16, 170, 3, 3, 17, 440, 4, 4, 18, 465, 4, 5, 
http://espn.go.com/golf/player/scorecards/_/id/1451/tournamentId/1210/jamie-donaldson, Valero Texas Open - (04/04-04/07), 2013, 1, 454, 4, 4, 2, 602, 5, 4, 3, 213, 3, 3, 4, 481, 4, 4, 5, 342, 4, 4, 6, 403, 4, 3, 7, 207, 3, 2, 8, 604, 5, 8, 9, 474, 4, 4, 10, 447, 4, 4, 11, 405, 4, 4, 12, 410, 4, 5, 13, 241, 3, 3, 14, 567, 5, 5, 15, 464, 4, 4, 16, 183, 3, 4, 17, 347, 4, 4, 18, 591, 5, 5, 
http://espn.go.com/golf/player/scorecards/_/id/1451/tournamentId/1210/jamie-donaldson, Valero Texas Open - (04/04-04/07), 2013, 1, 454, 4, 5, 2, 602, 5, 5, 3, 213, 3, 3, 4, 481, 4, 4, 5, 342, 4, 4, 6, 403, 4, 5, 7, 207, 3, 2, 8, 604, 5, 5, 9, 474, 4, 5, 10, 447, 4, 4, 11, 405, 4, 5, 12, 410, 4, 5, 13, 241, 3, 3, 14, 567, 5, 5, 15, 464, 4, 3, 16, 183, 3, 3, 17, 347, 4, 4, 18, 591, 5, 4, 
http://espn.go.com/golf/player/scorecards/_/id/1451/tournamentId/1215/jamie-donaldson, World Golf Championships-Cadillac Championship - (03/07-03/10), 2013, 1, 529, 5, 5, 2, 418, 4, 4, 3, 438, 4, 4, 4, 236, 3, 3, 5, 394, 4, 5, 6, 442, 4, 5, 7, 454, 4, 4, 8, 560, 5, 4, 9, 169, 3, 3, 10, 551, 5, 5, 11, 402, 4, 5, 12, 603, 5, 5, 13, 245, 3, 3, 14, 460, 4, 4, 15, 175, 3, 3, 16, 372, 4, 3, 17, 419, 4, 5, 18, 467, 4, 4, 
http://espn.go.com/golf/player/scorecards/_/id/1451/tournamentId/1215/jamie-donaldson, World Golf Championships-Cadillac Championship - (03/07-03/10), 2013, 1, 529, 5, 5, 2, 418, 4, 5, 3, 438, 4, 7, 4, 236, 3, 3, 5, 394, 4, 3, 6, 442, 4, 3, 7, 454, 4, 4, 8, 560, 5, 5, 9, 169, 3, 3, 10, 551, 5, 5, 11, 402, 4, 4, 12, 603, 5, 5, 13, 245, 3, 3, 14, 460, 4, 5, 15, 175, 3, 3, 16, 372, 4, 3, 17, 419, 4, 5, 18, 467, 4, 5, 
http://espn.go.com/golf/player/scorecards/_/id/1451/tournamentId/1215/jamie-donaldson, World Golf Championships-Cadillac Championship - (03/07-03/10), 2013, 1, 529, 5, 4, 2, 418, 4, 4, 3, 438, 4, 4, 4, 236, 3, 4, 5, 394, 4, 4, 6, 442, 4, 6, 7, 454, 4, 7, 8, 560, 5, 4, 9, 169, 3, 3, 10, 551, 5, 5, 11, 402, 4, 4, 12, 603, 5, 4, 13, 245, 3, 3, 14, 460, 4, 4, 15, 175, 3, 3, 16, 372, 4, 4, 17, 419, 4, 4, 18, 467, 4, 6, 
http://espn.go.com/golf/player/scorecards/_/id/1451/tournamentId/1215/jamie-donaldson, World Golf Championships-Cadillac Championship - (03/07-03/10), 2013, 1, 529, 5, 6, 2, 418, 4, 4, 3, 438, 4, 4, 4, 236, 3, 3, 5, 394, 4, 5, 6, 442, 4, 4, 7, 454, 4, 4, 8, 560, 5, 5, 9, 169, 3, 2, 10, 551, 5, 5, 11, 402, 4, 4, 12, 603, 5, 5, 13, 245, 3, 3, 14, 460, 4, 4, 15, 175, 3, 3, 16, 372, 4, 4, 17, 419, 4, 3, 18, 467, 4, 4, 
http://espn.go.com/golf/player/scorecards/_/id/1451/tournamentId/1188/jamie-donaldson, The Honda Classic - (02/28-03/03), 2013, 1, 365, 4, 4, 2, 464, 4, 4, 3, 538, 5, 5, 4, 376, 4, 4, 5, 217, 3, 3, 6, 479, 4, 6, 7, 226, 3, 3, 8, 427, 4, 5, 9, 421, 4, 4, 10, 508, 4, 4, 11, 450, 4, 4, 12, 427, 4, 4, 13, 388, 4, 5, 14, 465, 4, 4, 15, 179, 3, 3, 16, 434, 4, 4, 17, 190, 3, 3, 18, 556, 5, 4, 
http://espn.go.com/golf/player/scorecards/_/id/1451/tournamentId/1188/jamie-donaldson, The Honda Classic - (02/28-03/03), 2013, 1, 365, 4, 5, 2, 464, 4, 4, 3, 538, 5, 4, 4, 376, 4, 4, 5, 217, 3, 2, 6, 479, 4, 5, 7, 226, 3, 3, 8, 427, 4, 4, 9, 421, 4, 4, 10, 508, 4, 5, 11, 450, 4, 5, 12, 427, 4, 4, 13, 388, 4, 5, 14, 465, 4, 6, 15, 179, 3, 3, 16, 434, 4, 4, 17, 190, 3, 4, 18, 556, 5, 5, 
http://espn.go.com/golf/player/scorecards/_/id/1451/tournamentId/1188/jamie-donaldson, The Honda Classic - (02/28-03/03), 2013, 1, 365, 4, 3, 2, 464, 4, 4, 3, 538, 5, 4, 4, 376, 4, 5, 5, 217, 3, 2, 6, 479, 4, 4, 7, 226, 3, 2, 8, 427, 4, 5, 9, 421, 4, 4, 10, 508, 4, 4, 11, 450, 4, 4, 12, 427, 4, 4, 13, 388, 4, 4, 14, 465, 4, 4, 15, 179, 3, 2, 16, 434, 4, 4, 17, 190, 3, 3, 18, 556, 5, 4, 
http://espn.go.com/golf/player/scorecards/_/id/1451/tournamentId/1188/jamie-donaldson, The Honda Classic - (02/28-03/03), 2013, 1, 365, 4, 4, 2, 464, 4, 4, 3, 538, 5, 4, 4, 376, 4, 4, 5, 217, 3, 4, 6, 479, 4, 4, 7, 226, 3, 4, 8, 427, 4, 4, 9, 421, 4, 4, 10, 508, 4, 4, 11, 450, 4, 6, 12, 427, 4, 4, 13, 388, 4, 6, 14, 465, 4, 4, 15, 179, 3, 2, 16, 434, 4, 4, 17, 190, 3, 3, 18, 556, 5, 4, 
