http://espn.go.com/golf/player/scorecards/_/id/1085/year/2005/tournamentId/223/kenneth-ferrie, British Open Championship - (07/14-07/17), 2005, 1, 376, 4, 4, 2, 453, 4, 4, 3, 397, 4, 4, 4, 480, 4, 5, 5, 568, 5, 5, 6, 412, 4, 4, 7, 371, 4, 4, 8, 175, 3, 3, 9, 352, 4, 6, 10, 386, 4, 4, 11, 174, 3, 3, 12, 348, 4, 4, 13, 465, 4, 5, 14, 618, 5, 4, 15, 455, 4, 4, 16, 423, 4, 5, 17, 495, 4, 4, 18, 357, 4, 3, 
http://espn.go.com/golf/player/scorecards/_/id/1085/year/2005/tournamentId/223/kenneth-ferrie, British Open Championship - (07/14-07/17), 2005, 1, 376, 4, 4, 2, 453, 4, 5, 3, 397, 4, 4, 4, 480, 4, 4, 5, 568, 5, 5, 6, 412, 4, 4, 7, 371, 4, 3, 8, 175, 3, 3, 9, 352, 4, 3, 10, 386, 4, 4, 11, 174, 3, 4, 12, 348, 4, 4, 13, 465, 4, 5, 14, 618, 5, 4, 15, 455, 4, 4, 16, 423, 4, 5, 17, 495, 4, 5, 18, 357, 4, 4, 
http://espn.go.com/golf/player/scorecards/_/id/1085/year/2005/tournamentId/228/kenneth-ferrie, WGC-NEC Invitational - (08/18-08/21), 2005, 1, 399, 4, 4, 2, 526, 5, 4, 3, 442, 4, 4, 4, 471, 4, 4, 5, 200, 3, 3, 6, 469, 4, 4, 7, 219, 3, 3, 8, 482, 4, 3, 9, 494, 4, 4, 10, 410, 4, 4, 11, 418, 4, 4, 12, 180, 3, 3, 13, 471, 4, 3, 14, 467, 4, 4, 15, 221, 3, 2, 16, 667, 5, 6, 17, 400, 4, 4, 18, 464, 4, 4, 
http://espn.go.com/golf/player/scorecards/_/id/1085/year/2005/tournamentId/228/kenneth-ferrie, WGC-NEC Invitational - (08/18-08/21), 2005, 1, 399, 4, 5, 2, 526, 5, 5, 3, 442, 4, 4, 4, 471, 4, 5, 5, 200, 3, 3, 6, 469, 4, 5, 7, 219, 3, 3, 8, 482, 4, 3, 9, 494, 4, 4, 10, 410, 4, 4, 11, 418, 4, 5, 12, 180, 3, 3, 13, 471, 4, 4, 14, 467, 4, 4, 15, 221, 3, 3, 16, 667, 5, 5, 17, 400, 4, 4, 18, 464, 4, 4, 
http://espn.go.com/golf/player/scorecards/_/id/1085/year/2005/tournamentId/228/kenneth-ferrie, WGC-NEC Invitational - (08/18-08/21), 2005, 1, 399, 4, 4, 2, 526, 5, 5, 3, 442, 4, 3, 4, 471, 4, 4, 5, 200, 3, 3, 6, 469, 4, 4, 7, 219, 3, 2, 8, 482, 4, 4, 9, 494, 4, 4, 10, 410, 4, 4, 11, 418, 4, 7, 12, 180, 3, 2, 13, 471, 4, 3, 14, 467, 4, 5, 15, 221, 3, 3, 16, 667, 5, 5, 17, 400, 4, 4, 18, 464, 4, 4, 
http://espn.go.com/golf/player/scorecards/_/id/1085/year/2005/tournamentId/228/kenneth-ferrie, WGC-NEC Invitational - (08/18-08/21), 2005, 1, 399, 4, 4, 2, 526, 5, 4, 3, 442, 4, 4, 4, 471, 4, 5, 5, 200, 3, 3, 6, 469, 4, 4, 7, 219, 3, 3, 8, 482, 4, 4, 9, 494, 4, 3, 10, 410, 4, 5, 11, 418, 4, 4, 12, 180, 3, 2, 13, 471, 4, 4, 14, 467, 4, 5, 15, 221, 3, 3, 16, 667, 5, 5, 17, 400, 4, 3, 18, 464, 4, 6, 
http://espn.go.com/golf/player/scorecards/_/id/1085/year/2005/tournamentId/242/kenneth-ferrie, WGC-American Express Championship - (10/06-10/09), 2005, 1, 562, 5, 4, 2, 200, 3, 4, 3, 475, 4, 3, 4, 428, 4, 5, 5, 606, 5, 4, 6, 429, 4, 5, 7, 473, 4, 4, 8, 449, 4, 3, 9, 183, 3, 6, 10, 467, 4, 4, 11, 230, 3, 4, 12, 405, 4, 4, 13, 336, 4, 4, 14, 164, 3, 5, 15, 468, 4, 4, 16, 393, 4, 3, 17, 344, 4, 4, 18, 525, 5, 5, 
http://espn.go.com/golf/player/scorecards/_/id/1085/year/2005/tournamentId/242/kenneth-ferrie, WGC-American Express Championship - (10/06-10/09), 2005, 1, 562, 5, 4, 2, 200, 3, 4, 3, 475, 4, 3, 4, 428, 4, 5, 5, 606, 5, 4, 6, 429, 4, 4, 7, 473, 4, 4, 8, 449, 4, 3, 9, 183, 3, 4, 10, 467, 4, 5, 11, 230, 3, 2, 12, 405, 4, 5, 13, 336, 4, 4, 14, 164, 3, 4, 15, 468, 4, 4, 16, 393, 4, 4, 17, 344, 4, 3, 18, 525, 5, 5, 
http://espn.go.com/golf/player/scorecards/_/id/1085/year/2005/tournamentId/242/kenneth-ferrie, WGC-American Express Championship - (10/06-10/09), 2005, 1, 562, 5, 4, 2, 200, 3, 3, 3, 475, 4, 3, 4, 428, 4, 5, 5, 606, 5, 4, 6, 429, 4, 3, 7, 473, 4, 3, 8, 449, 4, 3, 9, 183, 3, 4, 10, 467, 4, 5, 11, 230, 3, 3, 12, 405, 4, 4, 13, 336, 4, 4, 14, 164, 3, 5, 15, 468, 4, 4, 16, 393, 4, 3, 17, 344, 4, 3, 18, 525, 5, 4, 
http://espn.go.com/golf/player/scorecards/_/id/1085/year/2005/tournamentId/242/kenneth-ferrie, WGC-American Express Championship - (10/06-10/09), 2005, 1, 562, 5, 4, 2, 200, 3, 4, 3, 475, 4, 4, 4, 428, 4, 5, 5, 606, 5, 5, 6, 429, 4, 4, 7, 473, 4, 3, 8, 449, 4, 4, 9, 183, 3, 5, 10, 467, 4, 6, 11, 230, 3, 2, 12, 405, 4, 5, 13, 336, 4, 4, 14, 164, 3, 4, 15, 468, 4, 3, 16, 393, 4, 3, 17, 344, 4, 4, 18, 525, 5, 5, 
http://espn.go.com/golf/player/scorecards/_/id/1085/year/2006/tournamentId/269/kenneth-ferrie, U.S. Open Championship - (06/15-06/18), 2006, 1, 450, 4, 4, 2, 453, 4, 4, 3, 216, 3, 3, 4, 469, 4, 4, 5, 515, 5, 5, 6, 321, 4, 4, 7, 162, 3, 4, 8, 475, 4, 5, 9, 514, 4, 4, 10, 188, 3, 4, 11, 396, 4, 5, 12, 640, 5, 5, 13, 214, 3, 3, 14, 458, 4, 4, 15, 416, 4, 5, 16, 478, 4, 4, 17, 449, 4, 5, 18, 450, 4, 4, 
http://espn.go.com/golf/player/scorecards/_/id/1085/year/2006/tournamentId/269/kenneth-ferrie, U.S. Open Championship - (06/15-06/18), 2006, 1, 450, 4, 4, 2, 453, 4, 4, 3, 216, 3, 2, 4, 469, 4, 5, 5, 515, 5, 3, 6, 321, 4, 4, 7, 162, 3, 3, 8, 475, 4, 4, 9, 514, 4, 5, 10, 188, 3, 3, 11, 396, 4, 4, 12, 640, 5, 5, 13, 214, 3, 4, 14, 458, 4, 4, 15, 416, 4, 4, 16, 478, 4, 4, 17, 449, 4, 4, 18, 450, 4, 5, 
http://espn.go.com/golf/player/scorecards/_/id/1085/year/2006/tournamentId/269/kenneth-ferrie, U.S. Open Championship - (06/15-06/18), 2006, 1, 450, 4, 3, 2, 453, 4, 4, 3, 216, 3, 3, 4, 469, 4, 4, 5, 515, 5, 5, 6, 321, 4, 4, 7, 162, 3, 2, 8, 475, 4, 4, 9, 514, 4, 3, 10, 188, 3, 3, 11, 396, 4, 3, 12, 640, 5, 5, 13, 214, 3, 3, 14, 458, 4, 6, 15, 416, 4, 6, 16, 478, 4, 4, 17, 449, 4, 4, 18, 450, 4, 4, 
http://espn.go.com/golf/player/scorecards/_/id/1085/year/2006/tournamentId/269/kenneth-ferrie, U.S. Open Championship - (06/15-06/18), 2006, 1, 450, 4, 4, 2, 453, 4, 4, 3, 216, 3, 3, 4, 469, 4, 5, 5, 515, 5, 4, 6, 321, 4, 4, 7, 162, 3, 4, 8, 475, 4, 4, 9, 514, 4, 5, 10, 188, 3, 3, 11, 396, 4, 3, 12, 640, 5, 6, 13, 214, 3, 4, 14, 458, 4, 4, 15, 416, 4, 3, 16, 478, 4, 4, 17, 449, 4, 3, 18, 450, 4, 4, 
http://espn.go.com/golf/player/scorecards/_/id/1085/year/2006/tournamentId/295/kenneth-ferrie, British Open Championship - (07/20-07/23), 2006, 1, 454, 4, 4, 2, 436, 4, 5, 3, 429, 4, 4, 4, 372, 4, 4, 5, 528, 5, 6, 6, 202, 3, 3, 7, 453, 4, 4, 8, 423, 4, , 9, 198, 3, , 10, 534, 5, , 11, 393, 4, , 12, 448, 4, , 13, 198, 3, , 14, 456, 4, , 15, 161, 3, , 16, 554, 5, , 17, 459, 4, , 18, 560, 5, , 
http://espn.go.com/golf/player/scorecards/_/id/1085/year/2006/tournamentId/295/kenneth-ferrie, British Open Championship - (07/20-07/23), 2006, 1, 454, 4, 4, 2, 436, 4, 5, 3, 429, 4, 4, 4, 372, 4, 4, 5, 528, 5, 4, 6, 202, 3, 4, 7, 453, 4, 4, 8, 423, 4, 4, 9, 198, 3, 3, 10, 534, 5, 7, 11, 393, 4, 5, 12, 448, 4, 5, 13, 198, 3, 3, 14, 456, 4, 4, 15, 161, 3, 2, 16, 554, 5, 4, 17, 459, 4, 4, 18, 560, 5, 6, 
http://espn.go.com/golf/player/scorecards/_/id/1085/year/2006/tournamentId/274/kenneth-ferrie, PGA Championship - (08/17-08/20), 2006, 1, 434, 4, 5, 2, 191, 3, 3, 3, 414, 4, 4, 4, 463, 4, 5, 5, 537, 5, 6, 6, 474, 4, 4, 7, 587, 5, 6, 8, 204, 3, 3, 9, 435, 4, 4, 10, 579, 5, 4, 11, 438, 4, 4, 12, 471, 4, 5, 13, 244, 3, 3, 14, 605, 5, 4, 15, 392, 4, 4, 16, 453, 4, 5, 17, 197, 3, 5, 18, 443, 4, 4, 
http://espn.go.com/golf/player/scorecards/_/id/1085/year/2006/tournamentId/274/kenneth-ferrie, PGA Championship - (08/17-08/20), 2006, 1, 434, 4, 4, 2, 191, 3, 3, 3, 414, 4, 4, 4, 463, 4, 4, 5, 537, 5, 5, 6, 474, 4, 5, 7, 587, 5, 5, 8, 204, 3, 3, 9, 435, 4, 4, 10, 579, 5, 4, 11, 438, 4, 4, 12, 471, 4, 5, 13, 244, 3, 2, 14, 605, 5, 4, 15, 392, 4, 3, 16, 453, 4, 4, 17, 197, 3, 3, 18, 443, 4, 4, 
http://espn.go.com/golf/player/scorecards/_/id/1085/year/2007/tournamentId/309/kenneth-ferrie, Masters Tournament - (04/05-04/08), 2007, 1, 445, 4, 4, 2, 575, 5, 5, 3, 350, 4, 6, 4, 240, 3, 3, 5, 455, 4, 4, 6, 180, 3, 3, 7, 450, 4, 4, 8, 570, 5, 5, 9, 460, 4, 4, 10, 495, 4, 4, 11, 505, 4, 7, 12, 155, 3, 4, 13, 510, 5, 6, 14, 440, 4, 6, 15, 530, 5, 5, 16, 170, 3, 3, 17, 440, 4, 5, 18, 465, 4, 5, 
http://espn.go.com/golf/player/scorecards/_/id/1085/year/2007/tournamentId/309/kenneth-ferrie, Masters Tournament - (04/05-04/08), 2007, 1, 445, 4, 4, 2, 575, 5, 5, 3, 350, 4, 4, 4, 240, 3, 3, 5, 455, 4, 4, 6, 180, 3, 2, 7, 450, 4, 5, 8, 570, 5, 5, 9, 460, 4, 5, 10, 495, 4, 4, 11, 505, 4, 4, 12, 155, 3, 3, 13, 510, 5, 5, 14, 440, 4, 5, 15, 530, 5, 6, 16, 170, 3, 3, 17, 440, 4, 4, 18, 465, 4, 4, 
http://espn.go.com/golf/player/scorecards/_/id/1085/year/2007/tournamentId/316/kenneth-ferrie, U.S. Open Championship - (06/14-06/17), 2007, 1, 482, 4, 4, 2, 440, 4, 4, 3, 428, 4, 3, 4, 609, 5, 5, 5, 382, 4, 4, 6, 194, 3, 3, 7, 479, 4, 4, 8, 288, 3, 3, 9, 477, 4, 5, 10, 462, 4, 5, 11, 379, 4, 4, 12, 667, 5, 5, 13, 183, 3, 3, 14, 358, 4, 5, 15, 499, 4, 4, 16, 231, 3, 3, 17, 313, 4, 4, 18, 484, 4, 4, 
http://espn.go.com/golf/player/scorecards/_/id/1085/year/2007/tournamentId/316/kenneth-ferrie, U.S. Open Championship - (06/14-06/17), 2007, 1, 482, 4, 5, 2, 440, 4, 4, 3, 428, 4, 4, 4, 609, 5, 5, 5, 382, 4, 5, 6, 194, 3, 4, 7, 479, 4, 3, 8, 288, 3, 3, 9, 477, 4, 5, 10, 462, 4, 4, 11, 379, 4, 6, 12, 667, 5, 5, 13, 183, 3, 3, 14, 358, 4, 4, 15, 499, 4, 5, 16, 231, 3, 3, 17, 313, 4, 4, 18, 484, 4, 5, 
http://espn.go.com/golf/player/scorecards/_/id/1085/year/2007/tournamentId/316/kenneth-ferrie, U.S. Open Championship - (06/14-06/17), 2007, 1, 482, 4, 5, 2, 440, 4, 4, 3, 428, 4, 6, 4, 609, 5, 5, 5, 382, 4, 4, 6, 194, 3, 3, 7, 479, 4, 4, 8, 288, 3, 4, 9, 477, 4, 5, 10, 462, 4, 4, 11, 379, 4, 4, 12, 667, 5, 6, 13, 183, 3, 3, 14, 358, 4, 5, 15, 499, 4, 4, 16, 231, 3, 2, 17, 313, 4, 4, 18, 484, 4, 4, 
http://espn.go.com/golf/player/scorecards/_/id/1085/year/2007/tournamentId/316/kenneth-ferrie, U.S. Open Championship - (06/14-06/17), 2007, 1, 482, 4, 5, 2, 440, 4, 4, 3, 428, 4, 4, 4, 609, 5, 4, 5, 382, 4, 5, 6, 194, 3, 3, 7, 479, 4, 4, 8, 288, 3, 3, 9, 477, 4, 4, 10, 462, 4, 4, 11, 379, 4, 5, 12, 667, 5, 6, 13, 183, 3, 2, 14, 358, 4, 4, 15, 499, 4, 4, 16, 231, 3, 4, 17, 313, 4, 4, 18, 484, 4, 5, 
http://espn.go.com/golf/player/scorecards/_/id/1085/year/2007/tournamentId/460/kenneth-ferrie, PGA TOUR Qualifying Tournament - (11/28-12/03), 2007, 1, -, 5, 4, 2, -, 4, 5, 3, -, 4, 3, 4, -, 5, 4, 5, -, 4, 4, 6, -, 3, 3, 7, -, 4, 3, 8, -, 3, 2, 9, -, 4, 3, 10, -, 4, 4, 11, -, 4, 4, 12, -, 4, 4, 13, -, 3, 4, 14, -, 5, 4, 15, -, 3, 4, 16, -, 4, 3, 17, -, 5, 5, 18, -, 4, 4, 
http://espn.go.com/golf/player/scorecards/_/id/1085/year/2007/tournamentId/460/kenneth-ferrie, PGA TOUR Qualifying Tournament - (11/28-12/03), 2007, 1, -, 5, 3, 2, -, 4, 4, 3, -, 4, 4, 4, -, 5, 3, 5, -, 4, 4, 6, -, 3, 3, 7, -, 4, 4, 8, -, 3, 4, 9, -, 4, 4, 10, -, 4, 4, 11, -, 4, 3, 12, -, 4, 4, 13, -, 3, 3, 14, -, 5, 5, 15, -, 3, 5, 16, -, 4, 4, 17, -, 5, 3, 18, -, 4, 5, 
http://espn.go.com/golf/player/scorecards/_/id/1085/year/2007/tournamentId/460/kenneth-ferrie, PGA TOUR Qualifying Tournament - (11/28-12/03), 2007, 1, -, 5, 4, 2, -, 4, 4, 3, -, 4, 4, 4, -, 5, 5, 5, -, 4, 5, 6, -, 3, 3, 7, -, 4, 4, 8, -, 3, 3, 9, -, 4, 5, 10, -, 4, 4, 11, -, 4, 4, 12, -, 4, 4, 13, -, 3, 4, 14, -, 5, 4, 15, -, 3, 3, 16, -, 4, 4, 17, -, 5, 3, 18, -, 4, 4, 
http://espn.go.com/golf/player/scorecards/_/id/1085/year/2007/tournamentId/460/kenneth-ferrie, PGA TOUR Qualifying Tournament - (11/28-12/03), 2007, 1, -, 5, 4, 2, -, 4, 4, 3, -, 4, 4, 4, -, 5, 4, 5, -, 4, 4, 6, -, 3, 3, 7, -, 4, 5, 8, -, 3, 4, 9, -, 4, 5, 10, -, 4, 3, 11, -, 4, 2, 12, -, 4, 3, 13, -, 3, 5, 14, -, 5, 5, 15, -, 3, 3, 16, -, 4, 5, 17, -, 5, 2, 18, -, 4, 5, 
http://espn.go.com/golf/player/scorecards/_/id/1085/year/2007/tournamentId/460/kenneth-ferrie, PGA TOUR Qualifying Tournament - (11/28-12/03), 2007, 1, -, 5, 4, 2, -, 4, 4, 3, -, 4, 4, 4, -, 5, 4, 5, -, 4, 4, 6, -, 3, 2, 7, -, 4, 4, 8, -, 3, 3, 9, -, 4, 3, 10, -, 4, 5, 11, -, 4, 3, 12, -, 4, 4, 13, -, 3, 5, 14, -, 5, 6, 15, -, 3, 3, 16, -, 4, 4, 17, -, 5, 3, 18, -, 4, 5, 
http://espn.go.com/golf/player/scorecards/_/id/1085/year/2007/tournamentId/460/kenneth-ferrie, PGA TOUR Qualifying Tournament - (11/28-12/03), 2007, 1, -, 5, 5, 2, -, 4, 3, 3, -, 4, 4, 4, -, 5, 4, 5, -, 4, 4, 6, -, 3, 3, 7, -, 4, 4, 8, -, 3, 3, 9, -, 4, 4, 10, -, 4, 4, 11, -, 4, 4, 12, -, 4, 4, 13, -, 3, 3, 14, -, 5, 4, 15, -, 3, 3, 16, -, 4, 4, 17, -, 5, 5, 18, -, 4, 4, 
http://espn.go.com/golf/player/scorecards/_/id/1085/year/2008/tournamentId/418/kenneth-ferrie, Sony Open in Hawaii - (01/10-01/13), 2008, 1, 480, 4, 5, 2, 423, 4, 4, 3, 422, 4, 4, 4, 204, 3, 3, 5, 467, 4, 4, 6, 460, 4, 4, 7, 176, 3, 4, 8, 454, 4, 4, 9, 506, 5, 4, 10, 351, 4, 3, 11, 194, 3, 3, 12, 440, 4, 4, 13, 477, 4, 4, 14, 430, 4, 4, 15, 398, 4, 4, 16, 417, 4, 4, 17, 194, 3, 3, 18, 551, 5, 5, 
http://espn.go.com/golf/player/scorecards/_/id/1085/year/2008/tournamentId/418/kenneth-ferrie, Sony Open in Hawaii - (01/10-01/13), 2008, 1, 480, 4, 5, 2, 423, 4, 4, 3, 422, 4, 3, 4, 204, 3, 3, 5, 467, 4, 4, 6, 460, 4, 4, 7, 176, 3, 2, 8, 454, 4, 4, 9, 506, 5, 4, 10, 351, 4, 3, 11, 194, 3, 3, 12, 440, 4, 3, 13, 477, 4, 4, 14, 430, 4, 5, 15, 398, 4, 4, 16, 417, 4, 4, 17, 194, 3, 3, 18, 551, 5, 4, 
http://espn.go.com/golf/player/scorecards/_/id/1085/year/2008/tournamentId/417/kenneth-ferrie, Buick Invitational - (01/24-01/27), 2008, 1, 450, 4, 3, 2, 389, 4, 4, 3, 200, 3, 3, 4, 488, 4, 6, 5, 454, 4, 4, 6, 560, 5, 5, 7, 462, 4, 4, 8, 176, 3, 3, 9, 614, 5, 5, 10, 416, 4, 4, 11, 221, 3, 3, 12, 504, 4, 5, 13, 614, 5, 5, 14, 437, 4, 4, 15, 478, 4, 4, 16, 223, 3, 4, 17, 442, 4, 4, 18, 570, 5, 4, 
http://espn.go.com/golf/player/scorecards/_/id/1085/year/2008/tournamentId/417/kenneth-ferrie, Buick Invitational - (01/24-01/27), 2008, 1, 450, 4, 5, 2, 389, 4, 3, 3, 200, 3, 4, 4, 488, 4, 4, 5, 454, 4, 3, 6, 560, 5, 4, 7, 462, 4, 4, 8, 176, 3, 3, 9, 614, 5, 5, 10, 416, 4, 4, 11, 221, 3, 3, 12, 504, 4, 4, 13, 614, 5, 5, 14, 437, 4, 4, 15, 478, 4, 4, 16, 223, 3, 3, 17, 442, 4, 4, 18, 570, 5, 5, 
http://espn.go.com/golf/player/scorecards/_/id/1085/year/2008/tournamentId/417/kenneth-ferrie, Buick Invitational - (01/24-01/27), 2008, 1, 519, 5, 5, 2, 329, 4, 4, 3, 179, 3, 3, 4, 434, 4, 3, 5, 411, 4, 5, 6, 205, 3, 3, 7, 399, 4, 3, 8, 436, 4, 4, 9, 547, 5, 5, 10, 417, 4, 4, 11, 490, 4, 4, 12, 240, 3, 3, 13, 471, 4, 4, 14, 523, 5, 4, 15, 397, 4, 3, 16, 366, 4, 4, 17, 174, 3, 2, 18, 516, 5, 4, 
http://espn.go.com/golf/player/scorecards/_/id/1085/year/2008/tournamentId/417/kenneth-ferrie, Buick Invitational - (01/24-01/27), 2008, 1, 450, 4, 4, 2, 389, 4, 4, 3, 200, 3, 3, 4, 488, 4, 5, 5, 454, 4, 4, 6, 560, 5, 5, 7, 462, 4, 5, 8, 176, 3, 4, 9, 614, 5, 5, 10, 416, 4, 4, 11, 221, 3, 3, 12, 504, 4, 3, 13, 614, 5, 5, 14, 437, 4, 4, 15, 478, 4, 4, 16, 223, 3, 3, 17, 442, 4, 4, 18, 570, 5, 4, 
http://espn.go.com/golf/player/scorecards/_/id/1085/year/2008/tournamentId/416/kenneth-ferrie, AT&T Pebble Beach National Pro-Am - (02/07-02/10), 2008, 1, 413, 4, 4, 2, 172, 3, 5, 3, 406, 4, 4, 4, 603, 5, 6, 5, 428, 4, 4, 6, 180, 3, 3, 7, 395, 4, 4, 8, 383, 4, 3, 9, 555, 5, 5, 10, 516, 5, 5, 11, 210, 3, 4, 12, 531, 5, 4, 13, 396, 4, 3, 14, 415, 4, 4, 15, 230, 3, 3, 16, 439, 4, 4, 17, 170, 3, 3, 18, 502, 5, 5, 
http://espn.go.com/golf/player/scorecards/_/id/1085/year/2008/tournamentId/416/kenneth-ferrie, AT&T Pebble Beach National Pro-Am - (02/07-02/10), 2008, 1, 381, 4, 4, 2, 502, 5, 5, 3, 390, 4, 5, 4, 331, 4, 5, 5, 188, 3, 3, 6, 513, 5, 5, 7, 106, 3, 3, 8, 418, 4, 5, 9, 466, 4, 4, 10, 446, 4, 4, 11, 380, 4, 3, 12, 202, 3, 3, 13, 399, 4, 3, 14, 573, 5, 5, 15, 397, 4, 4, 16, 403, 4, 4, 17, 178, 3, 3, 18, 543, 5, 6, 
http://espn.go.com/golf/player/scorecards/_/id/1085/year/2008/tournamentId/416/kenneth-ferrie, AT&T Pebble Beach National Pro-Am - (02/07-02/10), 2008, 1, 595, 5, 4, 2, 349, 4, 4, 3, 165, 3, 3, 4, 370, 4, 3, 5, 197, 3, 4, 6, 446, 4, 5, 7, 529, 5, 5, 8, 399, 4, 5, 9, 431, 4, 4, 10, 407, 4, 4, 11, 528, 5, 4, 12, 178, 3, 3, 13, 460, 4, 5, 14, 560, 5, 5, 15, 130, 3, 2, 16, 476, 4, 5, 17, 325, 4, 3, 18, 408, 4, 4, 
http://espn.go.com/golf/player/scorecards/_/id/1085/year/2008/tournamentId/454/kenneth-ferrie, Mayakoba Golf Classic at Riviera Maya-Cancun - (02/21-02/24), 2008, 1, 438, 4, 4, 2, 428, 4, 3, 3, 389, 4, 5, 4, 116, 3, 4, 5, 554, 5, 3, 6, 416, 4, 4, 7, 554, 5, 2, 8, 151, 3, 4, 9, 462, 4, 4, 10, 200, 3, 3, 11, 360, 4, 3, 12, 451, 4, 5, 13, 532, 5, 4, 14, 452, 4, 4, 15, 155, 3, 3, 16, 485, 4, 4, 17, 386, 4, 4, 18, 458, 4, 4, 
http://espn.go.com/golf/player/scorecards/_/id/1085/year/2008/tournamentId/454/kenneth-ferrie, Mayakoba Golf Classic at Riviera Maya-Cancun - (02/21-02/24), 2008, 1, 438, 4, 5, 2, 428, 4, 4, 3, 389, 4, 5, 4, 116, 3, 4, 5, 554, 5, 4, 6, 416, 4, 4, 7, 554, 5, 2, 8, 151, 3, 5, 9, 462, 4, 4, 10, 200, 3, 3, 11, 360, 4, 4, 12, 451, 4, 4, 13, 532, 5, 5, 14, 452, 4, 4, 15, 155, 3, 3, 16, 485, 4, 4, 17, 386, 4, 4, 18, 458, 4, 4, 
http://espn.go.com/golf/player/scorecards/_/id/1085/year/2008/tournamentId/454/kenneth-ferrie, Mayakoba Golf Classic at Riviera Maya-Cancun - (02/21-02/24), 2008, 1, 438, 4, 5, 2, 428, 4, 3, 3, 389, 4, 5, 4, 116, 3, 4, 5, 554, 5, 4, 6, 416, 4, 4, 7, 554, 5, 3, 8, 151, 3, 5, 9, 462, 4, 4, 10, 200, 3, 3, 11, 360, 4, 4, 12, 451, 4, 4, 13, 532, 5, 5, 14, 452, 4, 4, 15, 155, 3, 3, 16, 485, 4, 3, 17, 386, 4, 5, 18, 458, 4, 4, 
http://espn.go.com/golf/player/scorecards/_/id/1085/year/2008/tournamentId/454/kenneth-ferrie, Mayakoba Golf Classic at Riviera Maya-Cancun - (02/21-02/24), 2008, 1, 438, 4, 5, 2, 428, 4, 3, 3, 389, 4, 5, 4, 116, 3, 3, 5, 554, 5, 4, 6, 416, 4, 4, 7, 554, 5, 2, 8, 151, 3, 3, 9, 462, 4, 4, 10, 200, 3, 3, 11, 360, 4, 4, 12, 451, 4, 4, 13, 532, 5, 4, 14, 452, 4, 3, 15, 155, 3, 3, 16, 485, 4, 4, 17, 386, 4, 3, 18, 458, 4, 4, 
http://espn.go.com/golf/player/scorecards/_/id/1085/year/2008/tournamentId/420/kenneth-ferrie, The Honda Classic - (02/28-03/02), 2008, 1, 365, 4, 4, 2, 464, 4, 5, 3, 538, 5, 5, 4, 376, 4, 5, 5, 217, 3, 3, 6, 479, 4, 4, 7, 226, 3, 4, 8, 427, 4, 5, 9, 421, 4, 5, 10, 508, 4, 5, 11, 450, 4, 4, 12, 427, 4, 4, 13, 388, 4, 4, 14, 465, 4, 4, 15, 179, 3, 3, 16, 434, 4, 4, 17, 190, 3, 4, 18, 556, 5, 5, 
http://espn.go.com/golf/player/scorecards/_/id/1085/year/2008/tournamentId/420/kenneth-ferrie, The Honda Classic - (02/28-03/02), 2008, 1, 365, 4, 3, 2, 464, 4, 4, 3, 538, 5, 4, 4, 376, 4, 4, 5, 217, 3, 3, 6, 479, 4, 4, 7, 226, 3, 4, 8, 427, 4, 3, 9, 421, 4, 4, 10, 508, 4, 4, 11, 450, 4, 4, 12, 427, 4, 3, 13, 388, 4, 4, 14, 465, 4, 5, 15, 179, 3, 3, 16, 434, 4, 3, 17, 190, 3, 3, 18, 556, 5, 5, 
http://espn.go.com/golf/player/scorecards/_/id/1085/year/2008/tournamentId/420/kenneth-ferrie, The Honda Classic - (02/28-03/02), 2008, 1, 365, 4, 5, 2, 464, 4, 4, 3, 538, 5, 4, 4, 376, 4, 4, 5, 217, 3, 3, 6, 479, 4, 5, 7, 226, 3, 2, 8, 427, 4, 4, 9, 421, 4, 4, 10, 508, 4, 6, 11, 450, 4, 3, 12, 427, 4, 4, 13, 388, 4, 4, 14, 465, 4, 4, 15, 179, 3, 3, 16, 434, 4, 5, 17, 190, 3, 3, 18, 556, 5, 5, 
http://espn.go.com/golf/player/scorecards/_/id/1085/year/2008/tournamentId/420/kenneth-ferrie, The Honda Classic - (02/28-03/02), 2008, 1, 365, 4, 4, 2, 464, 4, 3, 3, 538, 5, 4, 4, 376, 4, 5, 5, 217, 3, 3, 6, 479, 4, 5, 7, 226, 3, 3, 8, 427, 4, 4, 9, 421, 4, 4, 10, 508, 4, 4, 11, 450, 4, 4, 12, 427, 4, 3, 13, 388, 4, 3, 14, 465, 4, 4, 15, 179, 3, 3, 16, 434, 4, 4, 17, 190, 3, 3, 18, 556, 5, 6, 
http://espn.go.com/golf/player/scorecards/_/id/1085/year/2008/tournamentId/448/kenneth-ferrie, PODS Championship - (03/06-03/09), 2008, 1, 560, 5, 5, 2, 435, 4, 4, 3, 455, 4, 5, 4, 195, 3, 3, 5, 605, 5, 6, 6, 465, 4, 4, 7, 420, 4, 4, 8, 235, 3, 3, 9, 430, 4, 4, 10, 445, 4, 4, 11, 575, 5, 5, 12, 380, 4, 4, 13, 200, 3, 3, 14, 590, 5, 6, 15, 215, 3, 3, 16, 475, 4, 5, 17, 215, 3, 3, 18, 445, 4, 6, 
http://espn.go.com/golf/player/scorecards/_/id/1085/year/2008/tournamentId/448/kenneth-ferrie, PODS Championship - (03/06-03/09), 2008, 1, 560, 5, 4, 2, 435, 4, 4, 3, 455, 4, 4, 4, 195, 3, 3, 5, 605, 5, 5, 6, 465, 4, 4, 7, 420, 4, 4, 8, 235, 3, 3, 9, 430, 4, 4, 10, 445, 4, 4, 11, 575, 5, 5, 12, 380, 4, 4, 13, 200, 3, 3, 14, 590, 5, 5, 15, 215, 3, 3, 16, 475, 4, 4, 17, 215, 3, 3, 18, 445, 4, 5, 
http://espn.go.com/golf/player/scorecards/_/id/1085/year/2008/tournamentId/421/kenneth-ferrie, Arnold Palmer Invitational presented by MasterCard - (03/13-03/16), 2008, 1, 461, 4, 3, 2, 231, 3, 3, 3, 434, 4, 4, 4, 561, 5, 5, 5, 390, 4, 3, 6, 555, 5, 4, 7, 199, 3, 3, 8, 460, 4, 3, 9, 474, 4, 5, 10, 400, 4, 3, 11, 438, 4, 5, 12, 574, 5, 4, 13, 370, 4, 4, 14, 215, 3, 4, 15, 467, 4, 4, 16, 511, 5, 6, 17, 221, 3, 3, 18, 458, 4, 6, 
http://espn.go.com/golf/player/scorecards/_/id/1085/year/2008/tournamentId/421/kenneth-ferrie, Arnold Palmer Invitational presented by MasterCard - (03/13-03/16), 2008, 1, 461, 4, 5, 2, 231, 3, 2, 3, 434, 4, 4, 4, 561, 5, 4, 5, 390, 4, 4, 6, 555, 5, 4, 7, 199, 3, 3, 8, 460, 4, 4, 9, 474, 4, 4, 10, 400, 4, 4, 11, 438, 4, 4, 12, 574, 5, 4, 13, 370, 4, 4, 14, 215, 3, 3, 15, 467, 4, 6, 16, 511, 5, 3, 17, 221, 3, 7, 18, 458, 4, 7, 
http://espn.go.com/golf/player/scorecards/_/id/1085/year/2008/tournamentId/459/kenneth-ferrie, Puerto Rico Open presented by Banco Popular - (03/20-03/23), 2008, 1, 447, 4, 5, 2, 547, 5, 4, 3, 386, 4, 5, 4, 455, 4, 4, 5, 535, 5, 4, 6, 203, 3, 2, 7, 448, 4, 4, 8, 236, 3, 4, 9, 450, 4, 4, 10, 430, 4, 5, 11, 192, 3, 4, 12, 465, 4, 4, 13, 410, 4, 5, 14, 459, 4, 4, 15, 600, 5, 4, 16, 202, 3, 4, 17, 411, 4, 4, 18, 630, 5, 5, 
http://espn.go.com/golf/player/scorecards/_/id/1085/year/2008/tournamentId/459/kenneth-ferrie, Puerto Rico Open presented by Banco Popular - (03/20-03/23), 2008, 1, 447, 4, 4, 2, 547, 5, 5, 3, 386, 4, 5, 4, 455, 4, 4, 5, 535, 5, 4, 6, 203, 3, 3, 7, 448, 4, 4, 8, 236, 3, 3, 9, 450, 4, 3, 10, 430, 4, 4, 11, 192, 3, 3, 12, 465, 4, 4, 13, 410, 4, 4, 14, 459, 4, 4, 15, 600, 5, 4, 16, 202, 3, 3, 17, 411, 4, 3, 18, 630, 5, 6, 
http://espn.go.com/golf/player/scorecards/_/id/1085/year/2008/tournamentId/459/kenneth-ferrie, Puerto Rico Open presented by Banco Popular - (03/20-03/23), 2008, 1, 447, 4, 4, 2, 547, 5, 5, 3, 386, 4, 5, 4, 455, 4, 4, 5, 535, 5, 5, 6, 203, 3, 3, 7, 448, 4, 4, 8, 236, 3, 3, 9, 450, 4, 4, 10, 430, 4, 3, 11, 192, 3, 3, 12, 465, 4, 4, 13, 410, 4, 4, 14, 459, 4, 4, 15, 600, 5, 4, 16, 202, 3, 3, 17, 411, 4, 4, 18, 630, 5, 4, 
http://espn.go.com/golf/player/scorecards/_/id/1085/year/2008/tournamentId/459/kenneth-ferrie, Puerto Rico Open presented by Banco Popular - (03/20-03/23), 2008, 1, 447, 4, 4, 2, 547, 5, 3, 3, 386, 4, 4, 4, 455, 4, 4, 5, 535, 5, 5, 6, 203, 3, 3, 7, 448, 4, 4, 8, 236, 3, 4, 9, 450, 4, 4, 10, 430, 4, 4, 11, 192, 3, 3, 12, 465, 4, 3, 13, 410, 4, 4, 14, 459, 4, 5, 15, 600, 5, 5, 16, 202, 3, 3, 17, 411, 4, 4, 18, 630, 5, 5, 
http://espn.go.com/golf/player/scorecards/_/id/1085/year/2008/tournamentId/422/kenneth-ferrie, Zurich Classic of New Orleans - (03/27-03/30), 2008, 1, 399, 4, 5, 2, 548, 5, 5, 3, 221, 3, 3, 4, 482, 4, 5, 5, 438, 4, 4, 6, 476, 4, 6, 7, 561, 5, 5, 8, 372, 4, 3, 9, 207, 3, 3, 10, 390, 4, 4, 11, 575, 5, 5, 12, 492, 4, 4, 13, 403, 4, 4, 14, 216, 3, 4, 15, 490, 4, 5, 16, 355, 4, 4, 17, 215, 3, 4, 18, 585, 5, 4, 
http://espn.go.com/golf/player/scorecards/_/id/1085/year/2008/tournamentId/422/kenneth-ferrie, Zurich Classic of New Orleans - (03/27-03/30), 2008, 1, 399, 4, 4, 2, 548, 5, 5, 3, 221, 3, 3, 4, 482, 4, 4, 5, 438, 4, 4, 6, 476, 4, 4, 7, 561, 5, 5, 8, 372, 4, 4, 9, 207, 3, 3, 10, 390, 4, 4, 11, 575, 5, 6, 12, 492, 4, 4, 13, 403, 4, 4, 14, 216, 3, 3, 15, 490, 4, 5, 16, 355, 4, 3, 17, 215, 3, 5, 18, 585, 5, 4, 
http://espn.go.com/golf/player/scorecards/_/id/1085/year/2008/tournamentId/428/kenneth-ferrie, Shell Houston Open - (04/03-04/06), 2008, 1, 397, 4, 4, 2, 429, 4, 5, 3, 398, 4, 3, 4, 566, 5, 5, 5, 480, 4, 4, 6, 464, 4, 4, 7, 174, 3, 3, 8, 557, 5, 5, 9, 238, 3, 3, 10, 380, 4, 4, 11, 441, 4, 4, 12, 338, 4, 4, 13, 590, 5, 4, 14, 216, 3, 3, 15, 608, 5, 4, 16, 188, 3, 3, 17, 489, 4, 4, 18, 488, 4, 5, 
http://espn.go.com/golf/player/scorecards/_/id/1085/year/2008/tournamentId/428/kenneth-ferrie, Shell Houston Open - (04/03-04/06), 2008, 1, 397, 4, 4, 2, 429, 4, 3, 3, 398, 4, 4, 4, 566, 5, 5, 5, 480, 4, 5, 6, 464, 4, 4, 7, 174, 3, 3, 8, 557, 5, 4, 9, 238, 3, 3, 10, 380, 4, 4, 11, 441, 4, 4, 12, 338, 4, 4, 13, 590, 5, 6, 14, 216, 3, 3, 15, 608, 5, 5, 16, 188, 3, 3, 17, 489, 4, 3, 18, 488, 4, 4, 
http://espn.go.com/golf/player/scorecards/_/id/1085/year/2008/tournamentId/428/kenneth-ferrie, Shell Houston Open - (04/03-04/06), 2008, 1, 397, 4, 3, 2, 429, 4, 4, 3, 398, 4, 4, 4, 566, 5, 4, 5, 480, 4, 4, 6, 464, 4, 5, 7, 174, 3, 3, 8, 557, 5, 4, 9, 238, 3, 4, 10, 380, 4, 4, 11, 441, 4, 4, 12, 338, 4, 4, 13, 590, 5, 4, 14, 216, 3, 3, 15, 608, 5, 5, 16, 188, 3, 3, 17, 489, 4, 4, 18, 488, 4, 3, 
http://espn.go.com/golf/player/scorecards/_/id/1085/year/2008/tournamentId/428/kenneth-ferrie, Shell Houston Open - (04/03-04/06), 2008, 1, 397, 4, 4, 2, 429, 4, 5, 3, 398, 4, 4, 4, 566, 5, 5, 5, 480, 4, 4, 6, 464, 4, 4, 7, 174, 3, 4, 8, 557, 5, 5, 9, 238, 3, 3, 10, 380, 4, 5, 11, 441, 4, 4, 12, 338, 4, 3, 13, 590, 5, 5, 14, 216, 3, 3, 15, 608, 5, 5, 16, 188, 3, 3, 17, 489, 4, 4, 18, 488, 4, 5, 
http://espn.go.com/golf/player/scorecards/_/id/1085/year/2008/tournamentId/429/kenneth-ferrie, EDS Byron Nelson Championship - (04/24-04/27), 2008, 1, 458, 4, 4, 2, 221, 3, 3, 3, 528, 4, 4, 4, 431, 4, 4, 5, 174, 3, 3, 6, 448, 4, 4, 7, 542, 5, 5, 8, 461, 4, 4, 9, 427, 4, 4, 10, 435, 4, 4, 11, 323, 4, 4, 12, 455, 4, 6, 13, 180, 3, 3, 14, 406, 4, 6, 15, 504, 4, 5, 16, 546, 5, 5, 17, 198, 3, 5, 18, 429, 4, 4, 
http://espn.go.com/golf/player/scorecards/_/id/1085/year/2008/tournamentId/429/kenneth-ferrie, EDS Byron Nelson Championship - (04/24-04/27), 2008, 1, 458, 4, 4, 2, 221, 3, 3, 3, 528, 4, 6, 4, 431, 4, 4, 5, 174, 3, 3, 6, 448, 4, 4, 7, 542, 5, 4, 8, 461, 4, 4, 9, 427, 4, 5, 10, 435, 4, 4, 11, 323, 4, 4, 12, 455, 4, 4, 13, 180, 3, 3, 14, 406, 4, 5, 15, 504, 4, 5, 16, 546, 5, 5, 17, 198, 3, 3, 18, 429, 4, 4, 
http://espn.go.com/golf/player/scorecards/_/id/1085/year/2008/tournamentId/452/kenneth-ferrie, Wachovia Championship - (05/01-05/04), 2008, 1, 418, 4, 4, 2, 178, 3, 3, 3, 452, 4, 4, 4, 483, 4, 5, 5, 570, 5, 6, 6, 250, 3, 4, 7, 532, 5, 5, 8, 350, 4, 4, 9, 495, 4, 5, 10, 598, 5, 5, 11, 426, 4, 4, 12, 456, 4, 4, 13, 210, 3, 3, 14, 345, 4, 5, 15, 566, 5, 5, 16, 487, 4, 4, 17, 198, 3, 5, 18, 478, 4, 4, 
http://espn.go.com/golf/player/scorecards/_/id/1085/year/2008/tournamentId/452/kenneth-ferrie, Wachovia Championship - (05/01-05/04), 2008, 1, 418, 4, 3, 2, 178, 3, 3, 3, 452, 4, 5, 4, 483, 4, 4, 5, 570, 5, 4, 6, 250, 3, 3, 7, 532, 5, 6, 8, 350, 4, 3, 9, 495, 4, 4, 10, 598, 5, 5, 11, 426, 4, 3, 12, 456, 4, 5, 13, 210, 3, 3, 14, 345, 4, 4, 15, 566, 5, 5, 16, 487, 4, 4, 17, 198, 3, 3, 18, 478, 4, 5, 
http://espn.go.com/golf/player/scorecards/_/id/1085/year/2008/tournamentId/452/kenneth-ferrie, Wachovia Championship - (05/01-05/04), 2008, 1, 418, 4, 4, 2, 178, 3, 4, 3, 452, 4, 4, 4, 483, 4, 4, 5, 570, 5, 5, 6, 250, 3, 3, 7, 532, 5, 5, 8, 350, 4, 4, 9, 495, 4, 3, 10, 598, 5, 5, 11, 426, 4, 4, 12, 456, 4, 4, 13, 210, 3, 3, 14, 345, 4, 3, 15, 566, 5, 5, 16, 487, 4, 3, 17, 198, 3, 4, 18, 478, 4, 5, 
http://espn.go.com/golf/player/scorecards/_/id/1085/year/2008/tournamentId/424/kenneth-ferrie, AT&T Classic - (05/15-05/18), 2008, 1, 434, 4, 5, 2, 144, 3, 3, 3, 389, 4, 4, 4, 558, 5, 6, 5, 441, 4, 3, 6, 569, 5, 5, 7, 458, 4, 4, 8, 248, 3, 2, 9, 472, 4, 4, 10, 628, 5, 5, 11, 189, 3, 2, 12, 434, 4, 5, 13, 310, 4, 4, 14, 453, 4, 3, 15, 406, 4, 4, 16, 179, 3, 3, 17, 455, 4, 5, 18, 544, 5, 6, 
http://espn.go.com/golf/player/scorecards/_/id/1085/year/2008/tournamentId/424/kenneth-ferrie, AT&T Classic - (05/15-05/18), 2008, 1, 434, 4, 4, 2, 144, 3, 3, 3, 389, 4, 4, 4, 558, 5, 5, 5, 441, 4, 3, 6, 569, 5, 4, 7, 458, 4, 4, 8, 248, 3, 3, 9, 472, 4, 4, 10, 628, 5, 5, 11, 189, 3, 4, 12, 434, 4, 5, 13, 310, 4, 4, 14, 453, 4, 4, 15, 406, 4, 4, 16, 179, 3, 3, 17, 455, 4, 4, 18, 544, 5, 5, 
http://espn.go.com/golf/player/scorecards/_/id/1085/year/2008/tournamentId/424/kenneth-ferrie, AT&T Classic - (05/15-05/18), 2008, 1, 434, 4, 4, 2, 144, 3, 2, 3, 389, 4, 4, 4, 558, 5, 4, 5, 441, 4, 4, 6, 569, 5, 5, 7, 458, 4, 4, 8, 248, 3, 3, 9, 472, 4, 3, 10, 628, 5, 5, 11, 189, 3, 2, 12, 434, 4, 5, 13, 310, 4, 4, 14, 453, 4, 5, 15, 406, 4, 3, 16, 179, 3, 3, 17, 455, 4, 4, 18, 544, 5, 4, 
http://espn.go.com/golf/player/scorecards/_/id/1085/year/2008/tournamentId/424/kenneth-ferrie, AT&T Classic - (05/15-05/18), 2008, 1, 434, 4, 3, 2, 144, 3, 3, 3, 389, 4, 4, 4, 558, 5, 5, 5, 441, 4, 5, 6, 569, 5, 5, 7, 458, 4, 4, 8, 248, 3, 4, 9, 472, 4, 5, 10, 628, 5, 5, 11, 189, 3, 3, 12, 434, 4, 4, 13, 310, 4, 3, 14, 453, 4, 4, 15, 406, 4, 4, 16, 179, 3, 4, 17, 455, 4, 5, 18, 544, 5, 6, 
http://espn.go.com/golf/player/scorecards/_/id/1085/year/2008/tournamentId/435/kenneth-ferrie, Travelers Championship - (06/19-06/22), 2008, 1, 434, 4, 6, 2, 341, 4, 4, 3, 431, 4, 4, 4, 481, 4, 3, 5, 223, 3, 4, 6, 574, 5, 5, 7, 443, 4, 4, 8, 202, 3, 4, 9, 406, 4, 4, 10, 462, 4, 4, 11, 158, 3, 2, 12, 411, 4, 5, 13, 523, 5, 4, 14, 421, 4, 5, 15, 296, 4, 4, 16, 171, 3, 3, 17, 433, 4, 3, 18, 444, 4, 3, 
http://espn.go.com/golf/player/scorecards/_/id/1085/year/2008/tournamentId/435/kenneth-ferrie, Travelers Championship - (06/19-06/22), 2008, 1, 434, 4, 4, 2, 341, 4, 3, 3, 431, 4, 3, 4, 481, 4, 4, 5, 223, 3, 3, 6, 574, 5, 5, 7, 443, 4, 4, 8, 202, 3, 4, 9, 406, 4, 3, 10, 462, 4, 5, 11, 158, 3, 3, 12, 411, 4, 3, 13, 523, 5, 4, 14, 421, 4, 5, 15, 296, 4, 4, 16, 171, 3, 3, 17, 433, 4, 4, 18, 444, 4, 4, 
http://espn.go.com/golf/player/scorecards/_/id/1085/year/2008/tournamentId/438/kenneth-ferrie, Buick Open - (06/26-06/29), 2008, 1, 567, 5, 5, 2, 431, 4, 4, 3, 187, 3, 3, 4, 401, 4, 4, 5, 437, 4, 4, 6, 421, 4, 4, 7, 584, 5, 5, 8, 199, 3, 3, 9, 434, 4, 4, 10, 401, 4, 3, 11, 190, 3, 3, 12, 340, 4, 4, 13, 544, 5, 5, 14, 322, 4, 4, 15, 457, 4, 4, 16, 580, 5, 4, 17, 197, 3, 3, 18, 435, 4, 4, 
http://espn.go.com/golf/player/scorecards/_/id/1085/year/2008/tournamentId/438/kenneth-ferrie, Buick Open - (06/26-06/29), 2008, 1, 567, 5, 5, 2, 431, 4, 4, 3, 187, 3, 3, 4, 401, 4, 4, 5, 437, 4, 5, 6, 421, 4, 4, 7, 584, 5, 6, 8, 199, 3, 2, 9, 434, 4, 4, 10, 401, 4, 5, 11, 190, 3, 3, 12, 340, 4, 4, 13, 544, 5, 7, 14, 322, 4, 3, 15, 457, 4, 4, 16, 580, 5, 4, 17, 197, 3, 3, 18, 435, 4, 4, 
http://espn.go.com/golf/player/scorecards/_/id/1085/year/2008/tournamentId/438/kenneth-ferrie, Buick Open - (06/26-06/29), 2008, 1, 567, 5, 5, 2, 431, 4, 4, 3, 187, 3, 3, 4, 401, 4, 3, 5, 437, 4, 4, 6, 421, 4, 4, 7, 584, 5, 5, 8, 199, 3, 2, 9, 434, 4, 4, 10, 401, 4, 5, 11, 190, 3, 3, 12, 340, 4, 4, 13, 544, 5, 7, 14, 322, 4, 4, 15, 457, 4, 4, 16, 580, 5, 4, 17, 197, 3, 3, 18, 435, 4, 5, 
http://espn.go.com/golf/player/scorecards/_/id/1085/year/2008/tournamentId/438/kenneth-ferrie, Buick Open - (06/26-06/29), 2008, 1, 567, 5, 4, 2, 431, 4, 3, 3, 187, 3, 3, 4, 401, 4, 4, 5, 437, 4, 4, 6, 421, 4, 4, 7, 584, 5, 5, 8, 199, 3, 2, 9, 434, 4, 3, 10, 401, 4, 4, 11, 190, 3, 3, 12, 340, 4, 4, 13, 544, 5, 4, 14, 322, 4, 3, 15, 457, 4, 5, 16, 580, 5, 5, 17, 197, 3, 3, 18, 435, 4, 3, 
http://espn.go.com/golf/player/scorecards/_/id/1085/year/2008/tournamentId/443/kenneth-ferrie, John Deere Classic - (07/10-07/13), 2008, 1, 395, 4, 4, 2, 561, 5, 5, 3, 186, 3, 3, 4, 454, 4, 4, 5, 433, 4, 4, 6, 367, 4, 5, 7, 226, 3, 2, 8, 428, 4, 4, 9, 503, 4, 5, 10, 596, 5, 3, 11, 432, 4, 4, 12, 215, 3, 3, 13, 424, 4, 4, 14, 361, 4, 3, 15, 484, 4, 4, 16, 158, 3, 3, 17, 569, 5, 4, 18, 476, 4, 3, 
http://espn.go.com/golf/player/scorecards/_/id/1085/year/2008/tournamentId/443/kenneth-ferrie, John Deere Classic - (07/10-07/13), 2008, 1, 395, 4, 3, 2, 561, 5, 6, 3, 186, 3, 3, 4, 454, 4, 4, 5, 433, 4, 5, 6, 367, 4, 5, 7, 226, 3, 3, 8, 428, 4, 4, 9, 503, 4, 5, 10, 596, 5, 4, 11, 432, 4, 4, 12, 215, 3, 4, 13, 424, 4, 4, 14, 361, 4, 4, 15, 484, 4, 4, 16, 158, 3, 3, 17, 569, 5, 4, 18, 476, 4, 4, 
http://espn.go.com/golf/player/scorecards/_/id/1085/year/2008/tournamentId/441/kenneth-ferrie, U.S. Bank Championship in Milwaukee - (07/17-07/20), 2008, 1, 461, 4, 5, 2, 417, 4, 4, 3, 171, 3, 3, 4, 485, 4, 4, 5, 164, 3, 3, 6, 556, 5, 4, 7, 215, 3, 4, 8, 436, 4, 4, 9, 359, 4, 3, 10, 447, 4, 4, 11, 196, 3, 3, 12, 381, 4, 4, 13, 437, 4, 4, 14, 188, 3, 3, 15, 531, 5, 6, 16, 371, 4, 4, 17, 387, 4, 5, 18, 557, 5, 5, 
http://espn.go.com/golf/player/scorecards/_/id/1085/year/2008/tournamentId/441/kenneth-ferrie, U.S. Bank Championship in Milwaukee - (07/17-07/20), 2008, 1, 461, 4, 4, 2, 417, 4, 4, 3, 171, 3, 4, 4, 485, 4, 3, 5, 164, 3, 3, 6, 556, 5, 4, 7, 215, 3, 5, 8, 436, 4, 4, 9, 359, 4, 3, 10, 447, 4, 5, 11, 196, 3, 2, 12, 381, 4, 4, 13, 437, 4, 3, 14, 188, 3, 3, 15, 531, 5, 5, 16, 371, 4, 4, 17, 387, 4, 4, 18, 557, 5, 6, 
http://espn.go.com/golf/player/scorecards/_/id/1085/year/2008/tournamentId/442/kenneth-ferrie, RBC Canadian Open - (07/24-07/27), 2008, 1, 417, 4, 4, 2, 527, 5, 5, 3, 437, 4, 4, 4, 197, 3, 4, 5, 433, 4, 4, 6, 458, 4, 4, 7, 156, 3, 4, 8, 485, 4, 3, 9, 414, 4, 4, 10, 443, 4, 4, 11, 452, 4, 5, 12, 202, 3, 3, 13, 558, 5, 5, 14, 457, 4, 5, 15, 141, 3, 3, 16, 516, 5, 4, 17, 436, 4, 4, 18, 524, 5, 4, 
http://espn.go.com/golf/player/scorecards/_/id/1085/year/2008/tournamentId/442/kenneth-ferrie, RBC Canadian Open - (07/24-07/27), 2008, 1, 417, 4, 4, 2, 527, 5, 3, 3, 437, 4, 2, 4, 197, 3, 4, 5, 433, 4, 4, 6, 458, 4, 4, 7, 156, 3, 3, 8, 485, 4, 4, 9, 414, 4, 6, 10, 443, 4, 4, 11, 452, 4, 4, 12, 202, 3, 3, 13, 558, 5, 5, 14, 457, 4, 4, 15, 141, 3, 3, 16, 516, 5, 4, 17, 436, 4, 4, 18, 524, 5, 4, 
http://espn.go.com/golf/player/scorecards/_/id/1085/year/2008/tournamentId/450/kenneth-ferrie, Legends Reno-Tahoe Open - (07/31-08/03), 2008, 1, 494, 4, 4, 2, 584, 5, 3, 3, 186, 3, 4, 4, 355, 4, 4, 5, 491, 4, 6, 6, 477, 4, 4, 7, 183, 3, 3, 8, 636, 5, 6, 9, 429, 4, 5, 10, 413, 4, 4, 11, 171, 3, 5, 12, 429, 4, 3, 13, 518, 5, 5, 14, 367, 4, 4, 15, 439, 4, 5, 16, 220, 3, 3, 17, 464, 4, 6, 18, 616, 5, 4, 
http://espn.go.com/golf/player/scorecards/_/id/1085/year/2008/tournamentId/450/kenneth-ferrie, Legends Reno-Tahoe Open - (07/31-08/03), 2008, 1, 494, 4, 4, 2, 584, 5, 3, 3, 186, 3, 4, 4, 355, 4, 4, 5, 491, 4, 4, 6, 477, 4, 4, 7, 183, 3, 4, 8, 636, 5, 4, 9, 429, 4, 5, 10, 413, 4, 6, 11, 171, 3, 4, 12, 429, 4, 4, 13, 518, 5, 4, 14, 367, 4, 5, 15, 439, 4, 4, 16, 220, 3, 4, 17, 464, 4, 5, 18, 616, 5, 3, 
http://espn.go.com/golf/player/scorecards/_/id/1085/year/2008/tournamentId/450/kenneth-ferrie, Legends Reno-Tahoe Open - (07/31-08/03), 2008, 1, 494, 4, 4, 2, 584, 5, 4, 3, 186, 3, 4, 4, 355, 4, 4, 5, 491, 4, 4, 6, 477, 4, 4, 7, 183, 3, 3, 8, 636, 5, 4, 9, 429, 4, 5, 10, 413, 4, 4, 11, 171, 3, 5, 12, 429, 4, 3, 13, 518, 5, 4, 14, 367, 4, 4, 15, 439, 4, 4, 16, 220, 3, 3, 17, 464, 4, 5, 18, 616, 5, 4, 
http://espn.go.com/golf/player/scorecards/_/id/1085/year/2008/tournamentId/450/kenneth-ferrie, Legends Reno-Tahoe Open - (07/31-08/03), 2008, 1, 494, 4, 3, 2, 584, 5, 3, 3, 186, 3, 5, 4, 355, 4, 5, 5, 491, 4, 4, 6, 477, 4, 4, 7, 183, 3, 3, 8, 636, 5, 3, 9, 429, 4, 5, 10, 413, 4, 6, 11, 171, 3, 4, 12, 429, 4, 4, 13, 518, 5, 4, 14, 367, 4, 4, 15, 439, 4, 3, 16, 220, 3, 2, 17, 464, 4, 6, 18, 616, 5, 4, 
http://espn.go.com/golf/player/scorecards/_/id/1085/year/2008/tournamentId/455/kenneth-ferrie, Turning Stone Resort Championship - (10/02-10/05), 2008, 1, 398, 4, 5, 2, 447, 4, 4, 3, 198, 3, 4, 4, 414, 4, 3, 5, 550, 5, 5, 6, 185, 3, 3, 7, 433, 4, 6, 8, 576, 5, 6, 9, 479, 4, 3, 10, 422, 4, 4, 11, 230, 3, 3, 12, 580, 5, 7, 13, 439, 4, 4, 14, 410, 4, 4, 15, 442, 4, 6, 16, 177, 3, 3, 17, 478, 4, 4, 18, 624, 5, 5, 
http://espn.go.com/golf/player/scorecards/_/id/1085/year/2008/tournamentId/455/kenneth-ferrie, Turning Stone Resort Championship - (10/02-10/05), 2008, 1, 398, 4, 4, 2, 447, 4, 4, 3, 198, 3, 3, 4, 414, 4, 3, 5, 550, 5, 4, 6, 185, 3, 3, 7, 433, 4, 4, 8, 576, 5, 5, 9, 479, 4, 4, 10, 422, 4, 4, 11, 230, 3, 3, 12, 580, 5, 6, 13, 439, 4, 5, 14, 410, 4, 5, 15, 442, 4, 4, 16, 177, 3, 3, 17, 478, 4, 3, 18, 624, 5, 5, 
http://espn.go.com/golf/player/scorecards/_/id/1085/year/2008/tournamentId/445/kenneth-ferrie, Valero Texas Open - (10/09-10/12), 2008, 1, 665, 5, 4, 2, 448, 4, 3, 3, 202, 3, 3, 4, 444, 4, 4, 5, 494, 4, 4, 6, 162, 3, 4, 7, 316, 4, 4, 8, 361, 4, 3, 9, 380, 4, 4, 10, 460, 4, 4, 11, 427, 4, 5, 12, 415, 4, 6, 13, 142, 3, 3, 14, 527, 5, 4, 15, 446, 4, 5, 16, 380, 4, 3, 17, 186, 3, 3, 18, 426, 4, 3, 
http://espn.go.com/golf/player/scorecards/_/id/1085/year/2008/tournamentId/445/kenneth-ferrie, Valero Texas Open - (10/09-10/12), 2008, 1, 665, 5, 5, 2, 448, 4, 4, 3, 202, 3, 3, 4, 444, 4, 5, 5, 494, 4, 4, 6, 162, 3, 3, 7, 316, 4, 4, 8, 361, 4, 4, 9, 380, 4, 4, 10, 460, 4, 3, 11, 427, 4, 5, 12, 415, 4, 4, 13, 142, 3, 3, 14, 527, 5, 4, 15, 446, 4, 5, 16, 380, 4, 5, 17, 186, 3, 4, 18, 426, 4, 4, 
http://espn.go.com/golf/player/scorecards/_/id/1085/year/2008/tournamentId/444/kenneth-ferrie, Justin Timberlake Shriners Hospitals for Children  - (10/16-10/19), 2008, 1, 408, 4, 3, 2, 469, 4, 4, 3, 492, 4, 4, 4, 450, 4, 4, 5, 197, 3, 4, 6, 430, 4, 6, 7, 382, 4, 5, 8, 239, 3, 3, 9, 563, 5, 5, 10, 420, 4, 4, 11, 448, 4, 3, 12, 442, 4, 5, 13, 606, 5, 4, 14, 156, 3, 3, 15, 341, 4, 5, 16, 560, 5, 9, 17, 196, 3, 3, 18, 444, 4, 4, 
http://espn.go.com/golf/player/scorecards/_/id/1085/year/2008/tournamentId/444/kenneth-ferrie, Justin Timberlake Shriners Hospitals for Children  - (10/16-10/19), 2008, 1, 408, 4, 4, 2, 469, 4, 4, 3, 492, 4, 5, 4, 450, 4, 3, 5, 197, 3, 4, 6, 430, 4, 4, 7, 382, 4, 4, 8, 239, 3, 3, 9, 563, 5, 6, 10, 420, 4, 3, 11, 448, 4, 4, 12, 442, 4, 4, 13, 606, 5, 4, 14, 156, 3, 3, 15, 341, 4, 4, 16, 560, 5, 3, 17, 196, 3, 3, 18, 444, 4, 5, 
http://espn.go.com/golf/player/scorecards/_/id/1085/year/2008/tournamentId/444/kenneth-ferrie, Justin Timberlake Shriners Hospitals for Children  - (10/16-10/19), 2008, 1, 408, 4, 4, 2, 469, 4, 4, 3, 492, 4, 4, 4, 450, 4, 5, 5, 197, 3, 4, 6, 430, 4, 4, 7, 382, 4, 4, 8, 239, 3, 3, 9, 563, 5, 5, 10, 420, 4, 4, 11, 448, 4, 4, 12, 442, 4, 3, 13, 606, 5, 5, 14, 156, 3, 3, 15, 341, 4, 3, 16, 560, 5, 4, 17, 196, 3, 3, 18, 444, 4, 4, 
http://espn.go.com/golf/player/scorecards/_/id/1085/year/2008/tournamentId/444/kenneth-ferrie, Justin Timberlake Shriners Hospitals for Children  - (10/16-10/19), 2008, 1, 408, 4, 4, 2, 469, 4, 4, 3, 492, 4, 4, 4, 450, 4, 4, 5, 197, 3, 2, 6, 430, 4, 4, 7, 382, 4, 3, 8, 239, 3, 3, 9, 563, 5, 4, 10, 420, 4, 4, 11, 448, 4, 4, 12, 442, 4, 5, 13, 606, 5, 5, 14, 156, 3, 3, 15, 341, 4, 3, 16, 560, 5, 4, 17, 196, 3, 3, 18, 444, 4, 3, 
http://espn.go.com/golf/player/scorecards/_/id/1085/year/2008/tournamentId/456/kenneth-ferrie, Frys.com Open - (10/23-10/26), 2008, 1, 413, 4, 5, 2, 395, 4, 4, 3, 460, 4, 4, 4, 562, 5, 6, 5, 203, 3, 2, 6, 345, 4, 5, 7, 498, 4, 3, 8, 174, 3, 2, 9, 464, 4, 3, 10, 390, 4, 4, 11, 572, 5, 4, 12, 468, 4, 4, 13, 230, 3, 3, 14, 429, 4, 3, 15, 332, 4, 4, 16, 211, 3, 3, 17, 464, 4, 5, 18, 515, 4, 3, 
http://espn.go.com/golf/player/scorecards/_/id/1085/year/2008/tournamentId/456/kenneth-ferrie, Frys.com Open - (10/23-10/26), 2008, 1, 413, 4, 3, 2, 395, 4, 4, 3, 460, 4, 4, 4, 562, 5, 5, 5, 203, 3, 5, 6, 345, 4, 4, 7, 498, 4, 4, 8, 174, 3, 4, 9, 464, 4, 4, 10, 390, 4, 4, 11, 572, 5, 5, 12, 468, 4, 3, 13, 230, 3, 3, 14, 429, 4, 4, 15, 332, 4, 4, 16, 211, 3, 4, 17, 464, 4, 4, 18, 515, 4, 5, 
http://espn.go.com/golf/player/scorecards/_/id/1085/year/2008/tournamentId/458/kenneth-ferrie, Ginn sur Mer Classic - (10/30-11/02), 2008, 1, 610, 5, 5, 2, 467, 4, 5, 3, 221, 3, 3, 4, 457, 4, 5, 5, 502, 4, 5, 6, 337, 4, 4, 7, 414, 4, 4, 8, 200, 3, 3, 9, 602, 5, 4, 10, 444, 4, 5, 11, 440, 4, 4, 12, 202, 3, 3, 13, 613, 5, 4, 14, 460, 4, 4, 15, 476, 4, 5, 16, 440, 4, 4, 17, 168, 3, 3, 18, 570, 5, 5, 
http://espn.go.com/golf/player/scorecards/_/id/1085/year/2008/tournamentId/458/kenneth-ferrie, Ginn sur Mer Classic - (10/30-11/02), 2008, 1, 610, 5, 5, 2, 467, 4, 3, 3, 221, 3, 3, 4, 457, 4, 4, 5, 502, 4, 4, 6, 337, 4, 4, 7, 414, 4, 3, 8, 200, 3, 3, 9, 602, 5, 4, 10, 444, 4, 4, 11, 440, 4, 5, 12, 202, 3, 3, 13, 613, 5, 4, 14, 460, 4, 3, 15, 476, 4, 4, 16, 440, 4, 4, 17, 168, 3, 2, 18, 570, 5, 5, 
http://espn.go.com/golf/player/scorecards/_/id/1085/year/2008/tournamentId/458/kenneth-ferrie, Ginn sur Mer Classic - (10/30-11/02), 2008, 1, 610, 5, 5, 2, 467, 4, 4, 3, 221, 3, 3, 4, 457, 4, 4, 5, 502, 4, 3, 6, 337, 4, 4, 7, 414, 4, 4, 8, 200, 3, 3, 9, 602, 5, 6, 10, 444, 4, 3, 11, 440, 4, 4, 12, 202, 3, 4, 13, 613, 5, 5, 14, 460, 4, 4, 15, 476, 4, 4, 16, 440, 4, 5, 17, 168, 3, 3, 18, 570, 5, 5, 
http://espn.go.com/golf/player/scorecards/_/id/1085/year/2008/tournamentId/458/kenneth-ferrie, Ginn sur Mer Classic - (10/30-11/02), 2008, 1, 610, 5, 5, 2, 467, 4, 5, 3, 221, 3, 4, 4, 457, 4, 4, 5, 502, 4, 3, 6, 337, 4, 4, 7, 414, 4, 4, 8, 200, 3, 3, 9, 602, 5, 4, 10, 444, 4, 3, 11, 440, 4, 4, 12, 202, 3, 3, 13, 613, 5, 5, 14, 460, 4, 3, 15, 476, 4, 4, 16, 440, 4, 4, 17, 168, 3, 3, 18, 570, 5, 5, 
http://espn.go.com/golf/player/scorecards/_/id/1085/year/2008/tournamentId/446/kenneth-ferrie, Children's Miracle Network Classic presented by Wa - (11/06-11/09), 2008, 1, 428, 4, 4, 2, 417, 4, 4, 3, 170, 3, 3, 4, 542, 5, 5, 5, 492, 4, 5, 6, 231, 3, 3, 7, 422, 4, 4, 8, 614, 5, 4, 9, 500, 4, 4, 10, 526, 5, 4, 11, 399, 4, 4, 12, 169, 3, 3, 13, 384, 4, 3, 14, 592, 5, 5, 15, 203, 3, 3, 16, 450, 4, 4, 17, 485, 4, 4, 18, 492, 4, 4, 
http://espn.go.com/golf/player/scorecards/_/id/1085/year/2008/tournamentId/446/kenneth-ferrie, Children's Miracle Network Classic presented by Wa - (11/06-11/09), 2008, 1, 498, 5, 4, 2, 424, 4, 4, 3, 167, 3, 3, 4, 422, 4, 4, 5, 410, 4, 3, 6, 411, 4, 3, 7, 524, 5, 4, 8, 205, 3, 3, 9, 380, 4, 4, 10, 441, 4, 4, 11, 544, 5, 5, 12, 206, 3, 5, 13, 358, 4, 5, 14, 547, 5, 5, 15, 422, 4, 4, 16, 195, 3, 3, 17, 399, 4, 5, 18, 458, 4, 4, 
http://espn.go.com/golf/player/scorecards/_/id/1085/year/2011/tournamentId/982/kenneth-ferrie, The Open Championship - (07/14-07/17), 2011, 1, 444, 4, 4, 2, 417, 4, 5, 3, 240, 3, 4, 4, 495, 4, 4, 5, 419, 4, 4, 6, 178, 3, 3, 7, 564, 5, 5, 8, 453, 4, 4, 9, 412, 4, 7, 10, 415, 4, 4, 11, 243, 3, 4, 12, 381, 4, 4, 13, 459, 4, 5, 14, 547, 5, 5, 15, 496, 4, 7, 16, 163, 3, 3, 17, 426, 4, 6, 18, 459, 4, 5, 
http://espn.go.com/golf/player/scorecards/_/id/1085/year/2011/tournamentId/982/kenneth-ferrie, The Open Championship - (07/14-07/17), 2011, 1, 444, 4, 4, 2, 417, 4, 4, 3, 240, 3, 4, 4, 495, 4, 5, 5, 419, 4, 4, 6, 178, 3, 3, 7, 564, 5, 4, 8, 453, 4, 5, 9, 412, 4, 6, 10, 415, 4, 4, 11, 243, 3, 4, 12, 381, 4, 4, 13, 459, 4, 4, 14, 547, 5, 5, 15, 496, 4, 4, 16, 163, 3, 3, 17, 426, 4, 5, 18, 459, 4, 4, 
http://espn.go.com/golf/player/scorecards/_/id/1085/year/2011/tournamentId/982/kenneth-ferrie, The Open Championship - (07/14-07/17), 2011, 1, 444, 4, 4, 2, 417, 4, 4, 3, 240, 3, 3, 4, 495, 4, 5, 5, 419, 4, 5, 6, 178, 3, 3, 7, 564, 5, 4, 8, 453, 4, 4, 9, 412, 4, 4, 10, 415, 4, 4, 11, 243, 3, 3, 12, 381, 4, 4, 13, 459, 4, 4, 14, 547, 5, 4, 15, 496, 4, 5, 16, 163, 3, 3, 17, 426, 4, 4, 18, 459, 4, 4, 
http://espn.go.com/golf/player/scorecards/_/id/1085/year/2011/tournamentId/982/kenneth-ferrie, The Open Championship - (07/14-07/17), 2011, 1, 444, 4, 4, 2, 417, 4, 5, 3, 240, 3, 3, 4, 495, 4, 4, 5, 419, 4, 5, 6, 178, 3, 3, 7, 564, 5, 4, 8, 453, 4, 5, 9, 412, 4, 4, 10, 415, 4, 4, 11, 243, 3, 3, 12, 381, 4, 4, 13, 459, 4, 5, 14, 547, 5, 4, 15, 496, 4, 4, 16, 163, 3, 2, 17, 426, 4, 3, 18, 459, 4, 5, 
