http://espn.go.com/golf/player/scorecards/_/id/140/year/2004/tournamentId/168/dan-forsman, the Memorial Tournament - (06/03-06/06), 2004, 1, 470, 4, 4, 2, 455, 4, 5, 3, 401, 4, 4, 4, 200, 3, 3, 5, 527, 5, 4, 6, 447, 4, 4, 7, 563, 5, 5, 8, 185, 3, 4, 9, 412, 4, 4, 10, 471, 4, 4, 11, 567, 5, 5, 12, 184, 3, 3, 13, 455, 4, 5, 14, 363, 4, 4, 15, 529, 5, 5, 16, 201, 3, 3, 17, 478, 4, 4, 18, 444, 4, 4, 
http://espn.go.com/golf/player/scorecards/_/id/140/year/2004/tournamentId/168/dan-forsman, the Memorial Tournament - (06/03-06/06), 2004, 1, 470, 4, 4, 2, 455, 4, 4, 3, 401, 4, 4, 4, 200, 3, 3, 5, 527, 5, 5, 6, 447, 4, 4, 7, 563, 5, 4, 8, 185, 3, 3, 9, 412, 4, 4, 10, 471, 4, 4, 11, 567, 5, 4, 12, 184, 3, 3, 13, 455, 4, 3, 14, 363, 4, 4, 15, 529, 5, 3, 16, 201, 3, 3, 17, 478, 4, 4, 18, 444, 4, 4, 
http://espn.go.com/golf/player/scorecards/_/id/140/year/2004/tournamentId/168/dan-forsman, the Memorial Tournament - (06/03-06/06), 2004, 1, 470, 4, 4, 2, 455, 4, 4, 3, 401, 4, 4, 4, 200, 3, 3, 5, 527, 5, 5, 6, 447, 4, 4, 7, 563, 5, 5, 8, 185, 3, 3, 9, 412, 4, 4, 10, 471, 4, 4, 11, 567, 5, 5, 12, 184, 3, 4, 13, 455, 4, 4, 14, 363, 4, 4, 15, 529, 5, 6, 16, 201, 3, 2, 17, 478, 4, 4, 18, 444, 4, 4, 
http://espn.go.com/golf/player/scorecards/_/id/140/year/2004/tournamentId/168/dan-forsman, the Memorial Tournament - (06/03-06/06), 2004, 1, 470, 4, 4, 2, 455, 4, 4, 3, 401, 4, 4, 4, 200, 3, 2, 5, 527, 5, 5, 6, 447, 4, 4, 7, 563, 5, 5, 8, 185, 3, 3, 9, 412, 4, 4, 10, 471, 4, 4, 11, 567, 5, 5, 12, 184, 3, 3, 13, 455, 4, 5, 14, 363, 4, 4, 15, 529, 5, 6, 16, 201, 3, 3, 17, 478, 4, 4, 18, 444, 4, 4, 
http://espn.go.com/golf/player/scorecards/_/id/140/year/2004/tournamentId/169/dan-forsman, Buick Classic - (06/10-06/13), 2004, 1, 190, 3, 3, 2, 384, 4, 4, 3, 408, 4, 4, 4, 419, 4, 4, 5, 575, 5, 5, 6, 151, 3, 4, 7, 350, 4, 5, 8, 471, 4, 4, 9, 505, 5, 4, 10, 314, 4, 4, 11, 447, 4, 3, 12, 485, 4, 4, 13, 410, 4, 5, 14, 154, 3, 3, 15, 462, 4, 4, 16, 214, 3, 3, 17, 374, 4, 4, 18, 526, 5, 5, 
http://espn.go.com/golf/player/scorecards/_/id/140/year/2004/tournamentId/169/dan-forsman, Buick Classic - (06/10-06/13), 2004, 1, 190, 3, 3, 2, 384, 4, 4, 3, 408, 4, 4, 4, 419, 4, 4, 5, 575, 5, 5, 6, 151, 3, 2, 7, 350, 4, 4, 8, 471, 4, 3, 9, 505, 5, 5, 10, 314, 4, 3, 11, 447, 4, 5, 12, 485, 4, 3, 13, 410, 4, 4, 14, 154, 3, 4, 15, 462, 4, 4, 16, 214, 3, 3, 17, 374, 4, 5, 18, 526, 5, 4, 
http://espn.go.com/golf/player/scorecards/_/id/140/year/2004/tournamentId/169/dan-forsman, Buick Classic - (06/10-06/13), 2004, 1, 190, 3, 3, 2, 384, 4, 4, 3, 408, 4, 4, 4, 419, 4, 5, 5, 575, 5, 5, 6, 151, 3, 3, 7, 350, 4, 4, 8, 471, 4, 4, 9, 505, 5, 5, 10, 314, 4, 4, 11, 447, 4, 4, 12, 485, 4, 4, 13, 410, 4, 4, 14, 154, 3, 3, 15, 462, 4, 4, 16, 214, 3, 3, 17, 374, 4, 4, 18, 526, 5, 4, 
http://espn.go.com/golf/player/scorecards/_/id/140/year/2004/tournamentId/169/dan-forsman, Buick Classic - (06/10-06/13), 2004, 1, 190, 3, 3, 2, 384, 4, 4, 3, 408, 4, 5, 4, 419, 4, 3, 5, 575, 5, 5, 6, 151, 3, 3, 7, 350, 4, 4, 8, 471, 4, 4, 9, 505, 5, 5, 10, 314, 4, 3, 11, 447, 4, 5, 12, 485, 4, 3, 13, 410, 4, 4, 14, 154, 3, 3, 15, 462, 4, 4, 16, 214, 3, 4, 17, 374, 4, 4, 18, 526, 5, 4, 
http://espn.go.com/golf/player/scorecards/_/id/140/year/2004/tournamentId/173/dan-forsman, Cialis Western Open - (07/01-07/04), 2004, 1, 462, 4, 5, 2, 228, 3, 3, 3, 446, 4, 4, 4, 465, 4, 5, 5, 509, 4, 4, 6, 244, 3, 3, 7, 434, 4, 5, 8, 383, 4, 4, 9, 615, 5, 5, 10, 386, 4, 4, 11, 610, 5, 5, 12, 221, 3, 4, 13, 486, 4, 5, 14, 218, 3, 4, 15, 526, 5, 6, 16, 459, 4, 4, 17, 427, 4, 4, 18, 497, 4, 4, 
http://espn.go.com/golf/player/scorecards/_/id/140/year/2004/tournamentId/173/dan-forsman, Cialis Western Open - (07/01-07/04), 2004, 1, 462, 4, 3, 2, 228, 3, 3, 3, 446, 4, 5, 4, 465, 4, 6, 5, 509, 4, 4, 6, 244, 3, 2, 7, 434, 4, 5, 8, 383, 4, 4, 9, 615, 5, 5, 10, 386, 4, 3, 11, 610, 5, 4, 12, 221, 3, 3, 13, 486, 4, 5, 14, 218, 3, 3, 15, 526, 5, 5, 16, 459, 4, 4, 17, 427, 4, 4, 18, 497, 4, 4, 
http://espn.go.com/golf/player/scorecards/_/id/140/year/2004/tournamentId/173/dan-forsman, Cialis Western Open - (07/01-07/04), 2004, 1, 462, 4, 5, 2, 228, 3, 4, 3, 446, 4, 4, 4, 465, 4, 4, 5, 509, 4, 5, 6, 244, 3, 3, 7, 434, 4, 4, 8, 383, 4, 4, 9, 615, 5, 4, 10, 386, 4, 4, 11, 610, 5, 5, 12, 221, 3, 3, 13, 486, 4, 4, 14, 218, 3, 3, 15, 526, 5, 4, 16, 459, 4, 4, 17, 427, 4, 4, 18, 497, 4, 4, 
http://espn.go.com/golf/player/scorecards/_/id/140/year/2004/tournamentId/173/dan-forsman, Cialis Western Open - (07/01-07/04), 2004, 1, 462, 4, 4, 2, 228, 3, 3, 3, 446, 4, 4, 4, 465, 4, 3, 5, 509, 4, 4, 6, 244, 3, 3, 7, 434, 4, 3, 8, 383, 4, 4, 9, 615, 5, 4, 10, 386, 4, 3, 11, 610, 5, 4, 12, 221, 3, 3, 13, 486, 4, 5, 14, 218, 3, 3, 15, 526, 5, 4, 16, 459, 4, 6, 17, 427, 4, 5, 18, 497, 4, 3, 
http://espn.go.com/golf/player/scorecards/_/id/140/year/2004/tournamentId/182/dan-forsman, John Deere Classic - (07/08-07/11), 2004, 1, 395, 4, 4, 2, 561, 5, 4, 3, 186, 3, 3, 4, 454, 4, , 5, 433, 4, , 6, 367, 4, , 7, 226, 3, , 8, 428, 4, , 9, 503, 4, , 10, 596, 5, 5, 11, 432, 4, 4, 12, 215, 3, 3, 13, 424, 4, 4, 14, 361, 4, 6, 15, 484, 4, 4, 16, 158, 3, 3, 17, 569, 5, 6, 18, 476, 4, 4, 
http://espn.go.com/golf/player/scorecards/_/id/140/year/2004/tournamentId/182/dan-forsman, John Deere Classic - (07/08-07/11), 2004, 1, 395, 4, 4, 2, 561, 5, 5, 3, 186, 3, 4, 4, 454, 4, 5, 5, 433, 4, 4, 6, 367, 4, 3, 7, 226, 3, 4, 8, 428, 4, 4, 9, 503, 4, 4, 10, 596, 5, 5, 11, 432, 4, 4, 12, 215, 3, 3, 13, 424, 4, 4, 14, 361, 4, 4, 15, 484, 4, 4, 16, 158, 3, 3, 17, 569, 5, 5, 18, 476, 4, 4, 
http://espn.go.com/golf/player/scorecards/_/id/140/year/2004/tournamentId/180/dan-forsman, U.S. Bank Championship in Milwaukee - (07/22-07/25), 2004, 1, 461, 4, 4, 2, 417, 4, 5, 3, 171, 3, 3, 4, 485, 4, 5, 5, 164, 3, 3, 6, 556, 5, 4, 7, 215, 3, 4, 8, 436, 4, 4, 9, 359, 4, 3, 10, 447, 4, 4, 11, 196, 3, 3, 12, 381, 4, 4, 13, 437, 4, 5, 14, 188, 3, 3, 15, 531, 5, 5, 16, 371, 4, 4, 17, 387, 4, 5, 18, 557, 5, 4, 
http://espn.go.com/golf/player/scorecards/_/id/140/year/2004/tournamentId/180/dan-forsman, U.S. Bank Championship in Milwaukee - (07/22-07/25), 2004, 1, 461, 4, 5, 2, 417, 4, 4, 3, 171, 3, 3, 4, 485, 4, 5, 5, 164, 3, 3, 6, 556, 5, 5, 7, 215, 3, 3, 8, 436, 4, 4, 9, 359, 4, 4, 10, 447, 4, 4, 11, 196, 3, 3, 12, 381, 4, 4, 13, 437, 4, 5, 14, 188, 3, 3, 15, 531, 5, 5, 16, 371, 4, 3, 17, 387, 4, 4, 18, 557, 5, 4, 
http://espn.go.com/golf/player/scorecards/_/id/140/year/2004/tournamentId/180/dan-forsman, U.S. Bank Championship in Milwaukee - (07/22-07/25), 2004, 1, 461, 4, 5, 2, 417, 4, 4, 3, 171, 3, 2, 4, 485, 4, 5, 5, 164, 3, 3, 6, 556, 5, 4, 7, 215, 3, 3, 8, 436, 4, 4, 9, 359, 4, 4, 10, 447, 4, 5, 11, 196, 3, 3, 12, 381, 4, 4, 13, 437, 4, 4, 14, 188, 3, 2, 15, 531, 5, 4, 16, 371, 4, 3, 17, 387, 4, 5, 18, 557, 5, 4, 
http://espn.go.com/golf/player/scorecards/_/id/140/year/2004/tournamentId/180/dan-forsman, U.S. Bank Championship in Milwaukee - (07/22-07/25), 2004, 1, 461, 4, 4, 2, 417, 4, 4, 3, 171, 3, 3, 4, 485, 4, 3, 5, 164, 3, 3, 6, 556, 5, 4, 7, 215, 3, 3, 8, 436, 4, 4, 9, 359, 4, 4, 10, 447, 4, 4, 11, 196, 3, 3, 12, 381, 4, 4, 13, 437, 4, 4, 14, 188, 3, 3, 15, 531, 5, 4, 16, 371, 4, 3, 17, 387, 4, 5, 18, 557, 5, 4, 
http://espn.go.com/golf/player/scorecards/_/id/140/year/2004/tournamentId/176/dan-forsman, Buick Open - (07/29-08/01), 2004, 1, 567, 5, 5, 2, 431, 4, 4, 3, 187, 3, 3, 4, 401, 4, 3, 5, 437, 4, 4, 6, 421, 4, 3, 7, 584, 5, 5, 8, 199, 3, 2, 9, 434, 4, 4, 10, 401, 4, 4, 11, 190, 3, 3, 12, 340, 4, 4, 13, 544, 5, 4, 14, 322, 4, 4, 15, 457, 4, 4, 16, 580, 5, 5, 17, 197, 3, 3, 18, 435, 4, 4, 
http://espn.go.com/golf/player/scorecards/_/id/140/year/2004/tournamentId/176/dan-forsman, Buick Open - (07/29-08/01), 2004, 1, 567, 5, 4, 2, 431, 4, 4, 3, 187, 3, 3, 4, 401, 4, 4, 5, 437, 4, 4, 6, 421, 4, 4, 7, 584, 5, 6, 8, 199, 3, 3, 9, 434, 4, 4, 10, 401, 4, 4, 11, 190, 3, 3, 12, 340, 4, 5, 13, 544, 5, 5, 14, 322, 4, 5, 15, 457, 4, 6, 16, 580, 5, 5, 17, 197, 3, 3, 18, 435, 4, 4, 
http://espn.go.com/golf/player/scorecards/_/id/140/year/2004/tournamentId/176/dan-forsman, Buick Open - (07/29-08/01), 2004, 1, 567, 5, 4, 2, 431, 4, 3, 3, 187, 3, 3, 4, 401, 4, 5, 5, 437, 4, 4, 6, 421, 4, 4, 7, 584, 5, 5, 8, 199, 3, 3, 9, 434, 4, 5, 10, 401, 4, 4, 11, 190, 3, 3, 12, 340, 4, 4, 13, 544, 5, 4, 14, 322, 4, 4, 15, 457, 4, 4, 16, 580, 5, 4, 17, 197, 3, 4, 18, 435, 4, 4, 
http://espn.go.com/golf/player/scorecards/_/id/140/year/2004/tournamentId/176/dan-forsman, Buick Open - (07/29-08/01), 2004, 1, 567, 5, 5, 2, 431, 4, 4, 3, 187, 3, 2, 4, 401, 4, 4, 5, 437, 4, 4, 6, 421, 4, 4, 7, 584, 5, 4, 8, 199, 3, 3, 9, 434, 4, 4, 10, 401, 4, 4, 11, 190, 3, 3, 12, 340, 4, 4, 13, 544, 5, 5, 14, 322, 4, 3, 15, 457, 4, 4, 16, 580, 5, 5, 17, 197, 3, 3, 18, 435, 4, 3, 
http://espn.go.com/golf/player/scorecards/_/id/140/year/2004/tournamentId/178/dan-forsman, The INTERNATIONAL - (08/05-08/08), 2004, 1, 644, 5, , 2, 408, 4, , 3, 462, 4, , 4, 230, 3, , 5, 477, 4, , 6, 417, 4, , 7, 185, 3, , 8, 570, 5, , 9, 458, 4, , 10, 485, 4, , 11, 197, 3, , 12, 440, 4, , 13, 439, 4, , 14, 623, 5, , 15, 403, 4, , 16, 209, 3, , 17, 492, 5, , 18, 480, 4, , 
http://espn.go.com/golf/player/scorecards/_/id/140/year/2004/tournamentId/178/dan-forsman, The INTERNATIONAL - (08/05-08/08), 2004, 1, 644, 5, , 2, 408, 4, , 3, 462, 4, , 4, 230, 3, , 5, 477, 4, , 6, 417, 4, , 7, 185, 3, , 8, 570, 5, , 9, 458, 4, , 10, 485, 4, , 11, 197, 3, , 12, 440, 4, , 13, 439, 4, , 14, 623, 5, , 15, 403, 4, , 16, 209, 3, , 17, 492, 5, , 18, 480, 4, , 
http://espn.go.com/golf/player/scorecards/_/id/140/year/2004/tournamentId/190/dan-forsman, Reno-Tahoe Open - (08/19-08/22), 2004, 1, 494, 4, 4, 2, 584, 5, 3, 3, 186, 3, 4, 4, 355, 4, 5, 5, 491, 4, 3, 6, 477, 4, 4, 7, 183, 3, 3, 8, 636, 5, 3, 9, 429, 4, 6, 10, 413, 4, 4, 11, 171, 3, 7, 12, 429, 4, 2, 13, 518, 5, 3, 14, 367, 4, 4, 15, 439, 4, 4, 16, 220, 3, 4, 17, 464, 4, 5, 18, 616, 5, 4, 
http://espn.go.com/golf/player/scorecards/_/id/140/year/2004/tournamentId/190/dan-forsman, Reno-Tahoe Open - (08/19-08/22), 2004, 1, 494, 4, 4, 2, 584, 5, 3, 3, 186, 3, 4, 4, 355, 4, 5, 5, 491, 4, 4, 6, 477, 4, 4, 7, 183, 3, 3, 8, 636, 5, 5, 9, 429, 4, 5, 10, 413, 4, 5, 11, 171, 3, 4, 12, 429, 4, 3, 13, 518, 5, 4, 14, 367, 4, 4, 15, 439, 4, 4, 16, 220, 3, 4, 17, 464, 4, 5, 18, 616, 5, 4, 
http://espn.go.com/golf/player/scorecards/_/id/140/year/2004/tournamentId/172/dan-forsman, Buick Championship - (08/26-08/29), 2004, 1, 434, 4, 4, 2, 341, 4, 4, 3, 431, 4, 4, 4, 481, 4, 4, 5, 223, 3, 4, 6, 574, 5, 5, 7, 443, 4, 4, 8, 202, 3, 4, 9, 406, 4, 3, 10, 462, 4, 4, 11, 158, 3, 3, 12, 411, 4, 4, 13, 523, 5, 5, 14, 421, 4, 4, 15, 296, 4, 4, 16, 171, 3, 4, 17, 433, 4, 6, 18, 444, 4, 4, 
http://espn.go.com/golf/player/scorecards/_/id/140/year/2004/tournamentId/172/dan-forsman, Buick Championship - (08/26-08/29), 2004, 1, 434, 4, 4, 2, 341, 4, 5, 3, 431, 4, 4, 4, 481, 4, 5, 5, 223, 3, 3, 6, 574, 5, 5, 7, 443, 4, 4, 8, 202, 3, 3, 9, 406, 4, 4, 10, 462, 4, 4, 11, 158, 3, 3, 12, 411, 4, 5, 13, 523, 5, 5, 14, 421, 4, 4, 15, 296, 4, 5, 16, 171, 3, 6, 17, 433, 4, 5, 18, 444, 4, 3, 
http://espn.go.com/golf/player/scorecards/_/id/140/year/2004/tournamentId/193/dan-forsman, Deutsche Bank Championship - (09/03-09/06), 2004, 1, 365, 4, 4, 2, 542, 5, 5, 3, 208, 3, 3, 4, 298, 4, 4, 5, 466, 4, 4, 6, 465, 4, 4, 7, 600, 5, 4, 8, 213, 3, 3, 9, 472, 4, 4, 10, 425, 4, 4, 11, 231, 3, 3, 12, 461, 4, 4, 13, 451, 4, 5, 14, 495, 4, 4, 15, 421, 4, 4, 16, 161, 3, 3, 17, 412, 4, 4, 18, 530, 5, 5, 
http://espn.go.com/golf/player/scorecards/_/id/140/year/2004/tournamentId/193/dan-forsman, Deutsche Bank Championship - (09/03-09/06), 2004, 1, 365, 4, 4, 2, 542, 5, 5, 3, 208, 3, 2, 4, 298, 4, 4, 5, 466, 4, 4, 6, 465, 4, 4, 7, 600, 5, 5, 8, 213, 3, 3, 9, 472, 4, 4, 10, 425, 4, 5, 11, 231, 3, 3, 12, 461, 4, 4, 13, 451, 4, 5, 14, 495, 4, 4, 15, 421, 4, 3, 16, 161, 3, 2, 17, 412, 4, 4, 18, 530, 5, 4, 
http://espn.go.com/golf/player/scorecards/_/id/140/year/2004/tournamentId/193/dan-forsman, Deutsche Bank Championship - (09/03-09/06), 2004, 1, 365, 4, 5, 2, 542, 5, 5, 3, 208, 3, 3, 4, 298, 4, 5, 5, 466, 4, 4, 6, 465, 4, 4, 7, 600, 5, 5, 8, 213, 3, 3, 9, 472, 4, 4, 10, 425, 4, 3, 11, 231, 3, 4, 12, 461, 4, 4, 13, 451, 4, 4, 14, 495, 4, 4, 15, 421, 4, 4, 16, 161, 3, 3, 17, 412, 4, 3, 18, 530, 5, 5, 
http://espn.go.com/golf/player/scorecards/_/id/140/year/2004/tournamentId/193/dan-forsman, Deutsche Bank Championship - (09/03-09/06), 2004, 1, 365, 4, 5, 2, 542, 5, 3, 3, 208, 3, 3, 4, 298, 4, 3, 5, 466, 4, 4, 6, 465, 4, 4, 7, 600, 5, 4, 8, 213, 3, 3, 9, 472, 4, 5, 10, 425, 4, 4, 11, 231, 3, 3, 12, 461, 4, 3, 13, 451, 4, 5, 14, 495, 4, 4, 15, 421, 4, 4, 16, 161, 3, 3, 17, 412, 4, 3, 18, 530, 5, 5, 
http://espn.go.com/golf/player/scorecards/_/id/140/year/2004/tournamentId/181/dan-forsman, Bell Canadian Open - (09/09-09/12), 2004, 1, 417, 4, 4, 2, 527, 5, 4, 3, 437, 4, 2, 4, 197, 3, 4, 5, 433, 4, 4, 6, 458, 4, 4, 7, 156, 3, 3, 8, 485, 4, 5, 9, 414, 4, 5, 10, 443, 4, 4, 11, 452, 4, 4, 12, 202, 3, 4, 13, 558, 5, 6, 14, 457, 4, 4, 15, 141, 3, 3, 16, 516, 5, 5, 17, 436, 4, 7, 18, 524, 5, 5, 
http://espn.go.com/golf/player/scorecards/_/id/140/year/2004/tournamentId/181/dan-forsman, Bell Canadian Open - (09/09-09/12), 2004, 1, 417, 4, 4, 2, 527, 5, 4, 3, 437, 4, 3, 4, 197, 3, 3, 5, 433, 4, 5, 6, 458, 4, 5, 7, 156, 3, 2, 8, 485, 4, 4, 9, 414, 4, 4, 10, 443, 4, 4, 11, 452, 4, 4, 12, 202, 3, 3, 13, 558, 5, 5, 14, 457, 4, 4, 15, 141, 3, 3, 16, 516, 5, 5, 17, 436, 4, 4, 18, 524, 5, 5, 
http://espn.go.com/golf/player/scorecards/_/id/140/year/2004/tournamentId/187/dan-forsman, 84 LUMBER Classic - (09/23-09/26), 2004, 1, 371, 4, 3, 2, 469, 4, 6, 3, 231, 3, 3, 4, 385, 4, 4, 5, 598, 5, 5, 6, 410, 4, 4, 7, 223, 3, 3, 8, 545, 5, 5, 9, 484, 4, 5, 10, 438, 4, 4, 11, 634, 5, 5, 12, 181, 3, 4, 13, 394, 4, 3, 14, 465, 4, 5, 15, 463, 4, 5, 16, 525, 5, 6, 17, 204, 3, 3, 18, 468, 4, 4, 
http://espn.go.com/golf/player/scorecards/_/id/140/year/2004/tournamentId/187/dan-forsman, 84 LUMBER Classic - (09/23-09/26), 2004, 1, 371, 4, 3, 2, 469, 4, 4, 3, 231, 3, 4, 4, 385, 4, 4, 5, 598, 5, 4, 6, 410, 4, 4, 7, 223, 3, 3, 8, 545, 5, 4, 9, 484, 4, 5, 10, 438, 4, 4, 11, 634, 5, 5, 12, 181, 3, 3, 13, 394, 4, 4, 14, 465, 4, 4, 15, 463, 4, 4, 16, 525, 5, 6, 17, 204, 3, 3, 18, 468, 4, 5, 
http://espn.go.com/golf/player/scorecards/_/id/140/year/2004/tournamentId/187/dan-forsman, 84 LUMBER Classic - (09/23-09/26), 2004, 1, 371, 4, 4, 2, 469, 4, 4, 3, 231, 3, 4, 4, 385, 4, 4, 5, 598, 5, 5, 6, 410, 4, 5, 7, 223, 3, 3, 8, 545, 5, 5, 9, 484, 4, 4, 10, 438, 4, 4, 11, 634, 5, 5, 12, 181, 3, 3, 13, 394, 4, 4, 14, 465, 4, 4, 15, 463, 4, 5, 16, 525, 5, 3, 17, 204, 3, 3, 18, 468, 4, 4, 
http://espn.go.com/golf/player/scorecards/_/id/140/year/2004/tournamentId/187/dan-forsman, 84 LUMBER Classic - (09/23-09/26), 2004, 1, 371, 4, 3, 2, 469, 4, 6, 3, 231, 3, 2, 4, 385, 4, 3, 5, 598, 5, 4, 6, 410, 4, 4, 7, 223, 3, 4, 8, 545, 5, 4, 9, 484, 4, 4, 10, 438, 4, 5, 11, 634, 5, 5, 12, 181, 3, 2, 13, 394, 4, 4, 14, 465, 4, 3, 15, 463, 4, 4, 16, 525, 5, 5, 17, 204, 3, 3, 18, 468, 4, 3, 
http://espn.go.com/golf/player/scorecards/_/id/140/year/2004/tournamentId/175/dan-forsman, Southern Farm Bureau Classic - (09/30-10/03), 2004, 1, 385, 4, 4, 2, 213, 3, 3, 3, 406, 4, 4, 4, 465, 4, 4, 5, 522, 5, 5, 6, 424, 4, 4, 7, 556, 5, 4, 8, 209, 3, 3, 9, 450, 4, 4, 10, 410, 4, 4, 11, 579, 5, 4, 12, 171, 3, 3, 13, 414, 4, 3, 14, 473, 4, 4, 15, 176, 3, 3, 16, 408, 4, 4, 17, 409, 4, 5, 18, 532, 5, 5, 
http://espn.go.com/golf/player/scorecards/_/id/140/year/2004/tournamentId/175/dan-forsman, Southern Farm Bureau Classic - (09/30-10/03), 2004, 1, 385, 4, 4, 2, 213, 3, 3, 3, 406, 4, 4, 4, 465, 4, 4, 5, 522, 5, 4, 6, 424, 4, 4, 7, 556, 5, 4, 8, 209, 3, 2, 9, 450, 4, 4, 10, 410, 4, 4, 11, 579, 5, 6, 12, 171, 3, 4, 13, 414, 4, 4, 14, 473, 4, 4, 15, 176, 3, 3, 16, 408, 4, 4, 17, 409, 4, 4, 18, 532, 5, 4, 
http://espn.go.com/golf/player/scorecards/_/id/140/year/2004/tournamentId/175/dan-forsman, Southern Farm Bureau Classic - (09/30-10/03), 2004, 1, 385, 4, 4, 2, 213, 3, 3, 3, 406, 4, 4, 4, 465, 4, 4, 5, 522, 5, 4, 6, 424, 4, 4, 7, 556, 5, 4, 8, 209, 3, 3, 9, 450, 4, 4, 10, 410, 4, 4, 11, 579, 5, 4, 12, 171, 3, 3, 13, 414, 4, 4, 14, 473, 4, 4, 15, 176, 3, 4, 16, 408, 4, 4, 17, 409, 4, 3, 18, 532, 5, 5, 
http://espn.go.com/golf/player/scorecards/_/id/140/year/2004/tournamentId/175/dan-forsman, Southern Farm Bureau Classic - (09/30-10/03), 2004, 1, 385, 4, 4, 2, 213, 3, 3, 3, 406, 4, 4, 4, 465, 4, 5, 5, 522, 5, 5, 6, 424, 4, 4, 7, 556, 5, 4, 8, 209, 3, 3, 9, 450, 4, 3, 10, 410, 4, 4, 11, 579, 5, 5, 12, 171, 3, 3, 13, 414, 4, 4, 14, 473, 4, 4, 15, 176, 3, 2, 16, 408, 4, 4, 17, 409, 4, 4, 18, 532, 5, 4, 
http://espn.go.com/golf/player/scorecards/_/id/140/year/2004/tournamentId/194/dan-forsman, Michelin Championship at Las Vegas - (10/07-10/10), 2004, 1, 408, 4, 4, 2, 469, 4, 4, 3, 492, 4, 4, 4, 450, 4, 3, 5, 197, 3, 3, 6, 430, 4, 5, 7, 382, 4, 4, 8, 239, 3, 4, 9, 563, 5, 4, 10, 420, 4, 5, 11, 448, 4, 4, 12, 442, 4, 3, 13, 606, 5, 5, 14, 156, 3, 4, 15, 341, 4, 5, 16, 560, 5, 5, 17, 196, 3, 3, 18, 444, 4, 3, 
http://espn.go.com/golf/player/scorecards/_/id/140/year/2004/tournamentId/194/dan-forsman, Michelin Championship at Las Vegas - (10/07-10/10), 2004, 1, 359, 4, 4, 2, 196, 3, 3, 3, 466, 4, 4, 4, 544, 5, 4, 5, 378, 4, 4, 6, 604, 5, 5, 7, 209, 3, 3, 8, 458, 4, 4, 9, 349, 4, 4, 10, 419, 4, 4, 11, 444, 4, 4, 12, 145, 3, 3, 13, 423, 4, 3, 14, 365, 4, 4, 15, 612, 5, 4, 16, 202, 3, 3, 17, 443, 4, 4, 18, 447, 4, 4, 
http://espn.go.com/golf/player/scorecards/_/id/140/year/2004/tournamentId/194/dan-forsman, Michelin Championship at Las Vegas - (10/07-10/10), 2004, 1, 408, 4, 4, 2, 535, 5, 4, 3, 413, 4, 4, 4, 255, 3, 3, 5, 438, 4, 4, 6, 396, 4, 3, 7, 200, 3, 4, 8, 600, 5, 5, 9, 453, 4, 5, 10, 403, 4, 4, 11, 350, 4, 4, 12, 528, 5, 3, 13, 153, 3, 3, 14, 467, 4, 3, 15, 233, 3, 3, 16, 413, 4, 4, 17, 532, 5, 4, 18, 450, 4, 4, 
http://espn.go.com/golf/player/scorecards/_/id/140/year/2004/tournamentId/163/dan-forsman, Chrysler Classic of Greensboro - (10/14-10/17), 2004, 1, 375, 4, 4, 2, 557, 5, 5, 3, 443, 4, 5, 4, 203, 3, 3, 5, 360, 4, 5, 6, 455, 4, 4, 7, 376, 4, 4, 8, 226, 3, 3, 9, 584, 5, 4, 10, 437, 4, 4, 11, 442, 4, 4, 12, 189, 3, 3, 13, 529, 5, 5, 14, 462, 4, 4, 15, 555, 5, 4, 16, 467, 4, 4, 17, 222, 3, 3, 18, 451, 4, 4, 
http://espn.go.com/golf/player/scorecards/_/id/140/year/2004/tournamentId/163/dan-forsman, Chrysler Classic of Greensboro - (10/14-10/17), 2004, 1, 375, 4, 4, 2, 557, 5, 5, 3, 443, 4, 5, 4, 203, 3, 4, 5, 360, 4, 4, 6, 455, 4, 6, 7, 376, 4, 4, 8, 226, 3, 4, 9, 584, 5, 4, 10, 437, 4, 4, 11, 442, 4, 3, 12, 189, 3, 3, 13, 529, 5, 4, 14, 462, 4, 5, 15, 555, 5, 4, 16, 467, 4, 4, 17, 222, 3, 2, 18, 451, 4, 4, 
http://espn.go.com/golf/player/scorecards/_/id/140/year/2004/tournamentId/185/dan-forsman, FUNAI Classic at the WALT DISNEY WORLD Resort - (10/21-10/24), 2004, 1, 428, 4, 4, 2, 417, 4, 3, 3, 170, 3, 3, 4, 542, 5, 6, 5, 492, 4, 4, 6, 231, 3, 3, 7, 422, 4, 4, 8, 614, 5, 4, 9, 500, 4, 3, 10, 526, 5, 4, 11, 399, 4, 4, 12, 169, 3, 3, 13, 384, 4, 3, 14, 592, 5, 5, 15, 203, 3, 3, 16, 450, 4, 4, 17, 485, 4, 4, 18, 492, 4, 5, 
http://espn.go.com/golf/player/scorecards/_/id/140/year/2004/tournamentId/185/dan-forsman, FUNAI Classic at the WALT DISNEY WORLD Resort - (10/21-10/24), 2004, 1, 428, 4, 4, 2, 417, 4, 4, 3, 170, 3, 3, 4, 542, 5, 4, 5, 492, 4, 4, 6, 231, 3, 2, 7, 422, 4, 4, 8, 614, 5, 4, 9, 500, 4, 4, 10, 526, 5, 4, 11, 399, 4, 4, 12, 169, 3, 3, 13, 384, 4, 4, 14, 592, 5, 5, 15, 203, 3, 4, 16, 450, 4, 3, 17, 485, 4, 3, 18, 492, 4, 3, 
http://espn.go.com/golf/player/scorecards/_/id/140/year/2004/tournamentId/185/dan-forsman, FUNAI Classic at the WALT DISNEY WORLD Resort - (10/21-10/24), 2004, 1, 498, 5, 5, 2, 424, 4, 4, 3, 167, 3, 2, 4, 422, 4, 4, 5, 410, 4, 4, 6, 411, 4, 4, 7, 524, 5, 4, 8, 205, 3, 3, 9, 380, 4, 4, 10, 441, 4, 4, 11, 544, 5, 5, 12, 206, 3, 3, 13, 358, 4, 4, 14, 547, 5, 4, 15, 422, 4, 4, 16, 195, 3, 3, 17, 399, 4, 3, 18, 458, 4, 4, 
http://espn.go.com/golf/player/scorecards/_/id/140/year/2004/tournamentId/185/dan-forsman, FUNAI Classic at the WALT DISNEY WORLD Resort - (10/21-10/24), 2004, 1, 428, 4, 4, 2, 417, 4, 3, 3, 170, 3, 3, 4, 542, 5, 7, 5, 492, 4, 3, 6, 231, 3, 3, 7, 422, 4, 4, 8, 614, 5, 5, 9, 500, 4, 5, 10, 526, 5, 4, 11, 399, 4, 3, 12, 169, 3, 2, 13, 384, 4, 4, 14, 592, 5, 4, 15, 203, 3, 4, 16, 450, 4, 4, 17, 485, 4, 4, 18, 492, 4, 4, 
http://espn.go.com/golf/player/scorecards/_/id/140/year/2004/tournamentId/188/dan-forsman, Chrysler Championship - (10/28-10/31), 2004, 1, 560, 5, 5, 2, 435, 4, 5, 3, 455, 4, 4, 4, 195, 3, 3, 5, 605, 5, 5, 6, 465, 4, 4, 7, 420, 4, 5, 8, 235, 3, 3, 9, 430, 4, 3, 10, 445, 4, 5, 11, 575, 5, 5, 12, 380, 4, 3, 13, 200, 3, 3, 14, 590, 5, 5, 15, 215, 3, 3, 16, 475, 4, 4, 17, 215, 3, 2, 18, 445, 4, 3, 
http://espn.go.com/golf/player/scorecards/_/id/140/year/2004/tournamentId/188/dan-forsman, Chrysler Championship - (10/28-10/31), 2004, 1, 560, 5, 6, 2, 435, 4, 3, 3, 455, 4, 4, 4, 195, 3, 4, 5, 605, 5, 5, 6, 465, 4, 4, 7, 420, 4, 5, 8, 235, 3, 3, 9, 430, 4, 4, 10, 445, 4, 4, 11, 575, 5, 5, 12, 380, 4, 4, 13, 200, 3, 3, 14, 590, 5, 6, 15, 215, 3, 4, 16, 475, 4, 4, 17, 215, 3, 3, 18, 445, 4, 4, 
http://espn.go.com/golf/player/scorecards/_/id/140/year/2005/tournamentId/201/dan-forsman, Buick Invitational - (01/20-01/23), 2005, 1, 450, 4, 4, 2, 389, 4, 4, 3, 200, 3, 4, 4, 488, 4, 3, 5, 454, 4, 5, 6, 560, 5, 4, 7, 462, 4, 5, 8, 176, 3, 3, 9, 614, 5, 5, 10, 416, 4, 5, 11, 221, 3, 3, 12, 504, 4, 5, 13, 614, 5, 6, 14, 437, 4, 4, 15, 478, 4, 4, 16, 223, 3, 3, 17, 442, 4, 4, 18, 570, 5, 4, 
http://espn.go.com/golf/player/scorecards/_/id/140/year/2005/tournamentId/201/dan-forsman, Buick Invitational - (01/20-01/23), 2005, 1, 519, 5, 5, 2, 329, 4, 4, 3, 179, 3, 3, 4, 434, 4, 4, 5, 411, 4, 3, 6, 205, 3, 3, 7, 399, 4, 5, 8, 436, 4, 3, 9, 547, 5, 5, 10, 417, 4, 3, 11, 490, 4, 4, 12, 240, 3, 3, 13, 471, 4, 4, 14, 523, 5, 4, 15, 397, 4, 4, 16, 366, 4, 4, 17, 174, 3, 3, 18, 516, 5, 4, 
http://espn.go.com/golf/player/scorecards/_/id/140/year/2005/tournamentId/200/dan-forsman, AT&T Pebble Beach National Pro-Am - (02/10-02/13), 2005, 1, 413, 4, 4, 2, 172, 3, 3, 3, 406, 4, 5, 4, 603, 5, 5, 5, 428, 4, 4, 6, 180, 3, 3, 7, 395, 4, 3, 8, 383, 4, 6, 9, 555, 5, 4, 10, 516, 5, 6, 11, 210, 3, 3, 12, 531, 5, 6, 13, 396, 4, 3, 14, 415, 4, 3, 15, 230, 3, 3, 16, 439, 4, 4, 17, 170, 3, 4, 18, 502, 5, 4, 
http://espn.go.com/golf/player/scorecards/_/id/140/year/2005/tournamentId/200/dan-forsman, AT&T Pebble Beach National Pro-Am - (02/10-02/13), 2005, 1, 595, 5, 4, 2, 349, 4, 4, 3, 165, 3, 2, 4, 370, 4, 5, 5, 197, 3, 3, 6, 446, 4, 4, 7, 529, 5, 6, 8, 399, 4, 5, 9, 431, 4, 4, 10, 407, 4, 4, 11, 528, 5, 5, 12, 178, 3, 3, 13, 460, 4, 5, 14, 560, 5, 4, 15, 130, 3, 5, 16, 476, 4, 3, 17, 325, 4, 3, 18, 408, 4, 4, 
http://espn.go.com/golf/player/scorecards/_/id/140/year/2005/tournamentId/200/dan-forsman, AT&T Pebble Beach National Pro-Am - (02/10-02/13), 2005, 1, 381, 4, 4, 2, 502, 5, 4, 3, 390, 4, 3, 4, 331, 4, 4, 5, 188, 3, 3, 6, 513, 5, 4, 7, 106, 3, 3, 8, 418, 4, 5, 9, 466, 4, 4, 10, 446, 4, 6, 11, 380, 4, 4, 12, 202, 3, 4, 13, 399, 4, 3, 14, 573, 5, 5, 15, 397, 4, 3, 16, 403, 4, 3, 17, 178, 3, 4, 18, 543, 5, 5, 
http://espn.go.com/golf/player/scorecards/_/id/140/year/2005/tournamentId/197/dan-forsman, Chrysler Classic of Tucson - (02/24-02/27), 2005, 1, 410, 4, 4, 2, 495, 5, 6, 3, 377, 4, 4, 4, 170, 3, 3, 5, 395, 4, 4, 6, 426, 4, 4, 7, 247, 3, 4, 8, 587, 5, 4, 9, 440, 4, 4, 10, 501, 5, 4, 11, 431, 4, 4, 12, 182, 3, 3, 13, 406, 4, 4, 14, 405, 4, 4, 15, 663, 5, 5, 16, 427, 4, 4, 17, 186, 3, 2, 18, 465, 4, 4, 
http://espn.go.com/golf/player/scorecards/_/id/140/year/2005/tournamentId/197/dan-forsman, Chrysler Classic of Tucson - (02/24-02/27), 2005, 1, 410, 4, 6, 2, 495, 5, 5, 3, 377, 4, 4, 4, 170, 3, 4, 5, 395, 4, 4, 6, 426, 4, 4, 7, 247, 3, 2, 8, 587, 5, 5, 9, 440, 4, 4, 10, 501, 5, 5, 11, 431, 4, 4, 12, 182, 3, 4, 13, 406, 4, 4, 14, 405, 4, 3, 15, 663, 5, 5, 16, 427, 4, 4, 17, 186, 3, 3, 18, 465, 4, 5, 
http://espn.go.com/golf/player/scorecards/_/id/140/year/2005/tournamentId/197/dan-forsman, Chrysler Classic of Tucson - (02/24-02/27), 2005, 1, 410, 4, 4, 2, 495, 5, 4, 3, 377, 4, 5, 4, 170, 3, 3, 5, 395, 4, 3, 6, 426, 4, 3, 7, 247, 3, 3, 8, 587, 5, 5, 9, 440, 4, 3, 10, 501, 5, 4, 11, 431, 4, 4, 12, 182, 3, 3, 13, 406, 4, 4, 14, 405, 4, 4, 15, 663, 5, 6, 16, 427, 4, 3, 17, 186, 3, 3, 18, 465, 4, 4, 
http://espn.go.com/golf/player/scorecards/_/id/140/year/2005/tournamentId/197/dan-forsman, Chrysler Classic of Tucson - (02/24-02/27), 2005, 1, 410, 4, 4, 2, 495, 5, 3, 3, 377, 4, 4, 4, 170, 3, 3, 5, 395, 4, 4, 6, 426, 4, 4, 7, 247, 3, 3, 8, 587, 5, 4, 9, 440, 4, 5, 10, 501, 5, 4, 11, 431, 4, 4, 12, 182, 3, 5, 13, 406, 4, 4, 14, 405, 4, 3, 15, 663, 5, 5, 16, 427, 4, 4, 17, 186, 3, 2, 18, 465, 4, 4, 
http://espn.go.com/golf/player/scorecards/_/id/140/year/2005/tournamentId/206/dan-forsman, Bay Hill Invitational Presented by MasterCard - (03/17-03/20), 2005, 1, 461, 4, 5, 2, 231, 3, 4, 3, 434, 4, 4, 4, 561, 5, 4, 5, 390, 4, 4, 6, 555, 5, 5, 7, 199, 3, 3, 8, 460, 4, 4, 9, 474, 4, 4, 10, 400, 4, 3, 11, 438, 4, 4, 12, 574, 5, 4, 13, 370, 4, 5, 14, 215, 3, 4, 15, 467, 4, 4, 16, 511, 5, 4, 17, 221, 3, 3, 18, 458, 4, 4, 
http://espn.go.com/golf/player/scorecards/_/id/140/year/2005/tournamentId/206/dan-forsman, Bay Hill Invitational Presented by MasterCard - (03/17-03/20), 2005, 1, 461, 4, 4, 2, 231, 3, 2, 3, 434, 4, 4, 4, 561, 5, 4, 5, 390, 4, 4, 6, 555, 5, 5, 7, 199, 3, 4, 8, 460, 4, 3, 9, 474, 4, 5, 10, 400, 4, 4, 11, 438, 4, 6, 12, 574, 5, 5, 13, 370, 4, 4, 14, 215, 3, 4, 15, 467, 4, 3, 16, 511, 5, 5, 17, 221, 3, 4, 18, 458, 4, 4, 
http://espn.go.com/golf/player/scorecards/_/id/140/year/2005/tournamentId/206/dan-forsman, Bay Hill Invitational Presented by MasterCard - (03/17-03/20), 2005, 1, 461, 4, 4, 2, 231, 3, 3, 3, 434, 4, 4, 4, 561, 5, 5, 5, 390, 4, 4, 6, 555, 5, 6, 7, 199, 3, 3, 8, 460, 4, 4, 9, 474, 4, 3, 10, 400, 4, 4, 11, 438, 4, 4, 12, 574, 5, 5, 13, 370, 4, 4, 14, 215, 3, 4, 15, 467, 4, 5, 16, 511, 5, 4, 17, 221, 3, 3, 18, 458, 4, 4, 
http://espn.go.com/golf/player/scorecards/_/id/140/year/2005/tournamentId/206/dan-forsman, Bay Hill Invitational Presented by MasterCard - (03/17-03/20), 2005, 1, 461, 4, 5, 2, 231, 3, 3, 3, 434, 4, 5, 4, 561, 5, 5, 5, 390, 4, 4, 6, 555, 5, 4, 7, 199, 3, 4, 8, 460, 4, 4, 9, 474, 4, 4, 10, 400, 4, 4, 11, 438, 4, 4, 12, 574, 5, 5, 13, 370, 4, 4, 14, 215, 3, 3, 15, 467, 4, 4, 16, 511, 5, 4, 17, 221, 3, 3, 18, 458, 4, 5, 
http://espn.go.com/golf/player/scorecards/_/id/140/year/2005/tournamentId/209/dan-forsman, BellSouth Classic - (03/31-04/03), 2005, 1, 434, 4, 4, 2, 144, 3, 3, 3, 389, 4, 4, 4, 558, 5, 5, 5, 441, 4, 4, 6, 569, 5, 4, 7, 458, 4, 4, 8, 248, 3, 3, 9, 472, 4, 4, 10, 628, 5, 4, 11, 189, 3, 3, 12, 434, 4, 4, 13, 310, 4, 4, 14, 453, 4, 4, 15, 406, 4, 3, 16, 179, 3, 3, 17, 455, 4, 4, 18, 544, 5, 3, 
http://espn.go.com/golf/player/scorecards/_/id/140/year/2005/tournamentId/209/dan-forsman, BellSouth Classic - (03/31-04/03), 2005, 1, 434, 4, 4, 2, 144, 3, 3, 3, 389, 4, 5, 4, 558, 5, 4, 5, 441, 4, 3, 6, 569, 5, 5, 7, 458, 4, 4, 8, 248, 3, 4, 9, 472, 4, 4, 10, 628, 5, 4, 11, 189, 3, 3, 12, 434, 4, 4, 13, 310, 4, 4, 14, 453, 4, 4, 15, 406, 4, 5, 16, 179, 3, 3, 17, 455, 4, 4, 18, 544, 5, 5, 
http://espn.go.com/golf/player/scorecards/_/id/140/year/2005/tournamentId/209/dan-forsman, BellSouth Classic - (03/31-04/03), 2005, 1, 434, 4, 4, 2, 144, 3, 3, 3, 389, 4, 3, 4, 558, 5, 5, 5, 441, 4, 5, 6, 569, 5, 4, 7, 458, 4, 5, 8, 248, 3, 3, 9, 472, 4, 5, 10, 628, 5, 5, 11, 189, 3, 3, 12, 434, 4, 4, 13, 310, 4, 3, 14, 453, 4, 6, 15, 406, 4, 4, 16, 179, 3, 3, 17, 455, 4, 4, 18, 544, 5, 4, 
http://espn.go.com/golf/player/scorecards/_/id/140/year/2005/tournamentId/220/dan-forsman, FedEx St. Jude Classic - (05/26-05/29), 2005, 1, 434, 4, 4, 2, 401, 4, 3, 3, 554, 5, 6, 4, 196, 3, 3, 5, 485, 4, 4, 6, 445, 4, 3, 7, 482, 4, 5, 8, 178, 3, 4, 9, 457, 4, 5, 10, 465, 4, 4, 11, 157, 3, 3, 12, 406, 4, 3, 13, 472, 4, 3, 14, 239, 3, 3, 15, 395, 4, 4, 16, 530, 5, 5, 17, 490, 4, 4, 18, 453, 4, 4, 
http://espn.go.com/golf/player/scorecards/_/id/140/year/2005/tournamentId/220/dan-forsman, FedEx St. Jude Classic - (05/26-05/29), 2005, 1, 434, 4, 4, 2, 401, 4, 4, 3, 554, 5, 4, 4, 196, 3, 3, 5, 485, 4, 4, 6, 445, 4, 5, 7, 482, 4, 4, 8, 178, 3, 3, 9, 457, 4, 4, 10, 465, 4, 4, 11, 157, 3, 3, 12, 406, 4, 6, 13, 472, 4, 4, 14, 239, 3, 4, 15, 395, 4, 4, 16, 530, 5, 5, 17, 490, 4, 4, 18, 453, 4, 4, 
http://espn.go.com/golf/player/scorecards/_/id/140/year/2005/tournamentId/231/dan-forsman, John Deere Classic - (07/07-07/10), 2005, 1, 395, 4, 4, 2, 561, 5, 5, 3, 186, 3, 3, 4, 454, 4, 3, 5, 433, 4, 4, 6, 367, 4, 5, 7, 226, 3, 2, 8, 428, 4, 3, 9, 503, 4, 5, 10, 596, 5, 4, 11, 432, 4, 4, 12, 215, 3, 3, 13, 424, 4, 4, 14, 361, 4, 4, 15, 484, 4, 4, 16, 158, 3, 3, 17, 569, 5, 5, 18, 476, 4, 4, 
http://espn.go.com/golf/player/scorecards/_/id/140/year/2005/tournamentId/231/dan-forsman, John Deere Classic - (07/07-07/10), 2005, 1, 395, 4, 4, 2, 561, 5, 4, 3, 186, 3, 3, 4, 454, 4, 4, 5, 433, 4, 4, 6, 367, 4, 4, 7, 226, 3, 3, 8, 428, 4, 5, 9, 503, 4, 4, 10, 596, 5, 5, 11, 432, 4, 8, 12, 215, 3, 3, 13, 424, 4, 4, 14, 361, 4, 4, 15, 484, 4, 5, 16, 158, 3, 3, 17, 569, 5, 4, 18, 476, 4, 5, 
http://espn.go.com/golf/player/scorecards/_/id/140/year/2005/tournamentId/233/dan-forsman, B.C. Open - (07/14-07/17), 2005, 1, 367, 4, 4, 2, 369, 4, 4, 3, 554, 5, 4, 4, 175, 3, 3, 5, 565, 5, 4, 6, 433, 4, 4, 7, 188, 3, 2, 8, 553, 5, 5, 9, 404, 4, 4, 10, 356, 4, 4, 11, 441, 4, 4, 12, 545, 5, 4, 13, 442, 4, 4, 14, 212, 3, 3, 15, 432, 4, 4, 16, 321, 4, 3, 17, 185, 3, 3, 18, 419, 4, 3, 
http://espn.go.com/golf/player/scorecards/_/id/140/year/2005/tournamentId/233/dan-forsman, B.C. Open - (07/14-07/17), 2005, 1, 367, 4, 4, 2, 369, 4, 3, 3, 554, 5, 5, 4, 175, 3, 2, 5, 565, 5, 5, 6, 433, 4, 4, 7, 188, 3, 4, 8, 553, 5, 4, 9, 404, 4, 4, 10, 356, 4, 3, 11, 441, 4, 4, 12, 545, 5, 5, 13, 442, 4, 5, 14, 212, 3, 3, 15, 432, 4, 4, 16, 321, 4, 4, 17, 185, 3, 4, 18, 419, 4, 3, 
http://espn.go.com/golf/player/scorecards/_/id/140/year/2005/tournamentId/233/dan-forsman, B.C. Open - (07/14-07/17), 2005, 1, 367, 4, 3, 2, 369, 4, 4, 3, 554, 5, 4, 4, 175, 3, 3, 5, 565, 5, 4, 6, 433, 4, 5, 7, 188, 3, 3, 8, 553, 5, 4, 9, 404, 4, 3, 10, 356, 4, 4, 11, 441, 4, 5, 12, 545, 5, 5, 13, 442, 4, 4, 14, 212, 3, 3, 15, 432, 4, 4, 16, 321, 4, 4, 17, 185, 3, 2, 18, 419, 4, 3, 
http://espn.go.com/golf/player/scorecards/_/id/140/year/2005/tournamentId/233/dan-forsman, B.C. Open - (07/14-07/17), 2005, 1, 367, 4, 4, 2, 369, 4, 3, 3, 554, 5, 4, 4, 175, 3, 2, 5, 565, 5, 4, 6, 433, 4, 4, 7, 188, 3, 3, 8, 553, 5, 5, 9, 404, 4, 4, 10, 356, 4, 3, 11, 441, 4, 4, 12, 545, 5, 4, 13, 442, 4, 4, 14, 212, 3, 4, 15, 432, 4, 6, 16, 321, 4, 3, 17, 185, 3, 3, 18, 419, 4, 4, 
http://espn.go.com/golf/player/scorecards/_/id/140/year/2005/tournamentId/229/dan-forsman, U.S. Bank Championship in Milwaukee - (07/21-07/24), 2005, 1, 461, 4, 4, 2, 417, 4, 4, 3, 171, 3, 3, 4, 485, 4, 4, 5, 164, 3, 3, 6, 556, 5, 5, 7, 215, 3, 3, 8, 436, 4, 4, 9, 359, 4, 3, 10, 447, 4, 4, 11, 196, 3, 3, 12, 381, 4, 3, 13, 437, 4, 4, 14, 188, 3, 3, 15, 531, 5, 5, 16, 371, 4, 5, 17, 387, 4, 4, 18, 557, 5, 5, 
http://espn.go.com/golf/player/scorecards/_/id/140/year/2005/tournamentId/229/dan-forsman, U.S. Bank Championship in Milwaukee - (07/21-07/24), 2005, 1, 461, 4, 4, 2, 417, 4, 3, 3, 171, 3, 3, 4, 485, 4, 4, 5, 164, 3, 3, 6, 556, 5, 4, 7, 215, 3, 3, 8, 436, 4, 5, 9, 359, 4, 3, 10, 447, 4, 4, 11, 196, 3, 3, 12, 381, 4, 4, 13, 437, 4, 4, 14, 188, 3, 3, 15, 531, 5, 4, 16, 371, 4, 4, 17, 387, 4, 4, 18, 557, 5, 5, 
http://espn.go.com/golf/player/scorecards/_/id/140/year/2005/tournamentId/229/dan-forsman, U.S. Bank Championship in Milwaukee - (07/21-07/24), 2005, 1, 461, 4, 3, 2, 417, 4, 4, 3, 171, 3, 3, 4, 485, 4, 4, 5, 164, 3, 3, 6, 556, 5, 5, 7, 215, 3, 4, 8, 436, 4, 3, 9, 359, 4, 4, 10, 447, 4, 4, 11, 196, 3, 4, 12, 381, 4, 5, 13, 437, 4, 5, 14, 188, 3, 2, 15, 531, 5, 5, 16, 371, 4, 4, 17, 387, 4, 4, 18, 557, 5, 5, 
http://espn.go.com/golf/player/scorecards/_/id/140/year/2005/tournamentId/229/dan-forsman, U.S. Bank Championship in Milwaukee - (07/21-07/24), 2005, 1, 461, 4, 4, 2, 417, 4, 4, 3, 171, 3, 3, 4, 485, 4, 4, 5, 164, 3, 3, 6, 556, 5, 5, 7, 215, 3, 3, 8, 436, 4, 3, 9, 359, 4, 3, 10, 447, 4, 4, 11, 196, 3, 3, 12, 381, 4, 4, 13, 437, 4, 4, 14, 188, 3, 2, 15, 531, 5, 5, 16, 371, 4, 3, 17, 387, 4, 5, 18, 557, 5, 5, 
http://espn.go.com/golf/player/scorecards/_/id/140/year/2005/tournamentId/225/dan-forsman, Buick Open - (07/28-07/31), 2005, 1, 567, 5, 4, 2, 431, 4, 3, 3, 187, 3, 3, 4, 401, 4, 4, 5, 437, 4, 4, 6, 421, 4, 4, 7, 584, 5, 5, 8, 199, 3, 4, 9, 434, 4, 4, 10, 401, 4, 4, 11, 190, 3, 4, 12, 340, 4, 4, 13, 544, 5, 6, 14, 322, 4, 3, 15, 457, 4, 4, 16, 580, 5, 5, 17, 197, 3, 3, 18, 435, 4, 4, 
http://espn.go.com/golf/player/scorecards/_/id/140/year/2005/tournamentId/225/dan-forsman, Buick Open - (07/28-07/31), 2005, 1, 567, 5, 5, 2, 431, 4, 4, 3, 187, 3, 3, 4, 401, 4, 4, 5, 437, 4, 4, 6, 421, 4, 4, 7, 584, 5, 5, 8, 199, 3, 3, 9, 434, 4, 4, 10, 401, 4, 5, 11, 190, 3, 3, 12, 340, 4, 4, 13, 544, 5, 3, 14, 322, 4, 4, 15, 457, 4, 4, 16, 580, 5, 4, 17, 197, 3, 3, 18, 435, 4, 5, 
http://espn.go.com/golf/player/scorecards/_/id/140/year/2005/tournamentId/227/dan-forsman, The INTERNATIONAL - (08/04-08/07), 2005, 1, 644, 5, , 2, 408, 4, , 3, 462, 4, , 4, 230, 3, , 5, 477, 4, , 6, 417, 4, , 7, 185, 3, , 8, 570, 5, , 9, 458, 4, , 10, 485, 4, , 11, 197, 3, , 12, 440, 4, , 13, 439, 4, , 14, 623, 5, , 15, 403, 4, , 16, 209, 3, , 17, 492, 5, , 18, 480, 4, , 
http://espn.go.com/golf/player/scorecards/_/id/140/year/2005/tournamentId/227/dan-forsman, The INTERNATIONAL - (08/04-08/07), 2005, 1, 644, 5, , 2, 408, 4, , 3, 462, 4, , 4, 230, 3, , 5, 477, 4, , 6, 417, 4, , 7, 185, 3, , 8, 570, 5, , 9, 458, 4, , 10, 485, 4, , 11, 197, 3, , 12, 440, 4, , 13, 439, 4, , 14, 623, 5, , 15, 403, 4, , 16, 209, 3, , 17, 492, 5, , 18, 480, 4, , 
http://espn.go.com/golf/player/scorecards/_/id/140/year/2005/tournamentId/241/dan-forsman, Reno-Tahoe Open - (08/18-08/21), 2005, 1, 494, 4, 4, 2, 584, 5, 3, 3, 186, 3, 4, 4, 355, 4, 5, 5, 491, 4, 4, 6, 477, 4, 5, 7, 183, 3, 3, 8, 636, 5, 5, 9, 429, 4, 4, 10, 413, 4, 5, 11, 171, 3, 5, 12, 429, 4, 4, 13, 518, 5, 4, 14, 367, 4, 4, 15, 439, 4, 4, 16, 220, 3, 4, 17, 464, 4, 5, 18, 616, 5, 3, 
http://espn.go.com/golf/player/scorecards/_/id/140/year/2005/tournamentId/241/dan-forsman, Reno-Tahoe Open - (08/18-08/21), 2005, 1, 494, 4, 3, 2, 584, 5, 3, 3, 186, 3, 5, 4, 355, 4, 7, 5, 491, 4, 4, 6, 477, 4, 3, 7, 183, 3, 3, 8, 636, 5, 5, 9, 429, 4, 5, 10, 413, 4, 4, 11, 171, 3, 5, 12, 429, 4, 3, 13, 518, 5, 4, 14, 367, 4, 4, 15, 439, 4, 3, 16, 220, 3, 3, 17, 464, 4, 4, 18, 616, 5, 4, 
http://espn.go.com/golf/player/scorecards/_/id/140/year/2005/tournamentId/221/dan-forsman, Buick Championship - (08/25-08/28), 2005, 1, 434, 4, 4, 2, 341, 4, 4, 3, 431, 4, 4, 4, 481, 4, 5, 5, 223, 3, 4, 6, 574, 5, 5, 7, 443, 4, 3, 8, 202, 3, 2, 9, 406, 4, 3, 10, 462, 4, 4, 11, 158, 3, 4, 12, 411, 4, 4, 13, 523, 5, 7, 14, 421, 4, 5, 15, 296, 4, 7, 16, 171, 3, 3, 17, 433, 4, 3, 18, 444, 4, 3, 
http://espn.go.com/golf/player/scorecards/_/id/140/year/2005/tournamentId/221/dan-forsman, Buick Championship - (08/25-08/28), 2005, 1, 434, 4, 4, 2, 341, 4, 3, 3, 431, 4, 3, 4, 481, 4, 4, 5, 223, 3, 3, 6, 574, 5, 5, 7, 443, 4, 4, 8, 202, 3, 3, 9, 406, 4, 4, 10, 462, 4, 5, 11, 158, 3, 3, 12, 411, 4, 3, 13, 523, 5, 4, 14, 421, 4, 4, 15, 296, 4, 4, 16, 171, 3, 3, 17, 433, 4, 4, 18, 444, 4, 4, 
http://espn.go.com/golf/player/scorecards/_/id/140/year/2005/tournamentId/244/dan-forsman, Deutsche Bank Championship - (09/02-09/05), 2005, 1, 365, 4, 4, 2, 542, 5, 5, 3, 208, 3, 3, 4, 298, 4, 4, 5, 466, 4, 4, 6, 465, 4, 5, 7, 600, 5, 5, 8, 213, 3, 3, 9, 472, 4, 4, 10, 425, 4, 4, 11, 231, 3, 3, 12, 461, 4, 4, 13, 451, 4, 4, 14, 495, 4, 4, 15, 421, 4, 4, 16, 161, 3, 3, 17, 412, 4, 4, 18, 530, 5, 4, 
http://espn.go.com/golf/player/scorecards/_/id/140/year/2005/tournamentId/244/dan-forsman, Deutsche Bank Championship - (09/02-09/05), 2005, 1, 365, 4, 4, 2, 542, 5, 5, 3, 208, 3, 3, 4, 298, 4, 4, 5, 466, 4, 4, 6, 465, 4, 4, 7, 600, 5, 5, 8, 213, 3, 4, 9, 472, 4, 5, 10, 425, 4, 3, 11, 231, 3, 3, 12, 461, 4, 4, 13, 451, 4, 4, 14, 495, 4, 4, 15, 421, 4, 4, 16, 161, 3, 4, 17, 412, 4, 3, 18, 530, 5, 5, 
http://espn.go.com/golf/player/scorecards/_/id/140/year/2005/tournamentId/244/dan-forsman, Deutsche Bank Championship - (09/02-09/05), 2005, 1, 365, 4, 3, 2, 542, 5, 5, 3, 208, 3, 3, 4, 298, 4, 4, 5, 466, 4, 4, 6, 465, 4, 4, 7, 600, 5, 4, 8, 213, 3, 3, 9, 472, 4, 4, 10, 425, 4, 5, 11, 231, 3, 3, 12, 461, 4, 4, 13, 451, 4, 4, 14, 495, 4, 4, 15, 421, 4, 4, 16, 161, 3, 3, 17, 412, 4, 3, 18, 530, 5, 4, 
http://espn.go.com/golf/player/scorecards/_/id/140/year/2005/tournamentId/244/dan-forsman, Deutsche Bank Championship - (09/02-09/05), 2005, 1, 365, 4, 4, 2, 542, 5, 5, 3, 208, 3, 3, 4, 298, 4, 4, 5, 466, 4, 4, 6, 465, 4, 4, 7, 600, 5, 5, 8, 213, 3, 3, 9, 472, 4, 4, 10, 425, 4, 4, 11, 231, 3, 3, 12, 461, 4, 4, 13, 451, 4, 4, 14, 495, 4, 5, 15, 421, 4, 3, 16, 161, 3, 2, 17, 412, 4, 4, 18, 530, 5, 4, 
http://espn.go.com/golf/player/scorecards/_/id/140/year/2005/tournamentId/235/dan-forsman, Valero Texas Open - (09/22-09/25), 2005, 1, 665, 5, 5, 2, 448, 4, 4, 3, 202, 3, 3, 4, 444, 4, 3, 5, 494, 4, 4, 6, 162, 3, 5, 7, 316, 4, 3, 8, 361, 4, 4, 9, 380, 4, 4, 10, 460, 4, 4, 11, 427, 4, 4, 12, 415, 4, 5, 13, 142, 3, 2, 14, 527, 5, 4, 15, 446, 4, 4, 16, 380, 4, 5, 17, 186, 3, 3, 18, 426, 4, 3, 
http://espn.go.com/golf/player/scorecards/_/id/140/year/2005/tournamentId/235/dan-forsman, Valero Texas Open - (09/22-09/25), 2005, 1, 665, 5, 4, 2, 448, 4, 4, 3, 202, 3, 4, 4, 444, 4, 4, 5, 494, 4, 5, 6, 162, 3, 3, 7, 316, 4, 4, 8, 361, 4, 4, 9, 380, 4, 5, 10, 460, 4, 3, 11, 427, 4, 3, 12, 415, 4, 5, 13, 142, 3, 2, 14, 527, 5, 5, 15, 446, 4, 4, 16, 380, 4, 4, 17, 186, 3, 3, 18, 426, 4, 6, 
http://espn.go.com/golf/player/scorecards/_/id/140/year/2005/tournamentId/235/dan-forsman, Valero Texas Open - (09/22-09/25), 2005, 1, 665, 5, 4, 2, 448, 4, 4, 3, 202, 3, 3, 4, 444, 4, 4, 5, 494, 4, 4, 6, 162, 3, 2, 7, 316, 4, 4, 8, 361, 4, 3, 9, 380, 4, 4, 10, 460, 4, 5, 11, 427, 4, 3, 12, 415, 4, 5, 13, 142, 3, 3, 14, 527, 5, 5, 15, 446, 4, 4, 16, 380, 4, 4, 17, 186, 3, 2, 18, 426, 4, 3, 
http://espn.go.com/golf/player/scorecards/_/id/140/year/2005/tournamentId/235/dan-forsman, Valero Texas Open - (09/22-09/25), 2005, 1, 665, 5, 5, 2, 448, 4, 4, 3, 202, 3, 3, 4, 444, 4, 4, 5, 494, 4, 5, 6, 162, 3, 3, 7, 316, 4, 4, 8, 361, 4, 4, 9, 380, 4, 4, 10, 460, 4, 4, 11, 427, 4, 4, 12, 415, 4, 4, 13, 142, 3, 2, 14, 527, 5, 4, 15, 446, 4, 5, 16, 380, 4, 3, 17, 186, 3, 3, 18, 426, 4, 5, 
http://espn.go.com/golf/player/scorecards/_/id/140/year/2005/tournamentId/239/dan-forsman, Chrysler Championship - (10/27-10/30), 2005, 1, 560, 5, 4, 2, 435, 4, 4, 3, 455, 4, 4, 4, 195, 3, 3, 5, 605, 5, 6, 6, 465, 4, 4, 7, 420, 4, 4, 8, 235, 3, 3, 9, 430, 4, 5, 10, 445, 4, 4, 11, 575, 5, 6, 12, 380, 4, 4, 13, 200, 3, 3, 14, 590, 5, 4, 15, 215, 3, 4, 16, 475, 4, 4, 17, 215, 3, 4, 18, 445, 4, 4, 
http://espn.go.com/golf/player/scorecards/_/id/140/year/2005/tournamentId/239/dan-forsman, Chrysler Championship - (10/27-10/30), 2005, 1, 560, 5, 5, 2, 435, 4, 3, 3, 455, 4, 5, 4, 195, 3, 3, 5, 605, 5, 5, 6, 465, 4, 4, 7, 420, 4, 4, 8, 235, 3, 4, 9, 430, 4, 3, 10, 445, 4, 4, 11, 575, 5, 5, 12, 380, 4, 4, 13, 200, 3, 3, 14, 590, 5, 4, 15, 215, 3, 3, 16, 475, 4, 4, 17, 215, 3, 3, 18, 445, 4, 3, 
http://espn.go.com/golf/player/scorecards/_/id/140/year/2005/tournamentId/239/dan-forsman, Chrysler Championship - (10/27-10/30), 2005, 1, 560, 5, 4, 2, 435, 4, 4, 3, 455, 4, 4, 4, 195, 3, 3, 5, 605, 5, 4, 6, 465, 4, 5, 7, 420, 4, 4, 8, 235, 3, 3, 9, 430, 4, 3, 10, 445, 4, 4, 11, 575, 5, 5, 12, 380, 4, 4, 13, 200, 3, 3, 14, 590, 5, 4, 15, 215, 3, 2, 16, 475, 4, 4, 17, 215, 3, 2, 18, 445, 4, 5, 
http://espn.go.com/golf/player/scorecards/_/id/140/year/2005/tournamentId/239/dan-forsman, Chrysler Championship - (10/27-10/30), 2005, 1, 560, 5, 5, 2, 435, 4, 4, 3, 455, 4, 4, 4, 195, 3, 3, 5, 605, 5, 5, 6, 465, 4, 4, 7, 420, 4, 5, 8, 235, 3, 3, 9, 430, 4, 4, 10, 445, 4, 4, 11, 575, 5, 6, 12, 380, 4, 4, 13, 200, 3, 4, 14, 590, 5, 4, 15, 215, 3, 4, 16, 475, 4, 4, 17, 215, 3, 3, 18, 445, 4, 4, 
http://espn.go.com/golf/player/scorecards/_/id/140/year/2005/tournamentId/224/dan-forsman, Southern Farm Bureau Classic - (11/03-11/06), 2005, 1, 385, 4, 3, 2, 213, 3, 4, 3, 406, 4, 3, 4, 465, 4, 4, 5, 522, 5, 5, 6, 424, 4, 3, 7, 556, 5, 4, 8, 209, 3, 3, 9, 450, 4, 4, 10, 410, 4, 5, 11, 579, 5, 5, 12, 171, 3, 3, 13, 414, 4, 4, 14, 473, 4, 4, 15, 176, 3, 3, 16, 408, 4, 4, 17, 409, 4, 4, 18, 532, 5, 4, 
http://espn.go.com/golf/player/scorecards/_/id/140/year/2005/tournamentId/224/dan-forsman, Southern Farm Bureau Classic - (11/03-11/06), 2005, 1, 385, 4, 3, 2, 213, 3, 3, 3, 406, 4, 4, 4, 465, 4, 4, 5, 522, 5, 4, 6, 424, 4, 4, 7, 556, 5, 5, 8, 209, 3, 3, 9, 450, 4, 4, 10, 410, 4, 4, 11, 579, 5, 4, 12, 171, 3, 2, 13, 414, 4, 3, 14, 473, 4, 4, 15, 176, 3, 3, 16, 408, 4, 4, 17, 409, 4, 4, 18, 532, 5, 5, 
http://espn.go.com/golf/player/scorecards/_/id/140/year/2005/tournamentId/224/dan-forsman, Southern Farm Bureau Classic - (11/03-11/06), 2005, 1, 385, 4, 4, 2, 213, 3, 3, 3, 406, 4, 4, 4, 465, 4, 4, 5, 522, 5, 4, 6, 424, 4, 4, 7, 556, 5, 4, 8, 209, 3, 3, 9, 450, 4, 4, 10, 410, 4, 4, 11, 579, 5, 5, 12, 171, 3, 4, 13, 414, 4, 4, 14, 473, 4, 5, 15, 176, 3, 3, 16, 408, 4, 3, 17, 409, 4, 3, 18, 532, 5, 5, 
http://espn.go.com/golf/player/scorecards/_/id/140/year/2005/tournamentId/224/dan-forsman, Southern Farm Bureau Classic - (11/03-11/06), 2005, 1, 385, 4, 4, 2, 213, 3, 3, 3, 406, 4, 4, 4, 465, 4, 4, 5, 522, 5, 4, 6, 424, 4, 3, 7, 556, 5, 5, 8, 209, 3, 3, 9, 450, 4, 3, 10, 410, 4, 4, 11, 579, 5, 5, 12, 171, 3, 5, 13, 414, 4, 4, 14, 473, 4, 4, 15, 176, 3, 2, 16, 408, 4, 4, 17, 409, 4, 4, 18, 532, 5, 5, 
http://espn.go.com/golf/player/scorecards/_/id/140/year/2006/tournamentId/252/dan-forsman, AT&T Pebble Beach National Pro-Am - (02/09-02/12), 2006, 1, 413, 4, 4, 2, 172, 3, 3, 3, 406, 4, 5, 4, 603, 5, 4, 5, 428, 4, 5, 6, 180, 3, 4, 7, 395, 4, 4, 8, 383, 4, 5, 9, 555, 5, 4, 10, 516, 5, 5, 11, 210, 3, 3, 12, 531, 5, 5, 13, 396, 4, 4, 14, 415, 4, 4, 15, 230, 3, 3, 16, 439, 4, 4, 17, 170, 3, 5, 18, 502, 5, 4, 
http://espn.go.com/golf/player/scorecards/_/id/140/year/2006/tournamentId/252/dan-forsman, AT&T Pebble Beach National Pro-Am - (02/09-02/12), 2006, 1, 381, 4, 4, 2, 502, 5, 4, 3, 390, 4, 5, 4, 331, 4, 4, 5, 188, 3, 4, 6, 513, 5, 4, 7, 106, 3, 3, 8, 418, 4, 4, 9, 466, 4, 6, 10, 446, 4, 3, 11, 380, 4, 4, 12, 202, 3, 3, 13, 399, 4, 3, 14, 573, 5, 6, 15, 397, 4, 4, 16, 403, 4, 3, 17, 178, 3, 3, 18, 543, 5, 5, 
http://espn.go.com/golf/player/scorecards/_/id/140/year/2006/tournamentId/252/dan-forsman, AT&T Pebble Beach National Pro-Am - (02/09-02/12), 2006, 1, 595, 5, 5, 2, 349, 4, 4, 3, 165, 3, 3, 4, 370, 4, 3, 5, 197, 3, 3, 6, 446, 4, 4, 7, 529, 5, 5, 8, 399, 4, 4, 9, 431, 4, 3, 10, 407, 4, 4, 11, 528, 5, 4, 12, 178, 3, 2, 13, 460, 4, 5, 14, 560, 5, 4, 15, 130, 3, 3, 16, 476, 4, 5, 17, 325, 4, 4, 18, 408, 4, 4, 
http://espn.go.com/golf/player/scorecards/_/id/140/year/2006/tournamentId/249/dan-forsman, Chrysler Classic of Tucson - (02/23-02/26), 2006, 1, 410, 4, 4, 2, 495, 5, 5, 3, 377, 4, 4, 4, 170, 3, 4, 5, 395, 4, 5, 6, 426, 4, 3, 7, 247, 3, 2, 8, 587, 5, 5, 9, 440, 4, 3, 10, 501, 5, 5, 11, 431, 4, 4, 12, 182, 3, 4, 13, 406, 4, 5, 14, 405, 4, 4, 15, 663, 5, 5, 16, 427, 4, 4, 17, 186, 3, 3, 18, 465, 4, 5, 
http://espn.go.com/golf/player/scorecards/_/id/140/year/2006/tournamentId/249/dan-forsman, Chrysler Classic of Tucson - (02/23-02/26), 2006, 1, 410, 4, 4, 2, 495, 5, 5, 3, 377, 4, 4, 4, 170, 3, 3, 5, 395, 4, 4, 6, 426, 4, 4, 7, 247, 3, 3, 8, 587, 5, 5, 9, 440, 4, 4, 10, 501, 5, 4, 11, 431, 4, 5, 12, 182, 3, 3, 13, 406, 4, 4, 14, 405, 4, 4, 15, 663, 5, 5, 16, 427, 4, 5, 17, 186, 3, 3, 18, 465, 4, 5, 
http://espn.go.com/golf/player/scorecards/_/id/140/year/2006/tournamentId/258/dan-forsman, Bay Hill Invitational Presented by MasterCard - (03/16-03/19), 2006, 1, 461, 4, 7, 2, 231, 3, 3, 3, 434, 4, 5, 4, 561, 5, 5, 5, 390, 4, 5, 6, 555, 5, 5, 7, 199, 3, 3, 8, 460, 4, 4, 9, 474, 4, 3, 10, 400, 4, 5, 11, 438, 4, 5, 12, 574, 5, 4, 13, 370, 4, 3, 14, 215, 3, 3, 15, 467, 4, 4, 16, 511, 5, 4, 17, 221, 3, 4, 18, 458, 4, 6, 
http://espn.go.com/golf/player/scorecards/_/id/140/year/2006/tournamentId/258/dan-forsman, Bay Hill Invitational Presented by MasterCard - (03/16-03/19), 2006, 1, 461, 4, 4, 2, 231, 3, 3, 3, 434, 4, 4, 4, 561, 5, 4, 5, 390, 4, 4, 6, 555, 5, 5, 7, 199, 3, 3, 8, 460, 4, 4, 9, 474, 4, 3, 10, 400, 4, 3, 11, 438, 4, 3, 12, 574, 5, 5, 13, 370, 4, 3, 14, 215, 3, 3, 15, 467, 4, 4, 16, 511, 5, 5, 17, 221, 3, 3, 18, 458, 4, 4, 
http://espn.go.com/golf/player/scorecards/_/id/140/year/2006/tournamentId/258/dan-forsman, Bay Hill Invitational Presented by MasterCard - (03/16-03/19), 2006, 1, 461, 4, 4, 2, 231, 3, 3, 3, 434, 4, 4, 4, 561, 5, 6, 5, 390, 4, 4, 6, 555, 5, 5, 7, 199, 3, 3, 8, 460, 4, 4, 9, 474, 4, 4, 10, 400, 4, 4, 11, 438, 4, 4, 12, 574, 5, 6, 13, 370, 4, 4, 14, 215, 3, 4, 15, 467, 4, 4, 16, 511, 5, 3, 17, 221, 3, 3, 18, 458, 4, 4, 
http://espn.go.com/golf/player/scorecards/_/id/140/year/2006/tournamentId/258/dan-forsman, Bay Hill Invitational Presented by MasterCard - (03/16-03/19), 2006, 1, 461, 4, 4, 2, 231, 3, 3, 3, 434, 4, 3, 4, 561, 5, 5, 5, 390, 4, 3, 6, 555, 5, 5, 7, 199, 3, 2, 8, 460, 4, 4, 9, 474, 4, 5, 10, 400, 4, 3, 11, 438, 4, 4, 12, 574, 5, 5, 13, 370, 4, 4, 14, 215, 3, 3, 15, 467, 4, 4, 16, 511, 5, 5, 17, 221, 3, 4, 18, 458, 4, 5, 
http://espn.go.com/golf/player/scorecards/_/id/140/year/2006/tournamentId/294/dan-forsman, Zurich Classic of New Orleans - (04/27-04/30), 2006, 1, 398, 4, 5, 2, 539, 5, 5, 3, 199, 3, 3, 4, 345, 4, 4, 5, 445, 4, 4, 6, 554, 5, 5, 7, 446, 4, 3, 8, 176, 3, 3, 9, 371, 4, 4, 10, 423, 4, 4, 11, 534, 5, 5, 12, 158, 3, 3, 13, 376, 4, 5, 14, 467, 4, 4, 15, 540, 5, 5, 16, 430, 4, 4, 17, 206, 3, 3, 18, 471, 4, 5, 
http://espn.go.com/golf/player/scorecards/_/id/140/year/2006/tournamentId/294/dan-forsman, Zurich Classic of New Orleans - (04/27-04/30), 2006, 1, 398, 4, 4, 2, 539, 5, 4, 3, 199, 3, 3, 4, 345, 4, 4, 5, 445, 4, 4, 6, 554, 5, 4, 7, 446, 4, 4, 8, 176, 3, 3, 9, 371, 4, 4, 10, 423, 4, 5, 11, 534, 5, 4, 12, 158, 3, 3, 13, 376, 4, 3, 14, 467, 4, 4, 15, 540, 5, 5, 16, 430, 4, 4, 17, 206, 3, 3, 18, 471, 4, 3, 
http://espn.go.com/golf/player/scorecards/_/id/140/year/2006/tournamentId/270/dan-forsman, FedEx St. Jude Classic - (05/25-05/28), 2006, 1, 434, 4, 5, 2, 401, 4, 5, 3, 554, 5, 6, 4, 196, 3, 3, 5, 485, 4, 4, 6, 445, 4, 5, 7, 482, 4, 5, 8, 178, 3, 3, 9, 457, 4, 5, 10, 465, 4, 4, 11, 157, 3, 3, 12, 406, 4, 4, 13, 472, 4, 5, 14, 239, 3, 3, 15, 395, 4, 4, 16, 530, 5, 5, 17, 490, 4, 4, 18, 453, 4, 4, 
http://espn.go.com/golf/player/scorecards/_/id/140/year/2006/tournamentId/270/dan-forsman, FedEx St. Jude Classic - (05/25-05/28), 2006, 1, 434, 4, 4, 2, 401, 4, 5, 3, 554, 5, 5, 4, 196, 3, 3, 5, 485, 4, 5, 6, 445, 4, 4, 7, 482, 4, 4, 8, 178, 3, 3, 9, 457, 4, 4, 10, 465, 4, 4, 11, 157, 3, 3, 12, 406, 4, 3, 13, 472, 4, 4, 14, 239, 3, 3, 15, 395, 4, 4, 16, 530, 5, 5, 17, 490, 4, 4, 18, 453, 4, 5, 
http://espn.go.com/golf/player/scorecards/_/id/140/year/2006/tournamentId/270/dan-forsman, FedEx St. Jude Classic - (05/25-05/28), 2006, 1, 434, 4, 4, 2, 401, 4, 4, 3, 554, 5, 4, 4, 196, 3, 3, 5, 485, 4, 4, 6, 445, 4, 4, 7, 482, 4, 4, 8, 178, 3, 3, 9, 457, 4, 4, 10, 465, 4, 4, 11, 157, 3, 2, 12, 406, 4, 4, 13, 472, 4, 4, 14, 239, 3, 3, 15, 395, 4, 3, 16, 530, 5, 5, 17, 490, 4, 4, 18, 453, 4, 5, 
http://espn.go.com/golf/player/scorecards/_/id/140/year/2006/tournamentId/270/dan-forsman, FedEx St. Jude Classic - (05/25-05/28), 2006, 1, 434, 4, 4, 2, 401, 4, 3, 3, 554, 5, 5, 4, 196, 3, 3, 5, 485, 4, 3, 6, 445, 4, 4, 7, 482, 4, 4, 8, 178, 3, 3, 9, 457, 4, 4, 10, 465, 4, 4, 11, 157, 3, 2, 12, 406, 4, 5, 13, 472, 4, 4, 14, 239, 3, 3, 15, 395, 4, 4, 16, 530, 5, 4, 17, 490, 4, 5, 18, 453, 4, 5, 
http://espn.go.com/golf/player/scorecards/_/id/140/year/2006/tournamentId/266/dan-forsman, Booz Allen Classic - (06/22-06/25), 2006, 1, 393, 4, 3, 2, 622, 5, 5, 3, 239, 3, 3, 4, 435, 4, 4, 5, 359, 4, 4, 6, 520, 5, 5, 7, 461, 4, 4, 8, 453, 4, 5, 9, 166, 3, 4, 10, 374, 4, 4, 11, 147, 3, 2, 12, 472, 4, 4, 13, 524, 5, 4, 14, 301, 4, 4, 15, 467, 4, 5, 16, 415, 4, 5, 17, 195, 3, 2, 18, 444, 4, 4, 
http://espn.go.com/golf/player/scorecards/_/id/140/year/2006/tournamentId/266/dan-forsman, Booz Allen Classic - (06/22-06/25), 2006, 1, 393, 4, 3, 2, 622, 5, 5, 3, 239, 3, 3, 4, 435, 4, 4, 5, 359, 4, 4, 6, 520, 5, 4, 7, 461, 4, 4, 8, 453, 4, 4, 9, 166, 3, 3, 10, 374, 4, 4, 11, 147, 3, 3, 12, 472, 4, 4, 13, 524, 5, 5, 14, 301, 4, 4, 15, 467, 4, 4, 16, 415, 4, 4, 17, 195, 3, 4, 18, 444, 4, 4, 
http://espn.go.com/golf/player/scorecards/_/id/140/year/2006/tournamentId/271/dan-forsman, Buick Championship - (06/29-07/02), 2006, 1, 434, 4, 4, 2, 341, 4, 4, 3, 431, 4, 4, 4, 481, 4, 5, 5, 223, 3, 4, 6, 574, 5, 5, 7, 443, 4, 4, 8, 202, 3, 3, 9, 406, 4, 4, 10, 462, 4, 3, 11, 158, 3, 4, 12, 411, 4, 4, 13, 523, 5, 5, 14, 421, 4, 4, 15, 296, 4, 5, 16, 171, 3, 3, 17, 433, 4, 4, 18, 444, 4, 5, 
http://espn.go.com/golf/player/scorecards/_/id/140/year/2006/tournamentId/271/dan-forsman, Buick Championship - (06/29-07/02), 2006, 1, 434, 4, 5, 2, 341, 4, 4, 3, 431, 4, 3, 4, 481, 4, 4, 5, 223, 3, 4, 6, 574, 5, 5, 7, 443, 4, 4, 8, 202, 3, 3, 9, 406, 4, 3, 10, 462, 4, 4, 11, 158, 3, 3, 12, 411, 4, 5, 13, 523, 5, 7, 14, 421, 4, 4, 15, 296, 4, 3, 16, 171, 3, 3, 17, 433, 4, 3, 18, 444, 4, 4, 
http://espn.go.com/golf/player/scorecards/_/id/140/year/2006/tournamentId/278/dan-forsman, John Deere Classic - (07/13-07/16), 2006, 1, 395, 4, 4, 2, 561, 5, 5, 3, 186, 3, 2, 4, 454, 4, 4, 5, 433, 4, 4, 6, 367, 4, 4, 7, 226, 3, 3, 8, 428, 4, 4, 9, 503, 4, 4, 10, 596, 5, 5, 11, 432, 4, 5, 12, 215, 3, 4, 13, 424, 4, 4, 14, 361, 4, 4, 15, 484, 4, 3, 16, 158, 3, 2, 17, 569, 5, 4, 18, 476, 4, 4, 
http://espn.go.com/golf/player/scorecards/_/id/140/year/2006/tournamentId/278/dan-forsman, John Deere Classic - (07/13-07/16), 2006, 1, 395, 4, 4, 2, 561, 5, 4, 3, 186, 3, 3, 4, 454, 4, 4, 5, 433, 4, 4, 6, 367, 4, 4, 7, 226, 3, 2, 8, 428, 4, 4, 9, 503, 4, 3, 10, 596, 5, 5, 11, 432, 4, 4, 12, 215, 3, 3, 13, 424, 4, 4, 14, 361, 4, 4, 15, 484, 4, 4, 16, 158, 3, 2, 17, 569, 5, 6, 18, 476, 4, 4, 
http://espn.go.com/golf/player/scorecards/_/id/140/year/2006/tournamentId/278/dan-forsman, John Deere Classic - (07/13-07/16), 2006, 1, 395, 4, 4, 2, 561, 5, 4, 3, 186, 3, 2, 4, 454, 4, 4, 5, 433, 4, 3, 6, 367, 4, 4, 7, 226, 3, 4, 8, 428, 4, 4, 9, 503, 4, 4, 10, 596, 5, 5, 11, 432, 4, 4, 12, 215, 3, 3, 13, 424, 4, 4, 14, 361, 4, 3, 15, 484, 4, 3, 16, 158, 3, 3, 17, 569, 5, 5, 18, 476, 4, 4, 
http://espn.go.com/golf/player/scorecards/_/id/140/year/2006/tournamentId/278/dan-forsman, John Deere Classic - (07/13-07/16), 2006, 1, 395, 4, 3, 2, 561, 5, 5, 3, 186, 3, 4, 4, 454, 4, 4, 5, 433, 4, 4, 6, 367, 4, 4, 7, 226, 3, 2, 8, 428, 4, 3, 9, 503, 4, 5, 10, 596, 5, 5, 11, 432, 4, 4, 12, 215, 3, 3, 13, 424, 4, 3, 14, 361, 4, 3, 15, 484, 4, 3, 16, 158, 3, 4, 17, 569, 5, 5, 18, 476, 4, 4, 
http://espn.go.com/golf/player/scorecards/_/id/140/year/2006/tournamentId/279/dan-forsman, B.C. Open presented by Turning Stone Resort - (07/20-07/23), 2006, 1, 398, 4, 4, 2, 447, 4, 4, 3, 198, 3, 2, 4, 414, 4, 3, 5, 550, 5, 4, 6, 185, 3, 3, 7, 433, 4, 4, 8, 576, 5, 5, 9, 479, 4, 4, 10, 422, 4, 4, 11, 230, 3, 3, 12, 580, 5, 5, 13, 439, 4, 3, 14, 410, 4, 4, 15, 442, 4, 4, 16, 177, 3, 4, 17, 478, 4, 4, 18, 624, 5, 5, 
http://espn.go.com/golf/player/scorecards/_/id/140/year/2006/tournamentId/279/dan-forsman, B.C. Open presented by Turning Stone Resort - (07/20-07/23), 2006, 1, 398, 4, 3, 2, 447, 4, 4, 3, 198, 3, 3, 4, 414, 4, 4, 5, 550, 5, 5, 6, 185, 3, 4, 7, 433, 4, 4, 8, 576, 5, 5, 9, 479, 4, 4, 10, 422, 4, 4, 11, 230, 3, 3, 12, 580, 5, 4, 13, 439, 4, 4, 14, 410, 4, 4, 15, 442, 4, 5, 16, 177, 3, 3, 17, 478, 4, 4, 18, 624, 5, 4, 
http://espn.go.com/golf/player/scorecards/_/id/140/year/2006/tournamentId/279/dan-forsman, B.C. Open presented by Turning Stone Resort - (07/20-07/23), 2006, 1, 398, 4, 4, 2, 447, 4, 5, 3, 198, 3, 3, 4, 414, 4, 4, 5, 550, 5, 4, 6, 185, 3, 2, 7, 433, 4, 4, 8, 576, 5, 5, 9, 479, 4, 4, 10, 422, 4, 4, 11, 230, 3, 3, 12, 580, 5, 4, 13, 439, 4, 4, 14, 410, 4, 4, 15, 442, 4, 4, 16, 177, 3, 3, 17, 478, 4, 4, 18, 624, 5, 5, 
http://espn.go.com/golf/player/scorecards/_/id/140/year/2006/tournamentId/279/dan-forsman, B.C. Open presented by Turning Stone Resort - (07/20-07/23), 2006, 1, 398, 4, 4, 2, 447, 4, 4, 3, 198, 3, 3, 4, 414, 4, 4, 5, 550, 5, 4, 6, 185, 3, 3, 7, 433, 4, 4, 8, 576, 5, 4, 9, 479, 4, 4, 10, 422, 4, 4, 11, 230, 3, 3, 12, 580, 5, 5, 13, 439, 4, 4, 14, 410, 4, 4, 15, 442, 4, 4, 16, 177, 3, 3, 17, 478, 4, 4, 18, 624, 5, 4, 
http://espn.go.com/golf/player/scorecards/_/id/140/year/2006/tournamentId/276/dan-forsman, U.S. Bank Championship in Milwaukee - (07/27-07/30), 2006, 1, 461, 4, 5, 2, 417, 4, 4, 3, 171, 3, 3, 4, 485, 4, 4, 5, 164, 3, 4, 6, 556, 5, 5, 7, 215, 3, 5, 8, 436, 4, 4, 9, 359, 4, 4, 10, 447, 4, 4, 11, 196, 3, 3, 12, 381, 4, 4, 13, 437, 4, 4, 14, 188, 3, 3, 15, 531, 5, 4, 16, 371, 4, 4, 17, 387, 4, 3, 18, 557, 5, 6, 
http://espn.go.com/golf/player/scorecards/_/id/140/year/2006/tournamentId/276/dan-forsman, U.S. Bank Championship in Milwaukee - (07/27-07/30), 2006, 1, 461, 4, 4, 2, 417, 4, 5, 3, 171, 3, 3, 4, 485, 4, 4, 5, 164, 3, 3, 6, 556, 5, 5, 7, 215, 3, 2, 8, 436, 4, 4, 9, 359, 4, 4, 10, 447, 4, 4, 11, 196, 3, 3, 12, 381, 4, 4, 13, 437, 4, 3, 14, 188, 3, 2, 15, 531, 5, 5, 16, 371, 4, 4, 17, 387, 4, 4, 18, 557, 5, 5, 
http://espn.go.com/golf/player/scorecards/_/id/140/year/2006/tournamentId/276/dan-forsman, U.S. Bank Championship in Milwaukee - (07/27-07/30), 2006, 1, 461, 4, 4, 2, 417, 4, 4, 3, 171, 3, 3, 4, 485, 4, 4, 5, 164, 3, 3, 6, 556, 5, 4, 7, 215, 3, 3, 8, 436, 4, 5, 9, 359, 4, 4, 10, 447, 4, 5, 11, 196, 3, 2, 12, 381, 4, 4, 13, 437, 4, 3, 14, 188, 3, 3, 15, 531, 5, 4, 16, 371, 4, 5, 17, 387, 4, 4, 18, 557, 5, 5, 
http://espn.go.com/golf/player/scorecards/_/id/140/year/2006/tournamentId/276/dan-forsman, U.S. Bank Championship in Milwaukee - (07/27-07/30), 2006, 1, 461, 4, 4, 2, 417, 4, 3, 3, 171, 3, 3, 4, 485, 4, 4, 5, 164, 3, 3, 6, 556, 5, 5, 7, 215, 3, 3, 8, 436, 4, 4, 9, 359, 4, 4, 10, 447, 4, 4, 11, 196, 3, 4, 12, 381, 4, 3, 13, 437, 4, 6, 14, 188, 3, 3, 15, 531, 5, 4, 16, 371, 4, 3, 17, 387, 4, 4, 18, 557, 5, 5, 
http://espn.go.com/golf/player/scorecards/_/id/140/year/2006/tournamentId/281/dan-forsman, Reno-Tahoe Open - (08/24-08/27), 2006, 1, 494, 4, 4, 2, 584, 5, 3, 3, 186, 3, 4, 4, 355, 4, 6, 5, 491, 4, 3, 6, 477, 4, 5, 7, 183, 3, 3, 8, 636, 5, 3, 9, 429, 4, 5, 10, 413, 4, 5, 11, 171, 3, 5, 12, 429, 4, 2, 13, 518, 5, 4, 14, 367, 4, 4, 15, 439, 4, 3, 16, 220, 3, 4, 17, 464, 4, 6, 18, 616, 5, 4, 
http://espn.go.com/golf/player/scorecards/_/id/140/year/2006/tournamentId/281/dan-forsman, Reno-Tahoe Open - (08/24-08/27), 2006, 1, 494, 4, 3, 2, 584, 5, 3, 3, 186, 3, 5, 4, 355, 4, 5, 5, 491, 4, 4, 6, 477, 4, 4, 7, 183, 3, 3, 8, 636, 5, 4, 9, 429, 4, 4, 10, 413, 4, 4, 11, 171, 3, 5, 12, 429, 4, 3, 13, 518, 5, 4, 14, 367, 4, 4, 15, 439, 4, 4, 16, 220, 3, 3, 17, 464, 4, 4, 18, 616, 5, 5, 
http://espn.go.com/golf/player/scorecards/_/id/140/year/2006/tournamentId/283/dan-forsman, Deutsche Bank Championship - (09/01-09/04), 2006, 1, 365, 4, 5, 2, 542, 5, 5, 3, 208, 3, 3, 4, 298, 4, 4, 5, 466, 4, 5, 6, 465, 4, 4, 7, 600, 5, 5, 8, 213, 3, 3, 9, 472, 4, 4, 10, 425, 4, 3, 11, 231, 3, 3, 12, 461, 4, 4, 13, 451, 4, 4, 14, 495, 4, 5, 15, 421, 4, 5, 16, 161, 3, 3, 17, 412, 4, 4, 18, 530, 5, 5, 
http://espn.go.com/golf/player/scorecards/_/id/140/year/2006/tournamentId/283/dan-forsman, Deutsche Bank Championship - (09/01-09/04), 2006, 1, 365, 4, 5, 2, 542, 5, 6, 3, 208, 3, 3, 4, 298, 4, 3, 5, 466, 4, 5, 6, 465, 4, 5, 7, 600, 5, 4, 8, 213, 3, 3, 9, 472, 4, 4, 10, 425, 4, 3, 11, 231, 3, 3, 12, 461, 4, 4, 13, 451, 4, 4, 14, 495, 4, 4, 15, 421, 4, 3, 16, 161, 3, 2, 17, 412, 4, 4, 18, 530, 5, 5, 
http://espn.go.com/golf/player/scorecards/_/id/140/year/2006/tournamentId/283/dan-forsman, Deutsche Bank Championship - (09/01-09/04), 2006, 1, 365, 4, 4, 2, 542, 5, 5, 3, 208, 3, 3, 4, 298, 4, 3, 5, 466, 4, 3, 6, 465, 4, 4, 7, 600, 5, 4, 8, 213, 3, 3, 9, 472, 4, 4, 10, 425, 4, 4, 11, 231, 3, 3, 12, 461, 4, 3, 13, 451, 4, 6, 14, 495, 4, 4, 15, 421, 4, 4, 16, 161, 3, 2, 17, 412, 4, 4, 18, 530, 5, 5, 
http://espn.go.com/golf/player/scorecards/_/id/140/year/2006/tournamentId/283/dan-forsman, Deutsche Bank Championship - (09/01-09/04), 2006, 1, 365, 4, 4, 2, 542, 5, 4, 3, 208, 3, 4, 4, 298, 4, 4, 5, 466, 4, 5, 6, 465, 4, 5, 7, 600, 5, 4, 8, 213, 3, 4, 9, 472, 4, 4, 10, 425, 4, 3, 11, 231, 3, 3, 12, 461, 4, 6, 13, 451, 4, 4, 14, 495, 4, 4, 15, 421, 4, 5, 16, 161, 3, 3, 17, 412, 4, 4, 18, 530, 5, 6, 
http://espn.go.com/golf/player/scorecards/_/id/140/year/2006/tournamentId/290/dan-forsman, 84 LUMBER Classic - (09/14-09/17), 2006, 1, 371, 4, 4, 2, 469, 4, 5, 3, 231, 3, 3, 4, 385, 4, 3, 5, 598, 5, 5, 6, 410, 4, 4, 7, 223, 3, 3, 8, 545, 5, 4, 9, 484, 4, 5, 10, 438, 4, 5, 11, 634, 5, 5, 12, 181, 3, 3, 13, 394, 4, 5, 14, 465, 4, 4, 15, 463, 4, 4, 16, 525, 5, 5, 17, 204, 3, 2, 18, 468, 4, 4, 
http://espn.go.com/golf/player/scorecards/_/id/140/year/2006/tournamentId/290/dan-forsman, 84 LUMBER Classic - (09/14-09/17), 2006, 1, 371, 4, 4, 2, 469, 4, 4, 3, 231, 3, 3, 4, 385, 4, 4, 5, 598, 5, 4, 6, 410, 4, 4, 7, 223, 3, 4, 8, 545, 5, 5, 9, 484, 4, 5, 10, 438, 4, 4, 11, 634, 5, 4, 12, 181, 3, 3, 13, 394, 4, 4, 14, 465, 4, 4, 15, 463, 4, 4, 16, 525, 5, 5, 17, 204, 3, 3, 18, 468, 4, 5, 
http://espn.go.com/golf/player/scorecards/_/id/140/year/2006/tournamentId/287/dan-forsman, Valero Texas Open - (09/21-09/24), 2006, 1, 665, 5, 4, 2, 448, 4, 4, 3, 202, 3, 3, 4, 444, 4, 4, 5, 494, 4, 4, 6, 162, 3, 5, 7, 316, 4, 3, 8, 361, 4, 3, 9, 380, 4, 4, 10, 460, 4, 3, 11, 427, 4, 3, 12, 415, 4, 4, 13, 142, 3, 4, 14, 527, 5, 5, 15, 446, 4, 4, 16, 380, 4, 4, 17, 186, 3, 4, 18, 426, 4, 4, 
http://espn.go.com/golf/player/scorecards/_/id/140/year/2006/tournamentId/287/dan-forsman, Valero Texas Open - (09/21-09/24), 2006, 1, 665, 5, 7, 2, 448, 4, 4, 3, 202, 3, 3, 4, 444, 4, 4, 5, 494, 4, 4, 6, 162, 3, 3, 7, 316, 4, 4, 8, 361, 4, 4, 9, 380, 4, 4, 10, 460, 4, 4, 11, 427, 4, 5, 12, 415, 4, 5, 13, 142, 3, 3, 14, 527, 5, 4, 15, 446, 4, 4, 16, 380, 4, 4, 17, 186, 3, 4, 18, 426, 4, 5, 
http://espn.go.com/golf/player/scorecards/_/id/140/year/2006/tournamentId/285/dan-forsman, Southern Farm Bureau Classic - (09/28-10/01), 2006, 1, 385, 4, 4, 2, 213, 3, 3, 3, 406, 4, 4, 4, 465, 4, 4, 5, 522, 5, 4, 6, 424, 4, 4, 7, 556, 5, 4, 8, 209, 3, 4, 9, 450, 4, 3, 10, 410, 4, 4, 11, 579, 5, 7, 12, 171, 3, 3, 13, 414, 4, 4, 14, 473, 4, 4, 15, 176, 3, 3, 16, 408, 4, 4, 17, 409, 4, 5, 18, 532, 5, 6, 
http://espn.go.com/golf/player/scorecards/_/id/140/year/2006/tournamentId/285/dan-forsman, Southern Farm Bureau Classic - (09/28-10/01), 2006, 1, 385, 4, 4, 2, 213, 3, 3, 3, 406, 4, 4, 4, 465, 4, 4, 5, 522, 5, 4, 6, 424, 4, 3, 7, 556, 5, 5, 8, 209, 3, 3, 9, 450, 4, 5, 10, 410, 4, 4, 11, 579, 5, 5, 12, 171, 3, 3, 13, 414, 4, 4, 14, 473, 4, 4, 15, 176, 3, 4, 16, 408, 4, 5, 17, 409, 4, 6, 18, 532, 5, 4, 
http://espn.go.com/golf/player/scorecards/_/id/140/year/2007/tournamentId/300/dan-forsman, AT&T Pebble Beach National Pro-Am - (02/08-02/11), 2007, 1, 595, 5, 4, 2, 349, 4, 4, 3, 165, 3, 3, 4, 370, 4, 4, 5, 197, 3, 4, 6, 446, 4, 5, 7, 529, 5, 4, 8, 399, 4, 4, 9, 431, 4, 5, 10, 407, 4, 4, 11, 528, 5, 4, 12, 178, 3, 3, 13, 460, 4, 4, 14, 560, 5, 4, 15, 130, 3, 2, 16, 476, 4, 5, 17, 325, 4, 4, 18, 408, 4, 3, 
http://espn.go.com/golf/player/scorecards/_/id/140/year/2007/tournamentId/300/dan-forsman, AT&T Pebble Beach National Pro-Am - (02/08-02/11), 2007, 1, 381, 4, 5, 2, 502, 5, 6, 3, 390, 4, 3, 4, 331, 4, 4, 5, 188, 3, 2, 6, 513, 5, 4, 7, 106, 3, 4, 8, 418, 4, 4, 9, 466, 4, 4, 10, 446, 4, 3, 11, 380, 4, 3, 12, 202, 3, 4, 13, 399, 4, 5, 14, 573, 5, 5, 15, 397, 4, 4, 16, 403, 4, 5, 17, 178, 3, 3, 18, 543, 5, 5, 
http://espn.go.com/golf/player/scorecards/_/id/140/year/2007/tournamentId/300/dan-forsman, AT&T Pebble Beach National Pro-Am - (02/08-02/11), 2007, 1, 413, 4, 4, 2, 172, 3, 4, 3, 406, 4, 5, 4, 603, 5, 4, 5, 428, 4, 4, 6, 180, 3, 4, 7, 395, 4, 4, 8, 383, 4, 6, 9, 555, 5, 4, 10, 516, 5, 4, 11, 210, 3, 3, 12, 531, 5, 5, 13, 396, 4, 4, 14, 415, 4, 4, 15, 230, 3, 3, 16, 439, 4, 4, 17, 170, 3, 3, 18, 502, 5, 5, 
http://espn.go.com/golf/player/scorecards/_/id/140/year/2007/tournamentId/305/dan-forsman, Arnold Palmer Invitational presented by MasterCard - (03/15-03/18), 2007, 1, 461, 4, 4, 2, 231, 3, 3, 3, 434, 4, 4, 4, 561, 5, 4, 5, 390, 4, 4, 6, 555, 5, 5, 7, 199, 3, 3, 8, 460, 4, 4, 9, 474, 4, 3, 10, 400, 4, 3, 11, 438, 4, 7, 12, 574, 5, 5, 13, 370, 4, 3, 14, 215, 3, 3, 15, 467, 4, 5, 16, 511, 5, 5, 17, 221, 3, 5, 18, 458, 4, 6, 
http://espn.go.com/golf/player/scorecards/_/id/140/year/2007/tournamentId/305/dan-forsman, Arnold Palmer Invitational presented by MasterCard - (03/15-03/18), 2007, 1, 461, 4, 4, 2, 231, 3, 3, 3, 434, 4, 4, 4, 561, 5, 4, 5, 390, 4, 4, 6, 555, 5, 5, 7, 199, 3, 3, 8, 460, 4, 4, 9, 474, 4, 4, 10, 400, 4, 4, 11, 438, 4, 4, 12, 574, 5, 4, 13, 370, 4, 4, 14, 215, 3, 2, 15, 467, 4, 4, 16, 511, 5, 6, 17, 221, 3, 2, 18, 458, 4, 4, 
http://espn.go.com/golf/player/scorecards/_/id/140/year/2007/tournamentId/306/dan-forsman, Zurich Classic of New Orleans - (04/19-04/22), 2007, 1, 399, 4, 4, 2, 548, 5, 5, 3, 221, 3, 2, 4, 482, 4, 4, 5, 438, 4, 4, 6, 476, 4, 5, 7, 561, 5, 6, 8, 372, 4, 4, 9, 207, 3, 3, 10, 390, 4, 3, 11, 575, 5, 4, 12, 492, 4, 4, 13, 403, 4, 3, 14, 216, 3, 3, 15, 490, 4, 5, 16, 355, 4, 5, 17, 215, 3, 3, 18, 585, 5, 6, 
http://espn.go.com/golf/player/scorecards/_/id/140/year/2007/tournamentId/306/dan-forsman, Zurich Classic of New Orleans - (04/19-04/22), 2007, 1, 399, 4, 4, 2, 548, 5, 4, 3, 221, 3, 3, 4, 482, 4, 4, 5, 438, 4, 4, 6, 476, 4, 5, 7, 561, 5, 4, 8, 372, 4, 4, 9, 207, 3, 3, 10, 390, 4, 4, 11, 575, 5, 5, 12, 492, 4, 4, 13, 403, 4, 4, 14, 216, 3, 3, 15, 490, 4, 5, 16, 355, 4, 4, 17, 215, 3, 5, 18, 585, 5, 5, 
http://espn.go.com/golf/player/scorecards/_/id/140/year/2007/tournamentId/306/dan-forsman, Zurich Classic of New Orleans - (04/19-04/22), 2007, 1, 399, 4, 4, 2, 548, 5, 5, 3, 221, 3, 3, 4, 482, 4, 4, 5, 438, 4, 4, 6, 476, 4, 5, 7, 561, 5, 5, 8, 372, 4, 4, 9, 207, 3, 3, 10, 390, 4, 4, 11, 575, 5, 5, 12, 492, 4, 4, 13, 403, 4, 4, 14, 216, 3, 2, 15, 490, 4, 4, 16, 355, 4, 4, 17, 215, 3, 2, 18, 585, 5, 5, 
http://espn.go.com/golf/player/scorecards/_/id/140/year/2007/tournamentId/306/dan-forsman, Zurich Classic of New Orleans - (04/19-04/22), 2007, 1, 399, 4, 4, 2, 548, 5, 4, 3, 221, 3, 3, 4, 482, 4, 4, 5, 438, 4, 4, 6, 476, 4, 4, 7, 561, 5, 5, 8, 372, 4, 4, 9, 207, 3, 3, 10, 390, 4, 4, 11, 575, 5, 5, 12, 492, 4, 4, 13, 403, 4, 4, 14, 216, 3, 4, 15, 490, 4, 4, 16, 355, 4, 3, 17, 215, 3, 3, 18, 585, 5, 5, 
http://espn.go.com/golf/player/scorecards/_/id/140/year/2007/tournamentId/308/dan-forsman, AT&T Classic - (05/17-05/20), 2007, 1, 434, 4, 5, 2, 144, 3, 2, 3, 389, 4, 4, 4, 558, 5, 5, 5, 441, 4, 3, 6, 569, 5, 6, 7, 458, 4, 5, 8, 248, 3, 2, 9, 472, 4, 4, 10, 628, 5, 4, 11, 189, 3, 3, 12, 434, 4, 3, 13, 310, 4, 4, 14, 453, 4, 4, 15, 406, 4, 4, 16, 179, 3, 3, 17, 455, 4, 4, 18, 544, 5, 4, 
http://espn.go.com/golf/player/scorecards/_/id/140/year/2007/tournamentId/308/dan-forsman, AT&T Classic - (05/17-05/20), 2007, 1, 434, 4, 5, 2, 144, 3, 3, 3, 389, 4, 3, 4, 558, 5, 5, 5, 441, 4, 4, 6, 569, 5, 4, 7, 458, 4, 4, 8, 248, 3, 5, 9, 472, 4, 5, 10, 628, 5, 4, 11, 189, 3, 3, 12, 434, 4, 4, 13, 310, 4, 5, 14, 453, 4, 4, 15, 406, 4, 4, 16, 179, 3, 3, 17, 455, 4, 5, 18, 544, 5, 7, 
http://espn.go.com/golf/player/scorecards/_/id/140/year/2007/tournamentId/308/dan-forsman, AT&T Classic - (05/17-05/20), 2007, 1, 434, 4, 4, 2, 144, 3, 2, 3, 389, 4, 3, 4, 558, 5, 6, 5, 441, 4, 4, 6, 569, 5, 5, 7, 458, 4, 4, 8, 248, 3, 4, 9, 472, 4, 3, 10, 628, 5, 5, 11, 189, 3, 2, 12, 434, 4, 5, 13, 310, 4, 4, 14, 453, 4, 5, 15, 406, 4, 4, 16, 179, 3, 2, 17, 455, 4, 3, 18, 544, 5, 4, 
http://espn.go.com/golf/player/scorecards/_/id/140/year/2007/tournamentId/308/dan-forsman, AT&T Classic - (05/17-05/20), 2007, 1, 434, 4, 5, 2, 144, 3, 2, 3, 389, 4, 4, 4, 558, 5, 5, 5, 441, 4, 5, 6, 569, 5, 4, 7, 458, 4, 4, 8, 248, 3, 3, 9, 472, 4, 4, 10, 628, 5, 4, 11, 189, 3, 3, 12, 434, 4, 4, 13, 310, 4, 4, 14, 453, 4, 4, 15, 406, 4, 4, 16, 179, 3, 4, 17, 455, 4, 4, 18, 544, 5, 5, 
http://espn.go.com/golf/player/scorecards/_/id/140/year/2007/tournamentId/327/dan-forsman, John Deere Classic - (07/12-07/15), 2007, 1, 395, 4, 4, 2, 561, 5, 5, 3, 186, 3, 4, 4, 454, 4, 4, 5, 433, 4, 4, 6, 367, 4, 5, 7, 226, 3, 5, 8, 428, 4, 4, 9, 503, 4, 5, 10, 596, 5, 5, 11, 432, 4, 3, 12, 215, 3, 3, 13, 424, 4, 4, 14, 361, 4, 4, 15, 484, 4, 5, 16, 158, 3, 3, 17, 569, 5, 6, 18, 476, 4, 4, 
http://espn.go.com/golf/player/scorecards/_/id/140/year/2007/tournamentId/327/dan-forsman, John Deere Classic - (07/12-07/15), 2007, 1, 395, 4, 4, 2, 561, 5, 5, 3, 186, 3, 3, 4, 454, 4, 4, 5, 433, 4, 4, 6, 367, 4, 4, 7, 226, 3, 3, 8, 428, 4, 4, 9, 503, 4, 4, 10, 596, 5, 5, 11, 432, 4, 5, 12, 215, 3, 3, 13, 424, 4, 4, 14, 361, 4, 4, 15, 484, 4, 4, 16, 158, 3, 3, 17, 569, 5, 5, 18, 476, 4, 3, 
http://espn.go.com/golf/player/scorecards/_/id/140/year/2007/tournamentId/325/dan-forsman, U.S. Bank Championship in Milwaukee - (07/19-07/22), 2007, 1, 461, 4, 5, 2, 417, 4, 5, 3, 171, 3, 3, 4, 485, 4, 4, 5, 164, 3, 3, 6, 556, 5, 4, 7, 215, 3, 3, 8, 436, 4, 4, 9, 359, 4, 4, 10, 447, 4, 3, 11, 196, 3, 3, 12, 381, 4, 4, 13, 437, 4, 4, 14, 188, 3, 3, 15, 531, 5, 5, 16, 371, 4, 4, 17, 387, 4, 4, 18, 557, 5, 5, 
http://espn.go.com/golf/player/scorecards/_/id/140/year/2007/tournamentId/325/dan-forsman, U.S. Bank Championship in Milwaukee - (07/19-07/22), 2007, 1, 461, 4, 3, 2, 417, 4, 4, 3, 171, 3, 3, 4, 485, 4, 4, 5, 164, 3, 3, 6, 556, 5, 4, 7, 215, 3, 3, 8, 436, 4, 5, 9, 359, 4, 4, 10, 447, 4, 5, 11, 196, 3, 4, 12, 381, 4, 4, 13, 437, 4, 4, 14, 188, 3, 3, 15, 531, 5, 5, 16, 371, 4, 3, 17, 387, 4, 5, 18, 557, 5, 5, 
http://espn.go.com/golf/player/scorecards/_/id/140/year/2007/tournamentId/332/dan-forsman, Reno-Tahoe Open - (08/02-08/05), 2007, 1, 494, 4, 4, 2, 584, 5, 3, 3, 186, 3, 4, 4, 355, 4, 6, 5, 491, 4, 5, 6, 477, 4, 4, 7, 183, 3, 3, 8, 636, 5, 4, 9, 429, 4, 3, 10, 413, 4, 4, 11, 171, 3, 5, 12, 429, 4, 3, 13, 518, 5, 3, 14, 367, 4, 4, 15, 439, 4, 5, 16, 220, 3, 3, 17, 464, 4, 4, 18, 616, 5, 4, 
http://espn.go.com/golf/player/scorecards/_/id/140/year/2007/tournamentId/332/dan-forsman, Reno-Tahoe Open - (08/02-08/05), 2007, 1, 494, 4, 4, 2, 584, 5, 5, 3, 186, 3, 4, 4, 355, 4, 5, 5, 491, 4, 3, 6, 477, 4, 5, 7, 183, 3, 3, 8, 636, 5, 5, 9, 429, 4, 5, 10, 413, 4, 3, 11, 171, 3, 4, 12, 429, 4, 3, 13, 518, 5, 4, 14, 367, 4, 5, 15, 439, 4, 4, 16, 220, 3, 3, 17, 464, 4, 5, 18, 616, 5, 4, 
http://espn.go.com/golf/player/scorecards/_/id/140/year/2007/tournamentId/339/dan-forsman, Wyndham Championship - (08/16-08/19), 2007, 1, 375, 4, 3, 2, 557, 5, 6, 3, 443, 4, 4, 4, 203, 3, 3, 5, 360, 4, 3, 6, 455, 4, 4, 7, 376, 4, 5, 8, 226, 3, 4, 9, 584, 5, 5, 10, 437, 4, 5, 11, 442, 4, 4, 12, 189, 3, 3, 13, 529, 5, 4, 14, 462, 4, 4, 15, 555, 5, 6, 16, 467, 4, 4, 17, 222, 3, 3, 18, 451, 4, 4, 
http://espn.go.com/golf/player/scorecards/_/id/140/year/2007/tournamentId/339/dan-forsman, Wyndham Championship - (08/16-08/19), 2007, 1, 375, 4, 4, 2, 557, 5, 5, 3, 443, 4, 5, 4, 203, 3, 3, 5, 360, 4, 4, 6, 455, 4, 4, 7, 376, 4, 4, 8, 226, 3, 3, 9, 584, 5, 5, 10, 437, 4, 4, 11, 442, 4, 4, 12, 189, 3, 3, 13, 529, 5, 5, 14, 462, 4, 4, 15, 555, 5, 4, 16, 467, 4, 5, 17, 222, 3, 3, 18, 451, 4, 3, 
http://espn.go.com/golf/player/scorecards/_/id/140/year/2007/tournamentId/340/dan-forsman, Viking Classic - (09/27-09/30), 2007, 1, 385, 4, 4, 2, 213, 3, 3, 3, 406, 4, 4, 4, 465, 4, 4, 5, 522, 5, 4, 6, 424, 4, 4, 7, 556, 5, 6, 8, 209, 3, 3, 9, 450, 4, 5, 10, 410, 4, 4, 11, 579, 5, 5, 12, 171, 3, 3, 13, 414, 4, 4, 14, 473, 4, 4, 15, 176, 3, 2, 16, 408, 4, 5, 17, 409, 4, 4, 18, 532, 5, 5, 
http://espn.go.com/golf/player/scorecards/_/id/140/year/2007/tournamentId/340/dan-forsman, Viking Classic - (09/27-09/30), 2007, 1, 385, 4, 4, 2, 213, 3, 5, 3, 406, 4, 4, 4, 465, 4, 4, 5, 522, 5, 5, 6, 424, 4, 4, 7, 556, 5, 4, 8, 209, 3, 4, 9, 450, 4, 6, 10, 410, 4, 5, 11, 579, 5, 5, 12, 171, 3, 3, 13, 414, 4, 4, 14, 473, 4, 4, 15, 176, 3, 3, 16, 408, 4, 6, 17, 409, 4, 4, 18, 532, 5, 5, 
http://espn.go.com/golf/player/scorecards/_/id/140/year/2007/tournamentId/329/dan-forsman, Valero Texas Open - (10/04-10/07), 2007, 1, 665, 5, 5, 2, 448, 4, 3, 3, 202, 3, 3, 4, 444, 4, 6, 5, 494, 4, 4, 6, 162, 3, 3, 7, 316, 4, 4, 8, 361, 4, 3, 9, 380, 4, 4, 10, 460, 4, 4, 11, 427, 4, 3, 12, 415, 4, 3, 13, 142, 3, 2, 14, 527, 5, 6, 15, 446, 4, 4, 16, 380, 4, 3, 17, 186, 3, 3, 18, 426, 4, 4, 
http://espn.go.com/golf/player/scorecards/_/id/140/year/2007/tournamentId/329/dan-forsman, Valero Texas Open - (10/04-10/07), 2007, 1, 665, 5, 4, 2, 448, 4, 4, 3, 202, 3, 3, 4, 444, 4, 3, 5, 494, 4, 5, 6, 162, 3, 3, 7, 316, 4, 4, 8, 361, 4, 4, 9, 380, 4, 4, 10, 460, 4, 4, 11, 427, 4, 4, 12, 415, 4, 5, 13, 142, 3, 3, 14, 527, 5, 4, 15, 446, 4, 3, 16, 380, 4, 3, 17, 186, 3, 3, 18, 426, 4, 4, 
http://espn.go.com/golf/player/scorecards/_/id/140/year/2007/tournamentId/329/dan-forsman, Valero Texas Open - (10/04-10/07), 2007, 1, 665, 5, 4, 2, 448, 4, 4, 3, 202, 3, 3, 4, 444, 4, 4, 5, 494, 4, 4, 6, 162, 3, 3, 7, 316, 4, 4, 8, 361, 4, 3, 9, 380, 4, 3, 10, 460, 4, 4, 11, 427, 4, 4, 12, 415, 4, 4, 13, 142, 3, 3, 14, 527, 5, 5, 15, 446, 4, 5, 16, 380, 4, 4, 17, 186, 3, 3, 18, 426, 4, 4, 
http://espn.go.com/golf/player/scorecards/_/id/140/year/2007/tournamentId/329/dan-forsman, Valero Texas Open - (10/04-10/07), 2007, 1, 665, 5, 4, 2, 448, 4, 4, 3, 202, 3, 3, 4, 444, 4, 4, 5, 494, 4, 4, 6, 162, 3, 2, 7, 316, 4, 4, 8, 361, 4, 3, 9, 380, 4, 5, 10, 460, 4, 4, 11, 427, 4, 4, 12, 415, 4, 3, 13, 142, 3, 3, 14, 527, 5, 4, 15, 446, 4, 4, 16, 380, 4, 4, 17, 186, 3, 2, 18, 426, 4, 4, 
http://espn.go.com/golf/player/scorecards/_/id/140/year/2007/tournamentId/328/dan-forsman, Frys.com Open benefiting Shriners Hospitals for Ch - (10/11-10/14), 2007, 1, 359, 4, 3, 2, 196, 3, 3, 3, 466, 4, 4, 4, 544, 5, 6, 5, 378, 4, 3, 6, 604, 5, 4, 7, 209, 3, 3, 8, 458, 4, 4, 9, 349, 4, 4, 10, 419, 4, 5, 11, 444, 4, 4, 12, 145, 3, 3, 13, 423, 4, 4, 14, 365, 4, 5, 15, 612, 5, 4, 16, 202, 3, 3, 17, 443, 4, 5, 18, 447, 4, 4, 
http://espn.go.com/golf/player/scorecards/_/id/140/year/2007/tournamentId/328/dan-forsman, Frys.com Open benefiting Shriners Hospitals for Ch - (10/11-10/14), 2007, 1, 408, 4, 4, 2, 469, 4, 3, 3, 492, 4, 4, 4, 450, 4, 3, 5, 197, 3, 2, 6, 430, 4, 7, 7, 382, 4, 4, 8, 239, 3, 3, 9, 563, 5, 5, 10, 420, 4, 4, 11, 448, 4, 4, 12, 442, 4, 4, 13, 606, 5, 4, 14, 156, 3, 3, 15, 341, 4, 4, 16, 560, 5, 5, 17, 196, 3, 4, 18, 444, 4, 4, 
http://espn.go.com/golf/player/scorecards/_/id/140/year/2007/tournamentId/409/dan-forsman, Ginn sur Mer Classic at Tesoro - (10/25-10/28), 2007, 1, 382, 4, 4, 2, 551, 5, 5, 3, 377, 4, 3, 4, 222, 3, 4, 5, 455, 4, 4, 6, 408, 4, 5, 7, 560, 5, 4, 8, 424, 4, 6, 9, 390, 4, 5, 10, 417, 4, 3, 11, 562, 5, 5, 12, 214, 3, 3, 13, 399, 4, 3, 14, 432, 4, 5, 15, 460, 4, 4, 16, 502, 5, 4, 17, 225, 3, 4, 18, 401, 4, 6, 
http://espn.go.com/golf/player/scorecards/_/id/140/year/2007/tournamentId/409/dan-forsman, Ginn sur Mer Classic at Tesoro - (10/25-10/28), 2007, 1, 382, 4, 5, 2, 551, 5, 5, 3, 377, 4, 3, 4, 222, 3, 4, 5, 455, 4, 5, 6, 408, 4, 3, 7, 560, 5, 5, 8, 424, 4, 3, 9, 390, 4, 4, 10, 417, 4, 5, 11, 562, 5, 5, 12, 214, 3, 2, 13, 399, 4, 5, 14, 432, 4, 4, 15, 460, 4, 4, 16, 502, 5, 4, 17, 225, 3, 3, 18, 401, 4, 4, 
http://espn.go.com/golf/player/scorecards/_/id/140/year/2007/tournamentId/409/dan-forsman, Ginn sur Mer Classic at Tesoro - (10/25-10/28), 2007, 1, 382, 4, 3, 2, 551, 5, 4, 3, 377, 4, 4, 4, 222, 3, 5, 5, 455, 4, 4, 6, 408, 4, 4, 7, 560, 5, 5, 8, 424, 4, 5, 9, 390, 4, 4, 10, 417, 4, 5, 11, 562, 5, 5, 12, 214, 3, 2, 13, 399, 4, 4, 14, 432, 4, 4, 15, 460, 4, 4, 16, 502, 5, 4, 17, 225, 3, 3, 18, 401, 4, 3, 
http://espn.go.com/golf/player/scorecards/_/id/140/year/2007/tournamentId/409/dan-forsman, Ginn sur Mer Classic at Tesoro - (10/25-10/28), 2007, 1, 382, 4, 3, 2, 551, 5, 4, 3, 377, 4, 4, 4, 222, 3, 2, 5, 455, 4, 5, 6, 408, 4, 3, 7, 560, 5, 7, 8, 424, 4, 4, 9, 390, 4, 4, 10, 417, 4, 3, 11, 562, 5, 5, 12, 214, 3, 2, 13, 399, 4, 4, 14, 432, 4, 5, 15, 460, 4, 4, 16, 502, 5, 4, 17, 225, 3, 3, 18, 401, 4, 4, 
http://espn.go.com/golf/player/scorecards/_/id/140/year/2008/tournamentId/416/dan-forsman, AT&T Pebble Beach National Pro-Am - (02/07-02/10), 2008, 1, 413, 4, 4, 2, 172, 3, 3, 3, 406, 4, 3, 4, 603, 5, 6, 5, 428, 4, 4, 6, 180, 3, 3, 7, 395, 4, 4, 8, 383, 4, 5, 9, 555, 5, 5, 10, 516, 5, 5, 11, 210, 3, 2, 12, 531, 5, 6, 13, 396, 4, 5, 14, 415, 4, 4, 15, 230, 3, 3, 16, 439, 4, 5, 17, 170, 3, 4, 18, 502, 5, 5, 
http://espn.go.com/golf/player/scorecards/_/id/140/year/2008/tournamentId/416/dan-forsman, AT&T Pebble Beach National Pro-Am - (02/07-02/10), 2008, 1, 381, 4, 4, 2, 502, 5, 5, 3, 390, 4, 4, 4, 331, 4, 4, 5, 188, 3, 4, 6, 513, 5, 5, 7, 106, 3, 2, 8, 418, 4, 4, 9, 466, 4, 4, 10, 446, 4, 4, 11, 380, 4, 4, 12, 202, 3, 3, 13, 399, 4, 4, 14, 573, 5, 5, 15, 397, 4, 4, 16, 403, 4, 5, 17, 178, 3, 3, 18, 543, 5, 5, 
http://espn.go.com/golf/player/scorecards/_/id/140/year/2008/tournamentId/416/dan-forsman, AT&T Pebble Beach National Pro-Am - (02/07-02/10), 2008, 1, 595, 5, 5, 2, 349, 4, 4, 3, 165, 3, 3, 4, 370, 4, 4, 5, 197, 3, 3, 6, 446, 4, 4, 7, 529, 5, 5, 8, 399, 4, 4, 9, 431, 4, 4, 10, 407, 4, 5, 11, 528, 5, 4, 12, 178, 3, 2, 13, 460, 4, 4, 14, 560, 5, 5, 15, 130, 3, 3, 16, 476, 4, 4, 17, 325, 4, 4, 18, 408, 4, 4, 
http://espn.go.com/golf/player/scorecards/_/id/140/year/2008/tournamentId/454/dan-forsman, Mayakoba Golf Classic at Riviera Maya-Cancun - (02/21-02/24), 2008, 1, 438, 4, 4, 2, 428, 4, 3, 3, 389, 4, 5, 4, 116, 3, 4, 5, 554, 5, 3, 6, 416, 4, 5, 7, 554, 5, 3, 8, 151, 3, 5, 9, 462, 4, 5, 10, 200, 3, 4, 11, 360, 4, 4, 12, 451, 4, 4, 13, 532, 5, 5, 14, 452, 4, 4, 15, 155, 3, 3, 16, 485, 4, 4, 17, 386, 4, 4, 18, 458, 4, 5, 
http://espn.go.com/golf/player/scorecards/_/id/140/year/2008/tournamentId/454/dan-forsman, Mayakoba Golf Classic at Riviera Maya-Cancun - (02/21-02/24), 2008, 1, 438, 4, 5, 2, 428, 4, 2, 3, 389, 4, 4, 4, 116, 3, 4, 5, 554, 5, 6, 6, 416, 4, 4, 7, 554, 5, 3, 8, 151, 3, 4, 9, 462, 4, 5, 10, 200, 3, 3, 11, 360, 4, 4, 12, 451, 4, 6, 13, 532, 5, 5, 14, 452, 4, 4, 15, 155, 3, 3, 16, 485, 4, 4, 17, 386, 4, 4, 18, 458, 4, 4, 
http://espn.go.com/golf/player/scorecards/_/id/140/year/2008/tournamentId/421/dan-forsman, Arnold Palmer Invitational presented by MasterCard - (03/13-03/16), 2008, 1, 461, 4, 4, 2, 231, 3, 3, 3, 434, 4, 4, 4, 561, 5, 4, 5, 390, 4, 4, 6, 555, 5, 5, 7, 199, 3, 3, 8, 460, 4, 4, 9, 474, 4, 3, 10, 400, 4, 4, 11, 438, 4, 4, 12, 574, 5, 5, 13, 370, 4, 4, 14, 215, 3, 3, 15, 467, 4, 4, 16, 511, 5, 5, 17, 221, 3, 3, 18, 458, 4, 4, 
http://espn.go.com/golf/player/scorecards/_/id/140/year/2008/tournamentId/421/dan-forsman, Arnold Palmer Invitational presented by MasterCard - (03/13-03/16), 2008, 1, 461, 4, 4, 2, 231, 3, 3, 3, 434, 4, 5, 4, 561, 5, 5, 5, 390, 4, 5, 6, 555, 5, 5, 7, 199, 3, 3, 8, 460, 4, 4, 9, 474, 4, 3, 10, 400, 4, 4, 11, 438, 4, 4, 12, 574, 5, 5, 13, 370, 4, 4, 14, 215, 3, 3, 15, 467, 4, 4, 16, 511, 5, 5, 17, 221, 3, 4, 18, 458, 4, 4, 
http://espn.go.com/golf/player/scorecards/_/id/140/year/2008/tournamentId/459/dan-forsman, Puerto Rico Open presented by Banco Popular - (03/20-03/23), 2008, 1, 447, 4, 4, 2, 547, 5, 5, 3, 386, 4, 4, 4, 455, 4, 4, 5, 535, 5, 5, 6, 203, 3, 3, 7, 448, 4, 5, 8, 236, 3, 3, 9, 450, 4, 4, 10, 430, 4, 5, 11, 192, 3, 3, 12, 465, 4, 3, 13, 410, 4, 4, 14, 459, 4, 5, 15, 600, 5, 6, 16, 202, 3, 3, 17, 411, 4, 5, 18, 630, 5, 5, 
http://espn.go.com/golf/player/scorecards/_/id/140/year/2008/tournamentId/459/dan-forsman, Puerto Rico Open presented by Banco Popular - (03/20-03/23), 2008, 1, 447, 4, 4, 2, 547, 5, 5, 3, 386, 4, 4, 4, 455, 4, 4, 5, 535, 5, 5, 6, 203, 3, 4, 7, 448, 4, 4, 8, 236, 3, 3, 9, 450, 4, 4, 10, 430, 4, 4, 11, 192, 3, 3, 12, 465, 4, 4, 13, 410, 4, 4, 14, 459, 4, 4, 15, 600, 5, 5, 16, 202, 3, 3, 17, 411, 4, 4, 18, 630, 5, 4, 
http://espn.go.com/golf/player/scorecards/_/id/140/year/2008/tournamentId/459/dan-forsman, Puerto Rico Open presented by Banco Popular - (03/20-03/23), 2008, 1, 447, 4, 5, 2, 547, 5, 4, 3, 386, 4, 4, 4, 455, 4, 4, 5, 535, 5, 4, 6, 203, 3, 2, 7, 448, 4, 4, 8, 236, 3, 4, 9, 450, 4, 5, 10, 430, 4, 3, 11, 192, 3, 4, 12, 465, 4, 4, 13, 410, 4, 4, 14, 459, 4, 4, 15, 600, 5, 5, 16, 202, 3, 3, 17, 411, 4, 5, 18, 630, 5, 4, 
http://espn.go.com/golf/player/scorecards/_/id/140/year/2008/tournamentId/459/dan-forsman, Puerto Rico Open presented by Banco Popular - (03/20-03/23), 2008, 1, 447, 4, 4, 2, 547, 5, 4, 3, 386, 4, 3, 4, 455, 4, 3, 5, 535, 5, 5, 6, 203, 3, 3, 7, 448, 4, 5, 8, 236, 3, 4, 9, 450, 4, 4, 10, 430, 4, 4, 11, 192, 3, 3, 12, 465, 4, 3, 13, 410, 4, 3, 14, 459, 4, 5, 15, 600, 5, 5, 16, 202, 3, 2, 17, 411, 4, 4, 18, 630, 5, 5, 
http://espn.go.com/golf/player/scorecards/_/id/140/year/2008/tournamentId/424/dan-forsman, AT&T Classic - (05/15-05/18), 2008, 1, 434, 4, 4, 2, 144, 3, 3, 3, 389, 4, 4, 4, 558, 5, 5, 5, 441, 4, 5, 6, 569, 5, 5, 7, 458, 4, 4, 8, 248, 3, 3, 9, 472, 4, 4, 10, 628, 5, 5, 11, 189, 3, 3, 12, 434, 4, 5, 13, 310, 4, 3, 14, 453, 4, 3, 15, 406, 4, 4, 16, 179, 3, 3, 17, 455, 4, 4, 18, 544, 5, 5, 
http://espn.go.com/golf/player/scorecards/_/id/140/year/2008/tournamentId/424/dan-forsman, AT&T Classic - (05/15-05/18), 2008, 1, 434, 4, 4, 2, 144, 3, 3, 3, 389, 4, 4, 4, 558, 5, 5, 5, 441, 4, 4, 6, 569, 5, 5, 7, 458, 4, 4, 8, 248, 3, 3, 9, 472, 4, 4, 10, 628, 5, 5, 11, 189, 3, 3, 12, 434, 4, 3, 13, 310, 4, 5, 14, 453, 4, 4, 15, 406, 4, 3, 16, 179, 3, 2, 17, 455, 4, 3, 18, 544, 5, 4, 
http://espn.go.com/golf/player/scorecards/_/id/140/year/2008/tournamentId/424/dan-forsman, AT&T Classic - (05/15-05/18), 2008, 1, 434, 4, 3, 2, 144, 3, 3, 3, 389, 4, 4, 4, 558, 5, 4, 5, 441, 4, 5, 6, 569, 5, 6, 7, 458, 4, 4, 8, 248, 3, 3, 9, 472, 4, 4, 10, 628, 5, 4, 11, 189, 3, 3, 12, 434, 4, 4, 13, 310, 4, 4, 14, 453, 4, 4, 15, 406, 4, 3, 16, 179, 3, 4, 17, 455, 4, 4, 18, 544, 5, 4, 
http://espn.go.com/golf/player/scorecards/_/id/140/year/2008/tournamentId/424/dan-forsman, AT&T Classic - (05/15-05/18), 2008, 1, 434, 4, 4, 2, 144, 3, 3, 3, 389, 4, 4, 4, 558, 5, 4, 5, 441, 4, 5, 6, 569, 5, 5, 7, 458, 4, 4, 8, 248, 3, 4, 9, 472, 4, 4, 10, 628, 5, 5, 11, 189, 3, 3, 12, 434, 4, 4, 13, 310, 4, 4, 14, 453, 4, 3, 15, 406, 4, 4, 16, 179, 3, 2, 17, 455, 4, 4, 18, 544, 5, 6, 
http://espn.go.com/golf/player/scorecards/_/id/140/year/2008/tournamentId/434/dan-forsman, Stanford St. Jude Championship - (06/05-06/08), 2008, 1, 434, 4, 4, 2, 401, 4, 4, 3, 554, 5, 5, 4, 196, 3, 3, 5, 485, 4, 5, 6, 445, 4, 4, 7, 482, 4, 4, 8, 178, 3, 3, 9, 457, 4, 4, 10, 465, 4, 4, 11, 157, 3, 3, 12, 406, 4, 4, 13, 472, 4, 4, 14, 239, 3, 2, 15, 395, 4, 4, 16, 530, 5, 4, 17, 490, 4, 4, 18, 453, 4, 4, 
http://espn.go.com/golf/player/scorecards/_/id/140/year/2008/tournamentId/434/dan-forsman, Stanford St. Jude Championship - (06/05-06/08), 2008, 1, 434, 4, 4, 2, 401, 4, 5, 3, 554, 5, 5, 4, 196, 3, 3, 5, 485, 4, 5, 6, 445, 4, 4, 7, 482, 4, 4, 8, 178, 3, 3, 9, 457, 4, 4, 10, 465, 4, 4, 11, 157, 3, 3, 12, 406, 4, 4, 13, 472, 4, 4, 14, 239, 3, 3, 15, 395, 4, 3, 16, 530, 5, 5, 17, 490, 4, 5, 18, 453, 4, 4, 
http://espn.go.com/golf/player/scorecards/_/id/140/year/2008/tournamentId/434/dan-forsman, Stanford St. Jude Championship - (06/05-06/08), 2008, 1, 434, 4, 4, 2, 401, 4, 3, 3, 554, 5, 5, 4, 196, 3, 2, 5, 485, 4, 5, 6, 445, 4, 5, 7, 482, 4, 4, 8, 178, 3, 3, 9, 457, 4, 4, 10, 465, 4, 4, 11, 157, 3, 3, 12, 406, 4, 5, 13, 472, 4, 4, 14, 239, 3, 3, 15, 395, 4, 4, 16, 530, 5, 4, 17, 490, 4, 4, 18, 453, 4, 4, 
http://espn.go.com/golf/player/scorecards/_/id/140/year/2008/tournamentId/434/dan-forsman, Stanford St. Jude Championship - (06/05-06/08), 2008, 1, 434, 4, 4, 2, 401, 4, 4, 3, 554, 5, 5, 4, 196, 3, 3, 5, 485, 4, 4, 6, 445, 4, 4, 7, 482, 4, 3, 8, 178, 3, 3, 9, 457, 4, 4, 10, 465, 4, 4, 11, 157, 3, 2, 12, 406, 4, 6, 13, 472, 4, 4, 14, 239, 3, 3, 15, 395, 4, 5, 16, 530, 5, 4, 17, 490, 4, 4, 18, 453, 4, 4, 
http://espn.go.com/golf/player/scorecards/_/id/140/year/2008/tournamentId/438/dan-forsman, Buick Open - (06/26-06/29), 2008, 1, 567, 5, 5, 2, 431, 4, 4, 3, 187, 3, 3, 4, 401, 4, 5, 5, 437, 4, 4, 6, 421, 4, 4, 7, 584, 5, 6, 8, 199, 3, 3, 9, 434, 4, 5, 10, 401, 4, 4, 11, 190, 3, 3, 12, 340, 4, 4, 13, 544, 5, 4, 14, 322, 4, 4, 15, 457, 4, 4, 16, 580, 5, 4, 17, 197, 3, 3, 18, 435, 4, 4, 
http://espn.go.com/golf/player/scorecards/_/id/140/year/2008/tournamentId/438/dan-forsman, Buick Open - (06/26-06/29), 2008, 1, 567, 5, 4, 2, 431, 4, 3, 3, 187, 3, 2, 4, 401, 4, 5, 5, 437, 4, 4, 6, 421, 4, 3, 7, 584, 5, 5, 8, 199, 3, 4, 9, 434, 4, 4, 10, 401, 4, 4, 11, 190, 3, 3, 12, 340, 4, 4, 13, 544, 5, 6, 14, 322, 4, 4, 15, 457, 4, 5, 16, 580, 5, 4, 17, 197, 3, 3, 18, 435, 4, 3, 
http://espn.go.com/golf/player/scorecards/_/id/140/year/2008/tournamentId/438/dan-forsman, Buick Open - (06/26-06/29), 2008, 1, 567, 5, 4, 2, 431, 4, 4, 3, 187, 3, 3, 4, 401, 4, 4, 5, 437, 4, 4, 6, 421, 4, 4, 7, 584, 5, 4, 8, 199, 3, 3, 9, 434, 4, 5, 10, 401, 4, 5, 11, 190, 3, 3, 12, 340, 4, 3, 13, 544, 5, 5, 14, 322, 4, 5, 15, 457, 4, 4, 16, 580, 5, 4, 17, 197, 3, 3, 18, 435, 4, 4, 
http://espn.go.com/golf/player/scorecards/_/id/140/year/2008/tournamentId/443/dan-forsman, John Deere Classic - (07/10-07/13), 2008, 1, 395, 4, 4, 2, 561, 5, 4, 3, 186, 3, 4, 4, 454, 4, 4, 5, 433, 4, 6, 6, 367, 4, 3, 7, 226, 3, 3, 8, 428, 4, 4, 9, 503, 4, 4, 10, 596, 5, 5, 11, 432, 4, 5, 12, 215, 3, 3, 13, 424, 4, 4, 14, 361, 4, 4, 15, 484, 4, 4, 16, 158, 3, 3, 17, 569, 5, 5, 18, 476, 4, 4, 
http://espn.go.com/golf/player/scorecards/_/id/140/year/2008/tournamentId/443/dan-forsman, John Deere Classic - (07/10-07/13), 2008, 1, 395, 4, 4, 2, 561, 5, 5, 3, 186, 3, 2, 4, 454, 4, 5, 5, 433, 4, 4, 6, 367, 4, 5, 7, 226, 3, 3, 8, 428, 4, 4, 9, 503, 4, 5, 10, 596, 5, 5, 11, 432, 4, 4, 12, 215, 3, 2, 13, 424, 4, 3, 14, 361, 4, 4, 15, 484, 4, 4, 16, 158, 3, 3, 17, 569, 5, 5, 18, 476, 4, 7, 
http://espn.go.com/golf/player/scorecards/_/id/140/year/2008/tournamentId/443/dan-forsman, John Deere Classic - (07/10-07/13), 2008, 1, 395, 4, 4, 2, 561, 5, 4, 3, 186, 3, 4, 4, 454, 4, 4, 5, 433, 4, 3, 6, 367, 4, 4, 7, 226, 3, 3, 8, 428, 4, 4, 9, 503, 4, 4, 10, 596, 5, 5, 11, 432, 4, 4, 12, 215, 3, 4, 13, 424, 4, 3, 14, 361, 4, 3, 15, 484, 4, 4, 16, 158, 3, 2, 17, 569, 5, 5, 18, 476, 4, 5, 
http://espn.go.com/golf/player/scorecards/_/id/140/year/2008/tournamentId/443/dan-forsman, John Deere Classic - (07/10-07/13), 2008, 1, 395, 4, 3, 2, 561, 5, 4, 3, 186, 3, 3, 4, 454, 4, 3, 5, 433, 4, 5, 6, 367, 4, 4, 7, 226, 3, 3, 8, 428, 4, 4, 9, 503, 4, 4, 10, 596, 5, 5, 11, 432, 4, 4, 12, 215, 3, 3, 13, 424, 4, 4, 14, 361, 4, 4, 15, 484, 4, 4, 16, 158, 3, 3, 17, 569, 5, 6, 18, 476, 4, 3, 
http://espn.go.com/golf/player/scorecards/_/id/140/year/2008/tournamentId/442/dan-forsman, RBC Canadian Open - (07/24-07/27), 2008, 1, 417, 4, 4, 2, 527, 5, 4, 3, 437, 4, 2, 4, 197, 3, 4, 5, 433, 4, 4, 6, 458, 4, 4, 7, 156, 3, 3, 8, 485, 4, 4, 9, 414, 4, 4, 10, 443, 4, 4, 11, 452, 4, 5, 12, 202, 3, 3, 13, 558, 5, 4, 14, 457, 4, 4, 15, 141, 3, 3, 16, 516, 5, 4, 17, 436, 4, 5, 18, 524, 5, 5, 
http://espn.go.com/golf/player/scorecards/_/id/140/year/2008/tournamentId/442/dan-forsman, RBC Canadian Open - (07/24-07/27), 2008, 1, 417, 4, 5, 2, 527, 5, 4, 3, 437, 4, 3, 4, 197, 3, 4, 5, 433, 4, 4, 6, 458, 4, 4, 7, 156, 3, 3, 8, 485, 4, 5, 9, 414, 4, 4, 10, 443, 4, 5, 11, 452, 4, 3, 12, 202, 3, 4, 13, 558, 5, 5, 14, 457, 4, 5, 15, 141, 3, 3, 16, 516, 5, 4, 17, 436, 4, 4, 18, 524, 5, 5, 
http://espn.go.com/golf/player/scorecards/_/id/140/year/2008/tournamentId/450/dan-forsman, Legends Reno-Tahoe Open - (07/31-08/03), 2008, 1, 494, 4, 4, 2, 584, 5, 2, 3, 186, 3, 5, 4, 355, 4, 4, 5, 491, 4, 5, 6, 477, 4, 5, 7, 183, 3, 3, 8, 636, 5, 5, 9, 429, 4, 5, 10, 413, 4, 5, 11, 171, 3, 4, 12, 429, 4, 3, 13, 518, 5, 3, 14, 367, 4, 4, 15, 439, 4, 4, 16, 220, 3, 3, 17, 464, 4, 5, 18, 616, 5, 4, 
http://espn.go.com/golf/player/scorecards/_/id/140/year/2008/tournamentId/450/dan-forsman, Legends Reno-Tahoe Open - (07/31-08/03), 2008, 1, 494, 4, 4, 2, 584, 5, 3, 3, 186, 3, 4, 4, 355, 4, 5, 5, 491, 4, 4, 6, 477, 4, 4, 7, 183, 3, 3, 8, 636, 5, 5, 9, 429, 4, 5, 10, 413, 4, 4, 11, 171, 3, 7, 12, 429, 4, 4, 13, 518, 5, 4, 14, 367, 4, 3, 15, 439, 4, 4, 16, 220, 3, 3, 17, 464, 4, 4, 18, 616, 5, 4, 
http://espn.go.com/golf/player/scorecards/_/id/140/year/2008/tournamentId/450/dan-forsman, Legends Reno-Tahoe Open - (07/31-08/03), 2008, 1, 494, 4, 4, 2, 584, 5, 3, 3, 186, 3, 3, 4, 355, 4, 5, 5, 491, 4, 5, 6, 477, 4, 3, 7, 183, 3, 4, 8, 636, 5, 4, 9, 429, 4, 5, 10, 413, 4, 4, 11, 171, 3, 4, 12, 429, 4, 3, 13, 518, 5, 3, 14, 367, 4, 4, 15, 439, 4, 4, 16, 220, 3, 2, 17, 464, 4, 5, 18, 616, 5, 5, 
http://espn.go.com/golf/player/scorecards/_/id/140/year/2008/tournamentId/450/dan-forsman, Legends Reno-Tahoe Open - (07/31-08/03), 2008, 1, 494, 4, 4, 2, 584, 5, 3, 3, 186, 3, 4, 4, 355, 4, 4, 5, 491, 4, 4, 6, 477, 4, 4, 7, 183, 3, 3, 8, 636, 5, 3, 9, 429, 4, 4, 10, 413, 4, 4, 11, 171, 3, 5, 12, 429, 4, 3, 13, 518, 5, 4, 14, 367, 4, 5, 15, 439, 4, 4, 16, 220, 3, 4, 17, 464, 4, 5, 18, 616, 5, 5, 
http://espn.go.com/golf/player/scorecards/_/id/140/year/2008/tournamentId/437/dan-forsman, Viking Classic - (09/18-09/21), 2008, 1, 385, 4, 4, 2, 213, 3, 4, 3, 406, 4, 3, 4, 465, 4, 4, 5, 522, 5, 4, 6, 424, 4, 4, 7, 556, 5, 5, 8, 209, 3, 3, 9, 450, 4, 4, 10, 410, 4, 3, 11, 579, 5, 5, 12, 171, 3, 4, 13, 414, 4, 4, 14, 473, 4, 5, 15, 176, 3, 3, 16, 408, 4, 3, 17, 409, 4, 4, 18, 532, 5, 5, 
http://espn.go.com/golf/player/scorecards/_/id/140/year/2008/tournamentId/437/dan-forsman, Viking Classic - (09/18-09/21), 2008, 1, 385, 4, 5, 2, 213, 3, 2, 3, 406, 4, 4, 4, 465, 4, 4, 5, 522, 5, 4, 6, 424, 4, 3, 7, 556, 5, 6, 8, 209, 3, 3, 9, 450, 4, 4, 10, 410, 4, 4, 11, 579, 5, 4, 12, 171, 3, 3, 13, 414, 4, 4, 14, 473, 4, 4, 15, 176, 3, 3, 16, 408, 4, 4, 17, 409, 4, 4, 18, 532, 5, 4, 
http://espn.go.com/golf/player/scorecards/_/id/140/year/2008/tournamentId/437/dan-forsman, Viking Classic - (09/18-09/21), 2008, 1, 385, 4, 4, 2, 213, 3, 3, 3, 406, 4, 3, 4, 465, 4, 4, 5, 522, 5, 4, 6, 424, 4, 4, 7, 556, 5, 5, 8, 209, 3, 3, 9, 450, 4, 5, 10, 410, 4, 4, 11, 579, 5, 5, 12, 171, 3, 3, 13, 414, 4, 4, 14, 473, 4, 5, 15, 176, 3, 3, 16, 408, 4, 3, 17, 409, 4, 4, 18, 532, 5, 4, 
http://espn.go.com/golf/player/scorecards/_/id/140/year/2008/tournamentId/437/dan-forsman, Viking Classic - (09/18-09/21), 2008, 1, 385, 4, 3, 2, 213, 3, 3, 3, 406, 4, 4, 4, 465, 4, 4, 5, 522, 5, 4, 6, 424, 4, 4, 7, 556, 5, 5, 8, 209, 3, 3, 9, 450, 4, 4, 10, 410, 4, 4, 11, 579, 5, 5, 12, 171, 3, 3, 13, 414, 4, 4, 14, 473, 4, 4, 15, 176, 3, 2, 16, 408, 4, 4, 17, 409, 4, 4, 18, 532, 5, 4, 
http://espn.go.com/golf/player/scorecards/_/id/140/year/2011/tournamentId/912/dan-forsman, Viking Classic - (07/14-07/17), 2011, 1, 385, 4, 4, 2, 213, 3, 4, 3, 406, 4, 4, 4, 465, 4, 5, 5, 522, 5, 4, 6, 424, 4, 4, 7, 556, 5, 5, 8, 209, 3, 2, 9, 450, 4, 4, 10, 410, 4, 4, 11, 579, 5, 5, 12, 171, 3, 2, 13, 414, 4, 4, 14, 473, 4, 4, 15, 176, 3, 2, 16, 408, 4, 4, 17, 409, 4, 5, 18, 532, 5, 5, 
http://espn.go.com/golf/player/scorecards/_/id/140/year/2011/tournamentId/912/dan-forsman, Viking Classic - (07/14-07/17), 2011, 1, 385, 4, 4, 2, 213, 3, 3, 3, 406, 4, 5, 4, 465, 4, 4, 5, 522, 5, 4, 6, 424, 4, 3, 7, 556, 5, 6, 8, 209, 3, 3, 9, 450, 4, 4, 10, 410, 4, 3, 11, 579, 5, 4, 12, 171, 3, 3, 13, 414, 4, 5, 14, 473, 4, 4, 15, 176, 3, 3, 16, 408, 4, 4, 17, 409, 4, 5, 18, 532, 5, 5, 
