http://espn.go.com/golf/player/scorecards/_/id/148/year/2004/tournamentId/169/david-frost, Buick Classic - (06/10-06/13), 2004, 1, 190, 3, 3, 2, 384, 4, 4, 3, 408, 4, 4, 4, 419, 4, 4, 5, 575, 5, 5, 6, 151, 3, 2, 7, 350, 4, 6, 8, 471, 4, 5, 9, 505, 5, 5, 10, 314, 4, 5, 11, 447, 4, 4, 12, 485, 4, 5, 13, 410, 4, 3, 14, 154, 3, 4, 15, 462, 4, 5, 16, 214, 3, 3, 17, 374, 4, 5, 18, 526, 5, 5, 
http://espn.go.com/golf/player/scorecards/_/id/148/year/2004/tournamentId/169/david-frost, Buick Classic - (06/10-06/13), 2004, 1, 190, 3, 3, 2, 384, 4, 4, 3, 408, 4, 5, 4, 419, 4, 4, 5, 575, 5, 5, 6, 151, 3, 3, 7, 350, 4, 5, 8, 471, 4, 4, 9, 505, 5, 4, 10, 314, 4, 4, 11, 447, 4, 4, 12, 485, 4, 5, 13, 410, 4, 4, 14, 154, 3, 3, 15, 462, 4, 4, 16, 214, 3, 3, 17, 374, 4, 4, 18, 526, 5, 4, 
http://espn.go.com/golf/player/scorecards/_/id/148/year/2004/tournamentId/169/david-frost, Buick Classic - (06/10-06/13), 2004, 1, 190, 3, 3, 2, 384, 4, 3, 3, 408, 4, 4, 4, 419, 4, 3, 5, 575, 5, 5, 6, 151, 3, 3, 7, 350, 4, 4, 8, 471, 4, 4, 9, 505, 5, 5, 10, 314, 4, 3, 11, 447, 4, 4, 12, 485, 4, 3, 13, 410, 4, 5, 14, 154, 3, 3, 15, 462, 4, 5, 16, 214, 3, 4, 17, 374, 4, 4, 18, 526, 5, 5, 
http://espn.go.com/golf/player/scorecards/_/id/148/year/2004/tournamentId/169/david-frost, Buick Classic - (06/10-06/13), 2004, 1, 190, 3, 2, 2, 384, 4, 4, 3, 408, 4, 4, 4, 419, 4, 3, 5, 575, 5, 6, 6, 151, 3, 2, 7, 350, 4, 4, 8, 471, 4, 4, 9, 505, 5, 4, 10, 314, 4, 3, 11, 447, 4, 4, 12, 485, 4, 4, 13, 410, 4, 4, 14, 154, 3, 3, 15, 462, 4, 4, 16, 214, 3, 3, 17, 374, 4, 3, 18, 526, 5, 5, 
http://espn.go.com/golf/player/scorecards/_/id/148/year/2004/tournamentId/173/david-frost, Cialis Western Open - (07/01-07/04), 2004, 1, 462, 4, 4, 2, 228, 3, 2, 3, 446, 4, 4, 4, 465, 4, 5, 5, 509, 4, 6, 6, 244, 3, 2, 7, 434, 4, 4, 8, 383, 4, 4, 9, 615, 5, 5, 10, 386, 4, 4, 11, 610, 5, 5, 12, 221, 3, 3, 13, 486, 4, 5, 14, 218, 3, 2, 15, 526, 5, 6, 16, 459, 4, 4, 17, 427, 4, 4, 18, 497, 4, 3, 
http://espn.go.com/golf/player/scorecards/_/id/148/year/2004/tournamentId/173/david-frost, Cialis Western Open - (07/01-07/04), 2004, 1, 462, 4, 4, 2, 228, 3, 4, 3, 446, 4, 5, 4, 465, 4, 4, 5, 509, 4, 4, 6, 244, 3, 3, 7, 434, 4, 4, 8, 383, 4, 5, 9, 615, 5, 6, 10, 386, 4, 3, 11, 610, 5, 5, 12, 221, 3, 3, 13, 486, 4, 3, 14, 218, 3, 2, 15, 526, 5, 5, 16, 459, 4, 3, 17, 427, 4, 4, 18, 497, 4, 4, 
http://espn.go.com/golf/player/scorecards/_/id/148/year/2004/tournamentId/173/david-frost, Cialis Western Open - (07/01-07/04), 2004, 1, 462, 4, 5, 2, 228, 3, 3, 3, 446, 4, 3, 4, 465, 4, 4, 5, 509, 4, 4, 6, 244, 3, 3, 7, 434, 4, 5, 8, 383, 4, 3, 9, 615, 5, 4, 10, 386, 4, 5, 11, 610, 5, 4, 12, 221, 3, 3, 13, 486, 4, 4, 14, 218, 3, 3, 15, 526, 5, 5, 16, 459, 4, 3, 17, 427, 4, 3, 18, 497, 4, 4, 
http://espn.go.com/golf/player/scorecards/_/id/148/year/2004/tournamentId/173/david-frost, Cialis Western Open - (07/01-07/04), 2004, 1, 462, 4, 4, 2, 228, 3, 3, 3, 446, 4, 4, 4, 465, 4, 5, 5, 509, 4, 5, 6, 244, 3, 3, 7, 434, 4, 4, 8, 383, 4, 4, 9, 615, 5, 5, 10, 386, 4, 4, 11, 610, 5, 6, 12, 221, 3, 3, 13, 486, 4, 5, 14, 218, 3, 3, 15, 526, 5, 5, 16, 459, 4, 4, 17, 427, 4, 4, 18, 497, 4, 4, 
http://espn.go.com/golf/player/scorecards/_/id/148/year/2004/tournamentId/182/david-frost, John Deere Classic - (07/08-07/11), 2004, 1, 395, 4, 4, 2, 561, 5, 5, 3, 186, 3, 2, 4, 454, 4, 4, 5, 433, 4, 4, 6, 367, 4, 4, 7, 226, 3, 3, 8, 428, 4, 4, 9, 503, 4, 5, 10, 596, 5, 5, 11, 432, 4, 4, 12, 215, 3, 3, 13, 424, 4, 4, 14, 361, 4, 4, 15, 484, 4, 5, 16, 158, 3, 2, 17, 569, 5, 4, 18, 476, 4, 5, 
http://espn.go.com/golf/player/scorecards/_/id/148/year/2004/tournamentId/182/david-frost, John Deere Classic - (07/08-07/11), 2004, 1, 395, 4, 4, 2, 561, 5, 5, 3, 186, 3, 3, 4, 454, 4, 4, 5, 433, 4, 4, 6, 367, 4, 4, 7, 226, 3, 3, 8, 428, 4, 5, 9, 503, 4, 5, 10, 596, 5, 5, 11, 432, 4, 4, 12, 215, 3, 3, 13, 424, 4, 4, 14, 361, 4, 6, 15, 484, 4, 4, 16, 158, 3, 3, 17, 569, 5, 4, 18, 476, 4, 4, 
http://espn.go.com/golf/player/scorecards/_/id/148/year/2004/tournamentId/183/david-frost, B.C. Open - (07/15-07/18), 2004, 1, 367, 4, 4, 2, 369, 4, 5, 3, 554, 5, 5, 4, 175, 3, 3, 5, 565, 5, 5, 6, 433, 4, 4, 7, 188, 3, 4, 8, 553, 5, 6, 9, 404, 4, 4, 10, 356, 4, 3, 11, 441, 4, 4, 12, 545, 5, 5, 13, 442, 4, 4, 14, 212, 3, 3, 15, 432, 4, 4, 16, 321, 4, 4, 17, 185, 3, 4, 18, 419, 4, 4, 
http://espn.go.com/golf/player/scorecards/_/id/148/year/2004/tournamentId/183/david-frost, B.C. Open - (07/15-07/18), 2004, 1, 367, 4, 5, 2, 369, 4, 4, 3, 554, 5, 5, 4, 175, 3, 4, 5, 565, 5, 5, 6, 433, 4, 4, 7, 188, 3, 3, 8, 553, 5, 5, 9, 404, 4, 4, 10, 356, 4, 3, 11, 441, 4, 4, 12, 545, 5, 5, 13, 442, 4, 5, 14, 212, 3, 2, 15, 432, 4, 5, 16, 321, 4, 4, 17, 185, 3, 3, 18, 419, 4, 4, 
http://espn.go.com/golf/player/scorecards/_/id/148/year/2004/tournamentId/180/david-frost, U.S. Bank Championship in Milwaukee - (07/22-07/25), 2004, 1, 461, 4, 4, 2, 417, 4, 4, 3, 171, 3, 2, 4, 485, 4, 4, 5, 164, 3, 3, 6, 556, 5, 5, 7, 215, 3, 3, 8, 436, 4, 4, 9, 359, 4, 4, 10, 447, 4, 4, 11, 196, 3, 3, 12, 381, 4, 4, 13, 437, 4, 5, 14, 188, 3, 4, 15, 531, 5, 6, 16, 371, 4, 4, 17, 387, 4, 4, 18, 557, 5, 5, 
http://espn.go.com/golf/player/scorecards/_/id/148/year/2004/tournamentId/180/david-frost, U.S. Bank Championship in Milwaukee - (07/22-07/25), 2004, 1, 461, 4, 5, 2, 417, 4, 4, 3, 171, 3, 3, 4, 485, 4, 4, 5, 164, 3, 3, 6, 556, 5, 5, 7, 215, 3, 3, 8, 436, 4, 4, 9, 359, 4, 4, 10, 447, 4, 4, 11, 196, 3, 3, 12, 381, 4, 4, 13, 437, 4, 4, 14, 188, 3, 3, 15, 531, 5, 5, 16, 371, 4, 5, 17, 387, 4, 6, 18, 557, 5, 6, 
http://espn.go.com/golf/player/scorecards/_/id/148/year/2004/tournamentId/190/david-frost, Reno-Tahoe Open - (08/19-08/22), 2004, 1, 494, 4, 4, 2, 584, 5, 2, 3, 186, 3, 4, 4, 355, 4, 5, 5, 491, 4, 3, 6, 477, 4, 5, 7, 183, 3, 3, 8, 636, 5, 4, 9, 429, 4, 5, 10, 413, 4, 3, 11, 171, 3, 4, 12, 429, 4, 3, 13, 518, 5, 4, 14, 367, 4, 5, 15, 439, 4, 5, 16, 220, 3, 3, 17, 464, 4, 5, 18, 616, 5, 5, 
http://espn.go.com/golf/player/scorecards/_/id/148/year/2004/tournamentId/190/david-frost, Reno-Tahoe Open - (08/19-08/22), 2004, 1, 494, 4, 4, 2, 584, 5, 4, 3, 186, 3, 6, 4, 355, 4, 4, 5, 491, 4, 4, 6, 477, 4, 4, 7, 183, 3, 3, 8, 636, 5, 4, 9, 429, 4, 5, 10, 413, 4, 4, 11, 171, 3, 5, 12, 429, 4, 2, 13, 518, 5, 4, 14, 367, 4, 4, 15, 439, 4, 3, 16, 220, 3, 5, 17, 464, 4, 5, 18, 616, 5, 4, 
http://espn.go.com/golf/player/scorecards/_/id/148/year/2004/tournamentId/172/david-frost, Buick Championship - (08/26-08/29), 2004, 1, 434, 4, 4, 2, 341, 4, 3, 3, 431, 4, 4, 4, 481, 4, 5, 5, 223, 3, 3, 6, 574, 5, 5, 7, 443, 4, 4, 8, 202, 3, 3, 9, 406, 4, 4, 10, 462, 4, 5, 11, 158, 3, 3, 12, 411, 4, 4, 13, 523, 5, 4, 14, 421, 4, 4, 15, 296, 4, 3, 16, 171, 3, 4, 17, 433, 4, 3, 18, 444, 4, 4, 
http://espn.go.com/golf/player/scorecards/_/id/148/year/2004/tournamentId/172/david-frost, Buick Championship - (08/26-08/29), 2004, 1, 434, 4, 4, 2, 341, 4, 5, 3, 431, 4, 4, 4, 481, 4, 3, 5, 223, 3, 2, 6, 574, 5, 4, 7, 443, 4, 4, 8, 202, 3, 4, 9, 406, 4, 3, 10, 462, 4, 5, 11, 158, 3, 3, 12, 411, 4, 4, 13, 523, 5, 8, 14, 421, 4, 4, 15, 296, 4, 5, 16, 171, 3, 3, 17, 433, 4, 4, 18, 444, 4, 4, 
http://espn.go.com/golf/player/scorecards/_/id/148/year/2004/tournamentId/193/david-frost, Deutsche Bank Championship - (09/03-09/06), 2004, 1, 365, 4, 4, 2, 542, 5, 4, 3, 208, 3, 3, 4, 298, 4, 6, 5, 466, 4, 4, 6, 465, 4, 4, 7, 600, 5, 5, 8, 213, 3, 3, 9, 472, 4, 5, 10, 425, 4, 4, 11, 231, 3, 3, 12, 461, 4, 4, 13, 451, 4, 4, 14, 495, 4, 4, 15, 421, 4, 4, 16, 161, 3, 4, 17, 412, 4, 3, 18, 530, 5, 4, 
http://espn.go.com/golf/player/scorecards/_/id/148/year/2004/tournamentId/193/david-frost, Deutsche Bank Championship - (09/03-09/06), 2004, 1, 365, 4, 4, 2, 542, 5, 4, 3, 208, 3, 3, 4, 298, 4, 4, 5, 466, 4, 5, 6, 465, 4, 4, 7, 600, 5, 5, 8, 213, 3, 4, 9, 472, 4, 5, 10, 425, 4, 4, 11, 231, 3, 2, 12, 461, 4, 3, 13, 451, 4, 5, 14, 495, 4, 5, 15, 421, 4, 4, 16, 161, 3, 4, 17, 412, 4, 4, 18, 530, 5, 5, 
http://espn.go.com/golf/player/scorecards/_/id/148/year/2004/tournamentId/181/david-frost, Bell Canadian Open - (09/09-09/12), 2004, 1, 417, 4, 4, 2, 527, 5, 4, 3, 437, 4, 2, 4, 197, 3, 5, 5, 433, 4, 4, 6, 458, 4, 4, 7, 156, 3, 3, 8, 485, 4, 5, 9, 414, 4, 4, 10, 443, 4, 4, 11, 452, 4, 5, 12, 202, 3, 3, 13, 558, 5, 4, 14, 457, 4, 4, 15, 141, 3, 3, 16, 516, 5, 4, 17, 436, 4, 5, 18, 524, 5, 5, 
http://espn.go.com/golf/player/scorecards/_/id/148/year/2004/tournamentId/181/david-frost, Bell Canadian Open - (09/09-09/12), 2004, 1, 417, 4, 4, 2, 527, 5, 4, 3, 437, 4, 2, 4, 197, 3, 4, 5, 433, 4, 4, 6, 458, 4, 4, 7, 156, 3, 3, 8, 485, 4, 4, 9, 414, 4, 4, 10, 443, 4, 4, 11, 452, 4, 4, 12, 202, 3, 3, 13, 558, 5, 7, 14, 457, 4, 4, 15, 141, 3, 3, 16, 516, 5, 4, 17, 436, 4, 4, 18, 524, 5, 5, 
http://espn.go.com/golf/player/scorecards/_/id/148/year/2004/tournamentId/181/david-frost, Bell Canadian Open - (09/09-09/12), 2004, 1, 417, 4, 4, 2, 527, 5, 5, 3, 437, 4, 3, 4, 197, 3, 3, 5, 433, 4, 5, 6, 458, 4, 4, 7, 156, 3, 3, 8, 485, 4, 4, 9, 414, 4, 5, 10, 443, 4, 4, 11, 452, 4, 3, 12, 202, 3, 4, 13, 558, 5, 5, 14, 457, 4, 5, 15, 141, 3, 3, 16, 516, 5, 4, 17, 436, 4, 4, 18, 524, 5, 5, 
http://espn.go.com/golf/player/scorecards/_/id/148/year/2004/tournamentId/181/david-frost, Bell Canadian Open - (09/09-09/12), 2004, 1, 417, 4, 4, 2, 527, 5, 4, 3, 437, 4, 3, 4, 197, 3, 4, 5, 433, 4, 4, 6, 458, 4, 4, 7, 156, 3, 3, 8, 485, 4, 4, 9, 414, 4, 4, 10, 443, 4, 4, 11, 452, 4, 4, 12, 202, 3, 4, 13, 558, 5, 4, 14, 457, 4, 4, 15, 141, 3, 4, 16, 516, 5, 5, 17, 436, 4, 4, 18, 524, 5, 4, 
http://espn.go.com/golf/player/scorecards/_/id/148/year/2004/tournamentId/187/david-frost, 84 LUMBER Classic - (09/23-09/26), 2004, 1, 371, 4, 4, 2, 469, 4, 5, 3, 231, 3, 3, 4, 385, 4, 5, 5, 598, 5, 4, 6, 410, 4, 3, 7, 223, 3, 2, 8, 545, 5, 4, 9, 484, 4, 4, 10, 438, 4, 4, 11, 634, 5, 5, 12, 181, 3, 3, 13, 394, 4, 4, 14, 465, 4, 4, 15, 463, 4, 3, 16, 525, 5, 5, 17, 204, 3, 4, 18, 468, 4, 4, 
http://espn.go.com/golf/player/scorecards/_/id/148/year/2004/tournamentId/187/david-frost, 84 LUMBER Classic - (09/23-09/26), 2004, 1, 371, 4, 5, 2, 469, 4, 4, 3, 231, 3, 4, 4, 385, 4, 4, 5, 598, 5, 4, 6, 410, 4, 6, 7, 223, 3, 3, 8, 545, 5, 4, 9, 484, 4, 4, 10, 438, 4, 4, 11, 634, 5, 6, 12, 181, 3, 5, 13, 394, 4, 4, 14, 465, 4, 4, 15, 463, 4, 4, 16, 525, 5, 4, 17, 204, 3, 3, 18, 468, 4, 4, 
http://espn.go.com/golf/player/scorecards/_/id/148/year/2004/tournamentId/187/david-frost, 84 LUMBER Classic - (09/23-09/26), 2004, 1, 371, 4, 4, 2, 469, 4, 4, 3, 231, 3, 2, 4, 385, 4, 4, 5, 598, 5, 5, 6, 410, 4, 4, 7, 223, 3, 3, 8, 545, 5, 5, 9, 484, 4, 3, 10, 438, 4, 4, 11, 634, 5, 4, 12, 181, 3, 3, 13, 394, 4, 4, 14, 465, 4, 5, 15, 463, 4, 5, 16, 525, 5, 5, 17, 204, 3, 3, 18, 468, 4, 4, 
http://espn.go.com/golf/player/scorecards/_/id/148/year/2004/tournamentId/187/david-frost, 84 LUMBER Classic - (09/23-09/26), 2004, 1, 371, 4, 3, 2, 469, 4, 4, 3, 231, 3, 4, 4, 385, 4, 3, 5, 598, 5, 5, 6, 410, 4, 4, 7, 223, 3, 3, 8, 545, 5, 5, 9, 484, 4, 5, 10, 438, 4, 4, 11, 634, 5, 5, 12, 181, 3, 3, 13, 394, 4, 3, 14, 465, 4, 5, 15, 463, 4, 5, 16, 525, 5, 4, 17, 204, 3, 3, 18, 468, 4, 4, 
http://espn.go.com/golf/player/scorecards/_/id/148/year/2004/tournamentId/175/david-frost, Southern Farm Bureau Classic - (09/30-10/03), 2004, 1, 385, 4, 3, 2, 213, 3, 3, 3, 406, 4, 5, 4, 465, 4, 3, 5, 522, 5, 5, 6, 424, 4, 5, 7, 556, 5, 6, 8, 209, 3, 3, 9, 450, 4, 5, 10, 410, 4, 5, 11, 579, 5, 4, 12, 171, 3, 3, 13, 414, 4, 4, 14, 473, 4, 4, 15, 176, 3, 3, 16, 408, 4, 4, 17, 409, 4, 4, 18, 532, 5, 4, 
http://espn.go.com/golf/player/scorecards/_/id/148/year/2004/tournamentId/175/david-frost, Southern Farm Bureau Classic - (09/30-10/03), 2004, 1, 385, 4, 3, 2, 213, 3, 3, 3, 406, 4, 4, 4, 465, 4, 4, 5, 522, 5, 4, 6, 424, 4, 4, 7, 556, 5, 5, 8, 209, 3, 3, 9, 450, 4, 4, 10, 410, 4, 3, 11, 579, 5, 5, 12, 171, 3, 3, 13, 414, 4, 4, 14, 473, 4, 3, 15, 176, 3, 2, 16, 408, 4, 4, 17, 409, 4, 3, 18, 532, 5, 5, 
http://espn.go.com/golf/player/scorecards/_/id/148/year/2004/tournamentId/175/david-frost, Southern Farm Bureau Classic - (09/30-10/03), 2004, 1, 385, 4, 3, 2, 213, 3, 3, 3, 406, 4, 4, 4, 465, 4, 4, 5, 522, 5, 4, 6, 424, 4, 4, 7, 556, 5, 5, 8, 209, 3, 3, 9, 450, 4, 4, 10, 410, 4, 4, 11, 579, 5, 4, 12, 171, 3, 4, 13, 414, 4, 4, 14, 473, 4, 4, 15, 176, 3, 3, 16, 408, 4, 4, 17, 409, 4, 4, 18, 532, 5, 4, 
http://espn.go.com/golf/player/scorecards/_/id/148/year/2004/tournamentId/175/david-frost, Southern Farm Bureau Classic - (09/30-10/03), 2004, 1, 385, 4, 4, 2, 213, 3, 3, 3, 406, 4, 4, 4, 465, 4, 4, 5, 522, 5, 5, 6, 424, 4, 4, 7, 556, 5, 3, 8, 209, 3, 4, 9, 450, 4, 4, 10, 410, 4, 4, 11, 579, 5, 5, 12, 171, 3, 4, 13, 414, 4, 5, 14, 473, 4, 4, 15, 176, 3, 3, 16, 408, 4, 3, 17, 409, 4, 4, 18, 532, 5, 4, 
http://espn.go.com/golf/player/scorecards/_/id/148/year/2004/tournamentId/194/david-frost, Michelin Championship at Las Vegas - (10/07-10/10), 2004, 1, 408, 4, 3, 2, 469, 4, 4, 3, 492, 4, 3, 4, 450, 4, 3, 5, 197, 3, 3, 6, 430, 4, 4, 7, 382, 4, 3, 8, 239, 3, 2, 9, 563, 5, 4, 10, 420, 4, 4, 11, 448, 4, 4, 12, 442, 4, 3, 13, 606, 5, 5, 14, 156, 3, 2, 15, 341, 4, 4, 16, 560, 5, 4, 17, 196, 3, 3, 18, 444, 4, 4, 
http://espn.go.com/golf/player/scorecards/_/id/148/year/2004/tournamentId/194/david-frost, Michelin Championship at Las Vegas - (10/07-10/10), 2004, 1, 359, 4, 4, 2, 196, 3, 3, 3, 466, 4, 3, 4, 544, 5, 4, 5, 378, 4, 4, 6, 604, 5, 5, 7, 209, 3, 3, 8, 458, 4, 4, 9, 349, 4, 4, 10, 419, 4, 4, 11, 444, 4, 4, 12, 145, 3, 3, 13, 423, 4, 4, 14, 365, 4, 3, 15, 612, 5, 5, 16, 202, 3, 3, 17, 443, 4, 3, 18, 447, 4, 4, 
http://espn.go.com/golf/player/scorecards/_/id/148/year/2004/tournamentId/194/david-frost, Michelin Championship at Las Vegas - (10/07-10/10), 2004, 1, 408, 4, 4, 2, 535, 5, 5, 3, 413, 4, 4, 4, 255, 3, 3, 5, 438, 4, 4, 6, 396, 4, 6, 7, 200, 3, 3, 8, 600, 5, 5, 9, 453, 4, 4, 10, 403, 4, 3, 11, 350, 4, 4, 12, 528, 5, 4, 13, 153, 3, 3, 14, 467, 4, 4, 15, 233, 3, 3, 16, 413, 4, 4, 17, 532, 5, 4, 18, 450, 4, 4, 
http://espn.go.com/golf/player/scorecards/_/id/148/year/2004/tournamentId/194/david-frost, Michelin Championship at Las Vegas - (10/07-10/10), 2004, 1, 408, 4, 4, 2, 469, 4, 3, 3, 492, 4, 5, 4, 450, 4, 3, 5, 197, 3, 4, 6, 430, 4, 3, 7, 382, 4, 4, 8, 239, 3, 4, 9, 563, 5, 5, 10, 420, 4, 5, 11, 448, 4, 4, 12, 442, 4, 4, 13, 606, 5, 4, 14, 156, 3, 3, 15, 341, 4, 4, 16, 560, 5, 4, 17, 196, 3, 2, 18, 444, 4, 4, 
http://espn.go.com/golf/player/scorecards/_/id/148/year/2004/tournamentId/163/david-frost, Chrysler Classic of Greensboro - (10/14-10/17), 2004, 1, 375, 4, 4, 2, 557, 5, 6, 3, 443, 4, 5, 4, 203, 3, 4, 5, 360, 4, 4, 6, 455, 4, 4, 7, 376, 4, 5, 8, 226, 3, 3, 9, 584, 5, 4, 10, 437, 4, 4, 11, 442, 4, 5, 12, 189, 3, 3, 13, 529, 5, 4, 14, 462, 4, 3, 15, 555, 5, 4, 16, 467, 4, 5, 17, 222, 3, 2, 18, 451, 4, 5, 
http://espn.go.com/golf/player/scorecards/_/id/148/year/2004/tournamentId/163/david-frost, Chrysler Classic of Greensboro - (10/14-10/17), 2004, 1, 375, 4, 4, 2, 557, 5, 5, 3, 443, 4, 4, 4, 203, 3, 3, 5, 360, 4, 4, 6, 455, 4, 4, 7, 376, 4, 4, 8, 226, 3, 3, 9, 584, 5, 4, 10, 437, 4, 4, 11, 442, 4, 4, 12, 189, 3, 3, 13, 529, 5, 4, 14, 462, 4, 4, 15, 555, 5, 5, 16, 467, 4, 4, 17, 222, 3, 4, 18, 451, 4, 4, 
http://espn.go.com/golf/player/scorecards/_/id/148/year/2004/tournamentId/163/david-frost, Chrysler Classic of Greensboro - (10/14-10/17), 2004, 1, 375, 4, 4, 2, 557, 5, 5, 3, 443, 4, 4, 4, 203, 3, 3, 5, 360, 4, 3, 6, 455, 4, 4, 7, 376, 4, 4, 8, 226, 3, 2, 9, 584, 5, 4, 10, 437, 4, 4, 11, 442, 4, 4, 12, 189, 3, 2, 13, 529, 5, 4, 14, 462, 4, 4, 15, 555, 5, 5, 16, 467, 4, 4, 17, 222, 3, 2, 18, 451, 4, 4, 
http://espn.go.com/golf/player/scorecards/_/id/148/year/2004/tournamentId/163/david-frost, Chrysler Classic of Greensboro - (10/14-10/17), 2004, 1, 375, 4, 4, 2, 557, 5, 5, 3, 443, 4, 4, 4, 203, 3, 3, 5, 360, 4, 4, 6, 455, 4, 4, 7, 376, 4, 4, 8, 226, 3, 4, 9, 584, 5, 5, 10, 437, 4, 4, 11, 442, 4, 4, 12, 189, 3, 2, 13, 529, 5, 4, 14, 462, 4, 4, 15, 555, 5, 4, 16, 467, 4, 4, 17, 222, 3, 3, 18, 451, 4, 4, 
http://espn.go.com/golf/player/scorecards/_/id/148/year/2004/tournamentId/185/david-frost, FUNAI Classic at the WALT DISNEY WORLD Resort - (10/21-10/24), 2004, 1, 428, 4, 4, 2, 417, 4, 5, 3, 170, 3, 3, 4, 542, 5, 5, 5, 492, 4, 4, 6, 231, 3, 3, 7, 422, 4, 5, 8, 614, 5, 5, 9, 500, 4, 4, 10, 526, 5, 5, 11, 399, 4, 4, 12, 169, 3, 3, 13, 384, 4, 4, 14, 592, 5, 5, 15, 203, 3, 3, 16, 450, 4, 4, 17, 485, 4, 3, 18, 492, 4, 4, 
http://espn.go.com/golf/player/scorecards/_/id/148/year/2004/tournamentId/185/david-frost, FUNAI Classic at the WALT DISNEY WORLD Resort - (10/21-10/24), 2004, 1, 428, 4, 4, 2, 417, 4, 2, 3, 170, 3, 3, 4, 542, 5, 5, 5, 492, 4, 4, 6, 231, 3, 3, 7, 422, 4, 4, 8, 614, 5, 5, 9, 500, 4, 4, 10, 526, 5, 4, 11, 399, 4, 3, 12, 169, 3, 4, 13, 384, 4, 3, 14, 592, 5, 5, 15, 203, 3, 3, 16, 450, 4, 4, 17, 485, 4, 4, 18, 492, 4, 4, 
http://espn.go.com/golf/player/scorecards/_/id/148/year/2004/tournamentId/185/david-frost, FUNAI Classic at the WALT DISNEY WORLD Resort - (10/21-10/24), 2004, 1, 428, 4, 4, 2, 417, 4, 4, 3, 170, 3, 3, 4, 542, 5, 5, 5, 492, 4, 4, 6, 231, 3, 3, 7, 422, 4, 3, 8, 614, 5, 5, 9, 500, 4, 3, 10, 526, 5, 4, 11, 399, 4, 4, 12, 169, 3, 3, 13, 384, 4, 4, 14, 592, 5, 5, 15, 203, 3, 3, 16, 450, 4, 3, 17, 485, 4, 4, 18, 492, 4, 4, 
http://espn.go.com/golf/player/scorecards/_/id/148/year/2004/tournamentId/185/david-frost, FUNAI Classic at the WALT DISNEY WORLD Resort - (10/21-10/24), 2004, 1, 498, 5, 4, 2, 424, 4, 4, 3, 167, 3, 3, 4, 422, 4, 4, 5, 410, 4, 4, 6, 411, 4, 4, 7, 524, 5, 4, 8, 205, 3, 3, 9, 380, 4, 4, 10, 441, 4, 4, 11, 544, 5, 4, 12, 206, 3, 4, 13, 358, 4, 4, 14, 547, 5, 5, 15, 422, 4, 4, 16, 195, 3, 3, 17, 399, 4, 4, 18, 458, 4, 5, 
http://espn.go.com/golf/player/scorecards/_/id/148/year/2004/tournamentId/188/david-frost, Chrysler Championship - (10/28-10/31), 2004, 1, 560, 5, 5, 2, 435, 4, 3, 3, 455, 4, 4, 4, 195, 3, 3, 5, 605, 5, 5, 6, 465, 4, 4, 7, 420, 4, 4, 8, 235, 3, 3, 9, 430, 4, 3, 10, 445, 4, 4, 11, 575, 5, 5, 12, 380, 4, 3, 13, 200, 3, 3, 14, 590, 5, 4, 15, 215, 3, 3, 16, 475, 4, 4, 17, 215, 3, 3, 18, 445, 4, 4, 
http://espn.go.com/golf/player/scorecards/_/id/148/year/2004/tournamentId/188/david-frost, Chrysler Championship - (10/28-10/31), 2004, 1, 560, 5, 4, 2, 435, 4, 4, 3, 455, 4, 5, 4, 195, 3, 3, 5, 605, 5, 5, 6, 465, 4, 4, 7, 420, 4, 4, 8, 235, 3, 4, 9, 430, 4, 5, 10, 445, 4, 4, 11, 575, 5, 5, 12, 380, 4, 4, 13, 200, 3, 4, 14, 590, 5, 4, 15, 215, 3, 3, 16, 475, 4, 5, 17, 215, 3, 3, 18, 445, 4, 3, 
http://espn.go.com/golf/player/scorecards/_/id/148/year/2004/tournamentId/188/david-frost, Chrysler Championship - (10/28-10/31), 2004, 1, 560, 5, 4, 2, 435, 4, 4, 3, 455, 4, 4, 4, 195, 3, 3, 5, 605, 5, 6, 6, 465, 4, 4, 7, 420, 4, 3, 8, 235, 3, 3, 9, 430, 4, 4, 10, 445, 4, 4, 11, 575, 5, 5, 12, 380, 4, 4, 13, 200, 3, 3, 14, 590, 5, 5, 15, 215, 3, 3, 16, 475, 4, 3, 17, 215, 3, 3, 18, 445, 4, 4, 
http://espn.go.com/golf/player/scorecards/_/id/148/year/2004/tournamentId/188/david-frost, Chrysler Championship - (10/28-10/31), 2004, 1, 560, 5, 5, 2, 435, 4, 4, 3, 455, 4, 4, 4, 195, 3, 3, 5, 605, 5, 5, 6, 465, 4, 4, 7, 420, 4, 5, 8, 235, 3, 3, 9, 430, 4, 4, 10, 445, 4, 5, 11, 575, 5, 4, 12, 380, 4, 5, 13, 200, 3, 3, 14, 590, 5, 5, 15, 215, 3, 3, 16, 475, 4, 5, 17, 215, 3, 2, 18, 445, 4, 4, 
http://espn.go.com/golf/player/scorecards/_/id/148/year/2005/tournamentId/200/david-frost, AT&T Pebble Beach National Pro-Am - (02/10-02/13), 2005, 1, 381, 4, 4, 2, 502, 5, 5, 3, 390, 4, 4, 4, 331, 4, 4, 5, 188, 3, 3, 6, 513, 5, 5, 7, 106, 3, 3, 8, 418, 4, 3, 9, 466, 4, 5, 10, 446, 4, 4, 11, 380, 4, 4, 12, 202, 3, 3, 13, 399, 4, 4, 14, 573, 5, 5, 15, 397, 4, 5, 16, 403, 4, 3, 17, 178, 3, 4, 18, 543, 5, 8, 
http://espn.go.com/golf/player/scorecards/_/id/148/year/2005/tournamentId/200/david-frost, AT&T Pebble Beach National Pro-Am - (02/10-02/13), 2005, 1, 413, 4, 4, 2, 172, 3, 3, 3, 406, 4, 4, 4, 603, 5, 5, 5, 428, 4, 4, 6, 180, 3, 3, 7, 395, 4, 4, 8, 383, 4, 5, 9, 555, 5, 4, 10, 516, 5, 5, 11, 210, 3, 3, 12, 531, 5, 4, 13, 396, 4, 4, 14, 415, 4, 4, 15, 230, 3, 2, 16, 439, 4, 3, 17, 170, 3, 3, 18, 502, 5, 4, 
http://espn.go.com/golf/player/scorecards/_/id/148/year/2005/tournamentId/200/david-frost, AT&T Pebble Beach National Pro-Am - (02/10-02/13), 2005, 1, 595, 5, 5, 2, 349, 4, 5, 3, 165, 3, 3, 4, 370, 4, 6, 5, 197, 3, 4, 6, 446, 4, 3, 7, 529, 5, 4, 8, 399, 4, 4, 9, 431, 4, 4, 10, 407, 4, 3, 11, 528, 5, 5, 12, 178, 3, 3, 13, 460, 4, 4, 14, 560, 5, 6, 15, 130, 3, 4, 16, 476, 4, 4, 17, 325, 4, 3, 18, 408, 4, 4, 
http://espn.go.com/golf/player/scorecards/_/id/148/year/2005/tournamentId/197/david-frost, Chrysler Classic of Tucson - (02/24-02/27), 2005, 1, 410, 4, 4, 2, 495, 5, 4, 3, 377, 4, 4, 4, 170, 3, 3, 5, 395, 4, 4, 6, 426, 4, 4, 7, 247, 3, 3, 8, 587, 5, 5, 9, 440, 4, 3, 10, 501, 5, 5, 11, 431, 4, 5, 12, 182, 3, 3, 13, 406, 4, 4, 14, 405, 4, 4, 15, 663, 5, 6, 16, 427, 4, 4, 17, 186, 3, 3, 18, 465, 4, 4, 
http://espn.go.com/golf/player/scorecards/_/id/148/year/2005/tournamentId/197/david-frost, Chrysler Classic of Tucson - (02/24-02/27), 2005, 1, 410, 4, 4, 2, 495, 5, 4, 3, 377, 4, 3, 4, 170, 3, 3, 5, 395, 4, 4, 6, 426, 4, 4, 7, 247, 3, 3, 8, 587, 5, 5, 9, 440, 4, 6, 10, 501, 5, 6, 11, 431, 4, 3, 12, 182, 3, 4, 13, 406, 4, 5, 14, 405, 4, 3, 15, 663, 5, 4, 16, 427, 4, 3, 17, 186, 3, 3, 18, 465, 4, 6, 
http://espn.go.com/golf/player/scorecards/_/id/148/year/2005/tournamentId/197/david-frost, Chrysler Classic of Tucson - (02/24-02/27), 2005, 1, 410, 4, 4, 2, 495, 5, 4, 3, 377, 4, 3, 4, 170, 3, 3, 5, 395, 4, 4, 6, 426, 4, 4, 7, 247, 3, 3, 8, 587, 5, 4, 9, 440, 4, 4, 10, 501, 5, 5, 11, 431, 4, 3, 12, 182, 3, 3, 13, 406, 4, 4, 14, 405, 4, 3, 15, 663, 5, 5, 16, 427, 4, 5, 17, 186, 3, 2, 18, 465, 4, 4, 
http://espn.go.com/golf/player/scorecards/_/id/148/year/2005/tournamentId/197/david-frost, Chrysler Classic of Tucson - (02/24-02/27), 2005, 1, 410, 4, 4, 2, 495, 5, 5, 3, 377, 4, 4, 4, 170, 3, 3, 5, 395, 4, 3, 6, 426, 4, 4, 7, 247, 3, 2, 8, 587, 5, 4, 9, 440, 4, 4, 10, 501, 5, 4, 11, 431, 4, 4, 12, 182, 3, 2, 13, 406, 4, 4, 14, 405, 4, 4, 15, 663, 5, 5, 16, 427, 4, 4, 17, 186, 3, 3, 18, 465, 4, 4, 
http://espn.go.com/golf/player/scorecards/_/id/148/year/2005/tournamentId/211/david-frost, MCI Heritage - (04/14-04/17), 2005, 1, 410, 4, 4, 2, 502, 5, 4, 3, 469, 4, 4, 4, 200, 3, 4, 5, 540, 5, 6, 6, 419, 4, 4, 7, 195, 3, 3, 8, 473, 4, 4, 9, 332, 4, 4, 10, 451, 4, 4, 11, 436, 4, 4, 12, 430, 4, 4, 13, 373, 4, 6, 14, 192, 3, 3, 15, 588, 5, 5, 16, 434, 4, 3, 17, 185, 3, 3, 18, 472, 4, 4, 
http://espn.go.com/golf/player/scorecards/_/id/148/year/2005/tournamentId/211/david-frost, MCI Heritage - (04/14-04/17), 2005, 1, 410, 4, 6, 2, 502, 5, 5, 3, 469, 4, 4, 4, 200, 3, 3, 5, 540, 5, 4, 6, 419, 4, 4, 7, 195, 3, 3, 8, 473, 4, 4, 9, 332, 4, 4, 10, 451, 4, 4, 11, 436, 4, 5, 12, 430, 4, 4, 13, 373, 4, 4, 14, 192, 3, 3, 15, 588, 5, 4, 16, 434, 4, 4, 17, 185, 3, 5, 18, 472, 4, 4, 
http://espn.go.com/golf/player/scorecards/_/id/148/year/2005/tournamentId/211/david-frost, MCI Heritage - (04/14-04/17), 2005, 1, 410, 4, 5, 2, 502, 5, 4, 3, 469, 4, 5, 4, 200, 3, 4, 5, 540, 5, 5, 6, 419, 4, 5, 7, 195, 3, 4, 8, 473, 4, 4, 9, 332, 4, 3, 10, 451, 4, 4, 11, 436, 4, 5, 12, 430, 4, 4, 13, 373, 4, 3, 14, 192, 3, 3, 15, 588, 5, 6, 16, 434, 4, 5, 17, 185, 3, 3, 18, 472, 4, 3, 
http://espn.go.com/golf/player/scorecards/_/id/148/year/2005/tournamentId/211/david-frost, MCI Heritage - (04/14-04/17), 2005, 1, 410, 4, 4, 2, 502, 5, 4, 3, 469, 4, 4, 4, 200, 3, 3, 5, 540, 5, 4, 6, 419, 4, 4, 7, 195, 3, 3, 8, 473, 4, 5, 9, 332, 4, 3, 10, 451, 4, 4, 11, 436, 4, 4, 12, 430, 4, 4, 13, 373, 4, 4, 14, 192, 3, 2, 15, 588, 5, 4, 16, 434, 4, 4, 17, 185, 3, 3, 18, 472, 4, 5, 
http://espn.go.com/golf/player/scorecards/_/id/148/year/2005/tournamentId/207/david-frost, Zurich Classic of New Orleans - (04/28-05/01), 2005, 1, 399, 4, 4, 2, 548, 5, 4, 3, 221, 3, 3, 4, 482, 4, 5, 5, 438, 4, 5, 6, 476, 4, 5, 7, 561, 5, 4, 8, 372, 4, 4, 9, 207, 3, 3, 10, 390, 4, 4, 11, 575, 5, 5, 12, 492, 4, 3, 13, 403, 4, 4, 14, 216, 3, 3, 15, 490, 4, 4, 16, 355, 4, 4, 17, 215, 3, 3, 18, 585, 5, 5, 
http://espn.go.com/golf/player/scorecards/_/id/148/year/2005/tournamentId/207/david-frost, Zurich Classic of New Orleans - (04/28-05/01), 2005, 1, 399, 4, 4, 2, 548, 5, 5, 3, 221, 3, 4, 4, 482, 4, 3, 5, 438, 4, 5, 6, 476, 4, 4, 7, 561, 5, 5, 8, 372, 4, 4, 9, 207, 3, 4, 10, 390, 4, 5, 11, 575, 5, 5, 12, 492, 4, 4, 13, 403, 4, 4, 14, 216, 3, 4, 15, 490, 4, 4, 16, 355, 4, 4, 17, 215, 3, 2, 18, 585, 5, 6, 
http://espn.go.com/golf/player/scorecards/_/id/148/year/2005/tournamentId/215/david-frost, Bank of America Colonial - (05/19-05/22), 2005, 1, 565, 5, 5, 2, 389, 4, 5, 3, 483, 4, 4, 4, 247, 3, 3, 5, 481, 4, 5, 6, 406, 4, 5, 7, 440, 4, 5, 8, 194, 3, 3, 9, 407, 4, 4, 10, 408, 4, 5, 11, 635, 5, 6, 12, 445, 4, 4, 13, 190, 3, 5, 14, 464, 4, 5, 15, 430, 4, 7, 16, 192, 3, 3, 17, 387, 4, 4, 18, 441, 4, 4, 
http://espn.go.com/golf/player/scorecards/_/id/148/year/2005/tournamentId/215/david-frost, Bank of America Colonial - (05/19-05/22), 2005, 1, 565, 5, 4, 2, 389, 4, 5, 3, 483, 4, 5, 4, 247, 3, 3, 5, 481, 4, 7, 6, 406, 4, 4, 7, 440, 4, 4, 8, 194, 3, 3, 9, 407, 4, 7, 10, 408, 4, 4, 11, 635, 5, 5, 12, 445, 4, 4, 13, 190, 3, 2, 14, 464, 4, 5, 15, 430, 4, 5, 16, 192, 3, 3, 17, 387, 4, 4, 18, 441, 4, 4, 
http://espn.go.com/golf/player/scorecards/_/id/148/year/2005/tournamentId/220/david-frost, FedEx St. Jude Classic - (05/26-05/29), 2005, 1, 434, 4, 3, 2, 401, 4, 4, 3, 554, 5, 5, 4, 196, 3, 4, 5, 485, 4, 4, 6, 445, 4, 4, 7, 482, 4, 5, 8, 178, 3, 4, 9, 457, 4, 5, 10, 465, 4, 4, 11, 157, 3, 2, 12, 406, 4, 6, 13, 472, 4, 4, 14, 239, 3, 6, 15, 395, 4, 4, 16, 530, 5, 4, 17, 490, 4, 5, 18, 453, 4, 5, 
http://espn.go.com/golf/player/scorecards/_/id/148/year/2005/tournamentId/223/david-frost, British Open Championship - (07/14-07/17), 2005, 1, 376, 4, 3, 2, 453, 4, 4, 3, 397, 4, 4, 4, 480, 4, 4, 5, 568, 5, 4, 6, 412, 4, 4, 7, 371, 4, 4, 8, 175, 3, 3, 9, 352, 4, 4, 10, 386, 4, 4, 11, 174, 3, 4, 12, 348, 4, 3, 13, 465, 4, 3, 14, 618, 5, 5, 15, 455, 4, 4, 16, 423, 4, 4, 17, 495, 4, 4, 18, 357, 4, 4, 
http://espn.go.com/golf/player/scorecards/_/id/148/year/2005/tournamentId/223/david-frost, British Open Championship - (07/14-07/17), 2005, 1, 376, 4, 4, 2, 453, 4, 4, 3, 397, 4, 4, 4, 480, 4, 4, 5, 568, 5, 4, 6, 412, 4, 4, 7, 371, 4, 4, 8, 175, 3, 3, 9, 352, 4, 4, 10, 386, 4, 4, 11, 174, 3, 4, 12, 348, 4, 4, 13, 465, 4, 5, 14, 618, 5, 5, 15, 455, 4, 4, 16, 423, 4, 4, 17, 495, 4, 4, 18, 357, 4, 3, 
http://espn.go.com/golf/player/scorecards/_/id/148/year/2005/tournamentId/223/david-frost, British Open Championship - (07/14-07/17), 2005, 1, 376, 4, 3, 2, 453, 4, 6, 3, 397, 4, 3, 4, 480, 4, 4, 5, 568, 5, 4, 6, 412, 4, 3, 7, 371, 4, 4, 8, 175, 3, 3, 9, 352, 4, 4, 10, 386, 4, 5, 11, 174, 3, 3, 12, 348, 4, 4, 13, 465, 4, 5, 14, 618, 5, 5, 15, 455, 4, 4, 16, 423, 4, 5, 17, 495, 4, 7, 18, 357, 4, 5, 
http://espn.go.com/golf/player/scorecards/_/id/148/year/2005/tournamentId/223/david-frost, British Open Championship - (07/14-07/17), 2005, 1, 376, 4, 4, 2, 453, 4, 3, 3, 397, 4, 4, 4, 480, 4, 4, 5, 568, 5, 4, 6, 412, 4, 3, 7, 371, 4, 3, 8, 175, 3, 3, 9, 352, 4, 4, 10, 386, 4, 3, 11, 174, 3, 3, 12, 348, 4, 4, 13, 465, 4, 4, 14, 618, 5, 5, 15, 455, 4, 3, 16, 423, 4, 4, 17, 495, 4, 4, 18, 357, 4, 3, 
http://espn.go.com/golf/player/scorecards/_/id/148/year/2005/tournamentId/221/david-frost, Buick Championship - (08/25-08/28), 2005, 1, 434, 4, 8, 2, 341, 4, 3, 3, 431, 4, 4, 4, 481, 4, 4, 5, 223, 3, 3, 6, 574, 5, 4, 7, 443, 4, 4, 8, 202, 3, 3, 9, 406, 4, 5, 10, 462, 4, 4, 11, 158, 3, 3, 12, 411, 4, 4, 13, 523, 5, 5, 14, 421, 4, 4, 15, 296, 4, 5, 16, 171, 3, 3, 17, 433, 4, 4, 18, 444, 4, 4, 
http://espn.go.com/golf/player/scorecards/_/id/148/year/2005/tournamentId/221/david-frost, Buick Championship - (08/25-08/28), 2005, 1, 434, 4, 4, 2, 341, 4, 3, 3, 431, 4, 4, 4, 481, 4, 3, 5, 223, 3, 3, 6, 574, 5, 5, 7, 443, 4, 4, 8, 202, 3, 2, 9, 406, 4, 5, 10, 462, 4, 4, 11, 158, 3, 3, 12, 411, 4, 4, 13, 523, 5, 5, 14, 421, 4, 4, 15, 296, 4, 4, 16, 171, 3, 4, 17, 433, 4, 6, 18, 444, 4, 4, 
http://espn.go.com/golf/player/scorecards/_/id/148/year/2005/tournamentId/230/david-frost, Bell Canadian Open - (09/08-09/11), 2005, 1, 475, 4, 4, 2, 389, 4, 4, 3, 200, 3, 3, 4, 418, 4, 4, 5, 471, 4, 4, 6, 428, 4, 4, 7, 551, 5, 5, 8, 210, 3, 4, 9, 421, 4, 4, 10, 453, 4, 5, 11, 485, 4, 5, 12, 173, 3, 3, 13, 442, 4, 4, 14, 315, 4, 4, 15, 577, 5, 4, 16, 372, 4, 4, 17, 158, 3, 4, 18, 472, 4, 5, 
http://espn.go.com/golf/player/scorecards/_/id/148/year/2005/tournamentId/230/david-frost, Bell Canadian Open - (09/08-09/11), 2005, 1, 475, 4, 5, 2, 389, 4, 4, 3, 200, 3, 3, 4, 418, 4, 4, 5, 471, 4, 4, 6, 428, 4, 4, 7, 551, 5, 5, 8, 210, 3, 3, 9, 421, 4, 4, 10, 453, 4, 5, 11, 485, 4, 4, 12, 173, 3, 3, 13, 442, 4, 4, 14, 315, 4, 4, 15, 577, 5, 5, 16, 372, 4, 4, 17, 158, 3, 3, 18, 472, 4, 4, 
http://espn.go.com/golf/player/scorecards/_/id/148/year/2005/tournamentId/235/david-frost, Valero Texas Open - (09/22-09/25), 2005, 1, 665, 5, , 2, 448, 4, , 3, 202, 3, , 4, 444, 4, , 5, 494, 4, , 6, 162, 3, , 7, 316, 4, , 8, 361, 4, , 9, 380, 4, , 10, 460, 4, , 11, 427, 4, , 12, 415, 4, , 13, 142, 3, , 14, 527, 5, , 15, 446, 4, , 16, 380, 4, , 17, 186, 3, , 18, 426, 4, , 
http://espn.go.com/golf/player/scorecards/_/id/148/year/2006/tournamentId/252/david-frost, AT&T Pebble Beach National Pro-Am - (02/09-02/12), 2006, 1, 595, 5, 6, 2, 349, 4, 4, 3, 165, 3, 3, 4, 370, 4, 4, 5, 197, 3, 4, 6, 446, 4, 5, 7, 529, 5, 5, 8, 399, 4, 4, 9, 431, 4, 4, 10, 407, 4, 5, 11, 528, 5, 5, 12, 178, 3, 5, 13, 460, 4, 5, 14, 560, 5, 5, 15, 130, 3, 4, 16, 476, 4, 4, 17, 325, 4, 5, 18, 408, 4, 4, 
http://espn.go.com/golf/player/scorecards/_/id/148/year/2006/tournamentId/252/david-frost, AT&T Pebble Beach National Pro-Am - (02/09-02/12), 2006, 1, 413, 4, 4, 2, 172, 3, 4, 3, 406, 4, 4, 4, 603, 5, 5, 5, 428, 4, 4, 6, 180, 3, 2, 7, 395, 4, 4, 8, 383, 4, 4, 9, 555, 5, 5, 10, 516, 5, 6, 11, 210, 3, 4, 12, 531, 5, 5, 13, 396, 4, 5, 14, 415, 4, 5, 15, 230, 3, 3, 16, 439, 4, 4, 17, 170, 3, 4, 18, 502, 5, 5, 
http://espn.go.com/golf/player/scorecards/_/id/148/year/2006/tournamentId/252/david-frost, AT&T Pebble Beach National Pro-Am - (02/09-02/12), 2006, 1, 381, 4, 5, 2, 502, 5, 5, 3, 390, 4, 4, 4, 331, 4, 4, 5, 188, 3, 3, 6, 513, 5, 5, 7, 106, 3, 3, 8, 418, 4, 5, 9, 466, 4, 4, 10, 446, 4, 5, 11, 380, 4, 5, 12, 202, 3, 3, 13, 399, 4, 4, 14, 573, 5, 7, 15, 397, 4, 4, 16, 403, 4, 4, 17, 178, 3, 3, 18, 543, 5, 5, 
http://espn.go.com/golf/player/scorecards/_/id/148/year/2006/tournamentId/265/david-frost, Bank of America Colonial - (05/18-05/21), 2006, 1, 565, 5, 5, 2, 389, 4, 4, 3, 483, 4, 4, 4, 247, 3, 4, 5, 481, 4, 4, 6, 406, 4, 3, 7, 440, 4, 4, 8, 194, 3, 3, 9, 407, 4, 3, 10, 408, 4, 4, 11, 635, 5, 5, 12, 445, 4, 3, 13, 190, 3, 3, 14, 464, 4, 3, 15, 430, 4, 4, 16, 192, 3, 4, 17, 387, 4, 3, 18, 441, 4, 4, 
http://espn.go.com/golf/player/scorecards/_/id/148/year/2006/tournamentId/265/david-frost, Bank of America Colonial - (05/18-05/21), 2006, 1, 565, 5, 5, 2, 389, 4, 4, 3, 483, 4, 4, 4, 247, 3, 3, 5, 481, 4, 5, 6, 406, 4, 5, 7, 440, 4, 3, 8, 194, 3, 3, 9, 407, 4, 4, 10, 408, 4, 4, 11, 635, 5, 5, 12, 445, 4, 4, 13, 190, 3, 4, 14, 464, 4, 5, 15, 430, 4, 4, 16, 192, 3, 4, 17, 387, 4, 4, 18, 441, 4, 3, 
http://espn.go.com/golf/player/scorecards/_/id/148/year/2006/tournamentId/265/david-frost, Bank of America Colonial - (05/18-05/21), 2006, 1, 565, 5, 4, 2, 389, 4, 3, 3, 483, 4, 5, 4, 247, 3, 3, 5, 481, 4, 4, 6, 406, 4, 4, 7, 440, 4, 3, 8, 194, 3, 3, 9, 407, 4, 4, 10, 408, 4, 4, 11, 635, 5, 4, 12, 445, 4, 5, 13, 190, 3, 3, 14, 464, 4, 4, 15, 430, 4, 4, 16, 192, 3, 2, 17, 387, 4, 4, 18, 441, 4, 4, 
http://espn.go.com/golf/player/scorecards/_/id/148/year/2006/tournamentId/265/david-frost, Bank of America Colonial - (05/18-05/21), 2006, 1, 565, 5, 5, 2, 389, 4, 4, 3, 483, 4, 4, 4, 247, 3, 3, 5, 481, 4, 4, 6, 406, 4, 4, 7, 440, 4, 5, 8, 194, 3, 3, 9, 407, 4, 4, 10, 408, 4, 5, 11, 635, 5, 5, 12, 445, 4, 4, 13, 190, 3, 3, 14, 464, 4, 4, 15, 430, 4, 4, 16, 192, 3, 4, 17, 387, 4, 5, 18, 441, 4, 3, 
http://espn.go.com/golf/player/scorecards/_/id/148/year/2006/tournamentId/271/david-frost, Buick Championship - (06/29-07/02), 2006, 1, 434, 4, 5, 2, 341, 4, 4, 3, 431, 4, 4, 4, 481, 4, 4, 5, 223, 3, 3, 6, 574, 5, 4, 7, 443, 4, 5, 8, 202, 3, 3, 9, 406, 4, 4, 10, 462, 4, 5, 11, 158, 3, 3, 12, 411, 4, 4, 13, 523, 5, 5, 14, 421, 4, 3, 15, 296, 4, 3, 16, 171, 3, 3, 17, 433, 4, 4, 18, 444, 4, 5, 
http://espn.go.com/golf/player/scorecards/_/id/148/year/2006/tournamentId/271/david-frost, Buick Championship - (06/29-07/02), 2006, 1, 434, 4, 4, 2, 341, 4, 4, 3, 431, 4, 4, 4, 481, 4, 5, 5, 223, 3, 3, 6, 574, 5, 5, 7, 443, 4, 4, 8, 202, 3, 3, 9, 406, 4, 5, 10, 462, 4, 4, 11, 158, 3, 3, 12, 411, 4, 4, 13, 523, 5, 5, 14, 421, 4, 4, 15, 296, 4, 5, 16, 171, 3, 3, 17, 433, 4, 4, 18, 444, 4, 4, 
http://espn.go.com/golf/player/scorecards/_/id/148/year/2006/tournamentId/279/david-frost, B.C. Open presented by Turning Stone Resort - (07/20-07/23), 2006, 1, 398, 4, 4, 2, 447, 4, 5, 3, 198, 3, 2, 4, 414, 4, 4, 5, 550, 5, 4, 6, 185, 3, 3, 7, 433, 4, 5, 8, 576, 5, 5, 9, 479, 4, 4, 10, 422, 4, 4, 11, 230, 3, 3, 12, 580, 5, 6, 13, 439, 4, 5, 14, 410, 4, 4, 15, 442, 4, 4, 16, 177, 3, 2, 17, 478, 4, 4, 18, 624, 5, 5, 
http://espn.go.com/golf/player/scorecards/_/id/148/year/2006/tournamentId/279/david-frost, B.C. Open presented by Turning Stone Resort - (07/20-07/23), 2006, 1, 398, 4, 4, 2, 447, 4, 4, 3, 198, 3, 3, 4, 414, 4, 4, 5, 550, 5, 4, 6, 185, 3, 3, 7, 433, 4, 5, 8, 576, 5, 5, 9, 479, 4, 4, 10, 422, 4, 4, 11, 230, 3, 3, 12, 580, 5, 4, 13, 439, 4, 4, 14, 410, 4, 4, 15, 442, 4, 4, 16, 177, 3, 3, 17, 478, 4, 4, 18, 624, 5, 5, 
http://espn.go.com/golf/player/scorecards/_/id/148/year/2006/tournamentId/276/david-frost, U.S. Bank Championship in Milwaukee - (07/27-07/30), 2006, 1, 461, 4, 4, 2, 417, 4, 4, 3, 171, 3, 3, 4, 485, 4, 5, 5, 164, 3, 3, 6, 556, 5, 5, 7, 215, 3, 3, 8, 436, 4, 5, 9, 359, 4, 3, 10, 447, 4, 4, 11, 196, 3, 2, 12, 381, 4, 4, 13, 437, 4, 5, 14, 188, 3, 3, 15, 531, 5, 5, 16, 371, 4, 4, 17, 387, 4, 4, 18, 557, 5, 5, 
http://espn.go.com/golf/player/scorecards/_/id/148/year/2006/tournamentId/276/david-frost, U.S. Bank Championship in Milwaukee - (07/27-07/30), 2006, 1, 461, 4, 5, 2, 417, 4, 3, 3, 171, 3, 3, 4, 485, 4, 5, 5, 164, 3, 3, 6, 556, 5, 4, 7, 215, 3, 3, 8, 436, 4, 4, 9, 359, 4, 4, 10, 447, 4, 3, 11, 196, 3, 5, 12, 381, 4, 4, 13, 437, 4, 4, 14, 188, 3, 3, 15, 531, 5, 5, 16, 371, 4, 4, 17, 387, 4, 4, 18, 557, 5, 5, 
http://espn.go.com/golf/player/scorecards/_/id/148/year/2006/tournamentId/276/david-frost, U.S. Bank Championship in Milwaukee - (07/27-07/30), 2006, 1, 461, 4, 3, 2, 417, 4, 4, 3, 171, 3, 3, 4, 485, 4, 4, 5, 164, 3, 3, 6, 556, 5, 5, 7, 215, 3, 2, 8, 436, 4, 4, 9, 359, 4, 4, 10, 447, 4, 5, 11, 196, 3, 3, 12, 381, 4, 3, 13, 437, 4, 5, 14, 188, 3, 2, 15, 531, 5, 4, 16, 371, 4, 4, 17, 387, 4, 4, 18, 557, 5, 4, 
http://espn.go.com/golf/player/scorecards/_/id/148/year/2006/tournamentId/276/david-frost, U.S. Bank Championship in Milwaukee - (07/27-07/30), 2006, 1, 461, 4, 5, 2, 417, 4, 4, 3, 171, 3, 2, 4, 485, 4, 4, 5, 164, 3, 2, 6, 556, 5, 4, 7, 215, 3, 3, 8, 436, 4, 3, 9, 359, 4, 4, 10, 447, 4, 5, 11, 196, 3, 2, 12, 381, 4, 4, 13, 437, 4, 4, 14, 188, 3, 2, 15, 531, 5, 4, 16, 371, 4, 3, 17, 387, 4, 4, 18, 557, 5, 6, 
http://espn.go.com/golf/player/scorecards/_/id/148/year/2006/tournamentId/277/david-frost, Canadian Open - (09/07-09/10), 2006, 1, 417, 4, 4, 2, 442, 4, 4, 3, 408, 4, 4, 4, 542, 5, 4, 5, 317, 4, 4, 6, 224, 3, 3, 7, 412, 4, 3, 8, 210, 3, 3, 9, 440, 4, 5, 10, 392, 4, 5, 11, 481, 4, 5, 12, 388, 4, 5, 13, 236, 3, 4, 14, 450, 4, 5, 15, 423, 4, 3, 16, 188, 3, 3, 17, 550, 5, 5, 18, 446, 4, 5, 
http://espn.go.com/golf/player/scorecards/_/id/148/year/2006/tournamentId/277/david-frost, Canadian Open - (09/07-09/10), 2006, 1, 417, 4, 4, 2, 442, 4, 4, 3, 408, 4, 5, 4, 542, 5, 5, 5, 317, 4, 4, 6, 224, 3, 2, 7, 412, 4, 5, 8, 210, 3, 4, 9, 440, 4, 4, 10, 392, 4, 4, 11, 481, 4, 4, 12, 388, 4, 4, 13, 236, 3, 3, 14, 450, 4, 5, 15, 423, 4, 5, 16, 188, 3, 2, 17, 550, 5, 5, 18, 446, 4, 4, 
http://espn.go.com/golf/player/scorecards/_/id/148/year/2006/tournamentId/277/david-frost, Canadian Open - (09/07-09/10), 2006, 1, 417, 4, 4, 2, 442, 4, 4, 3, 408, 4, 5, 4, 542, 5, 5, 5, 317, 4, 3, 6, 224, 3, 3, 7, 412, 4, 4, 8, 210, 3, 3, 9, 440, 4, 4, 10, 392, 4, 4, 11, 481, 4, 5, 12, 388, 4, 4, 13, 236, 3, 2, 14, 450, 4, 4, 15, 423, 4, 4, 16, 188, 3, 3, 17, 550, 5, 5, 18, 446, 4, 4, 
http://espn.go.com/golf/player/scorecards/_/id/148/year/2006/tournamentId/277/david-frost, Canadian Open - (09/07-09/10), 2006, 1, 417, 4, 3, 2, 442, 4, 5, 3, 408, 4, 4, 4, 542, 5, 4, 5, 317, 4, 3, 6, 224, 3, 3, 7, 412, 4, 5, 8, 210, 3, 4, 9, 440, 4, 4, 10, 392, 4, 4, 11, 481, 4, 4, 12, 388, 4, 4, 13, 236, 3, 3, 14, 450, 4, 4, 15, 423, 4, 3, 16, 188, 3, 3, 17, 550, 5, 5, 18, 446, 4, 4, 
http://espn.go.com/golf/player/scorecards/_/id/148/year/2006/tournamentId/287/david-frost, Valero Texas Open - (09/21-09/24), 2006, 1, 665, 5, 5, 2, 448, 4, 4, 3, 202, 3, 3, 4, 444, 4, 4, 5, 494, 4, 4, 6, 162, 3, 3, 7, 316, 4, 4, 8, 361, 4, 4, 9, 380, 4, 4, 10, 460, 4, 5, 11, 427, 4, 4, 12, 415, 4, 3, 13, 142, 3, 2, 14, 527, 5, 4, 15, 446, 4, 4, 16, 380, 4, 4, 17, 186, 3, 3, 18, 426, 4, 5, 
http://espn.go.com/golf/player/scorecards/_/id/148/year/2006/tournamentId/287/david-frost, Valero Texas Open - (09/21-09/24), 2006, 1, 665, 5, 5, 2, 448, 4, 3, 3, 202, 3, 3, 4, 444, 4, 4, 5, 494, 4, 4, 6, 162, 3, 3, 7, 316, 4, 4, 8, 361, 4, 4, 9, 380, 4, 4, 10, 460, 4, 5, 11, 427, 4, 4, 12, 415, 4, 6, 13, 142, 3, 3, 14, 527, 5, 5, 15, 446, 4, 4, 16, 380, 4, 4, 17, 186, 3, 4, 18, 426, 4, 3, 
http://espn.go.com/golf/player/scorecards/_/id/148/year/2006/tournamentId/287/david-frost, Valero Texas Open - (09/21-09/24), 2006, 1, 665, 5, 5, 2, 448, 4, 4, 3, 202, 3, 3, 4, 444, 4, 3, 5, 494, 4, 5, 6, 162, 3, 3, 7, 316, 4, 4, 8, 361, 4, 3, 9, 380, 4, 4, 10, 460, 4, 4, 11, 427, 4, 4, 12, 415, 4, 4, 13, 142, 3, 2, 14, 527, 5, 4, 15, 446, 4, 5, 16, 380, 4, 3, 17, 186, 3, 3, 18, 426, 4, 4, 
http://espn.go.com/golf/player/scorecards/_/id/148/year/2006/tournamentId/287/david-frost, Valero Texas Open - (09/21-09/24), 2006, 1, 665, 5, 6, 2, 448, 4, 5, 3, 202, 3, 2, 4, 444, 4, 4, 5, 494, 4, 5, 6, 162, 3, 2, 7, 316, 4, 4, 8, 361, 4, 4, 9, 380, 4, 4, 10, 460, 4, 4, 11, 427, 4, 4, 12, 415, 4, 4, 13, 142, 3, 2, 14, 527, 5, 5, 15, 446, 4, 4, 16, 380, 4, 5, 17, 186, 3, 2, 18, 426, 4, 4, 
http://espn.go.com/golf/player/scorecards/_/id/148/year/2007/tournamentId/300/david-frost, AT&T Pebble Beach National Pro-Am - (02/08-02/11), 2007, 1, 595, 5, 6, 2, 349, 4, 4, 3, 165, 3, 3, 4, 370, 4, 4, 5, 197, 3, 3, 6, 446, 4, 5, 7, 529, 5, 5, 8, 399, 4, 5, 9, 431, 4, 4, 10, 407, 4, 4, 11, 528, 5, 5, 12, 178, 3, 3, 13, 460, 4, 4, 14, 560, 5, 5, 15, 130, 3, 2, 16, 476, 4, 4, 17, 325, 4, 4, 18, 408, 4, 4, 
http://espn.go.com/golf/player/scorecards/_/id/148/year/2007/tournamentId/300/david-frost, AT&T Pebble Beach National Pro-Am - (02/08-02/11), 2007, 1, 381, 4, 4, 2, 502, 5, 5, 3, 390, 4, 4, 4, 331, 4, 4, 5, 188, 3, 3, 6, 513, 5, 4, 7, 106, 3, 3, 8, 418, 4, 5, 9, 466, 4, 4, 10, 446, 4, 4, 11, 380, 4, 4, 12, 202, 3, 3, 13, 399, 4, 4, 14, 573, 5, 5, 15, 397, 4, 4, 16, 403, 4, 5, 17, 178, 3, 4, 18, 543, 5, 6, 
http://espn.go.com/golf/player/scorecards/_/id/148/year/2007/tournamentId/300/david-frost, AT&T Pebble Beach National Pro-Am - (02/08-02/11), 2007, 1, 413, 4, 6, 2, 172, 3, 3, 3, 406, 4, 5, 4, 603, 5, 5, 5, 428, 4, 4, 6, 180, 3, 3, 7, 395, 4, 5, 8, 383, 4, 5, 9, 555, 5, 5, 10, 516, 5, 4, 11, 210, 3, 3, 12, 531, 5, 4, 13, 396, 4, 4, 14, 415, 4, 4, 15, 230, 3, 2, 16, 439, 4, 5, 17, 170, 3, 3, 18, 502, 5, 6, 
http://espn.go.com/golf/player/scorecards/_/id/148/year/2007/tournamentId/313/david-frost, Crowne Plaza Invitational at Colonial - (05/24-05/27), 2007, 1, 565, 5, 5, 2, 389, 4, 4, 3, 483, 4, 5, 4, 247, 3, 4, 5, 481, 4, 4, 6, 406, 4, 3, 7, 440, 4, 4, 8, 194, 3, 3, 9, 407, 4, 4, 10, 408, 4, 4, 11, 635, 5, 6, 12, 445, 4, 4, 13, 190, 3, 3, 14, 464, 4, 5, 15, 430, 4, 4, 16, 192, 3, 4, 17, 387, 4, 4, 18, 441, 4, 4, 
http://espn.go.com/golf/player/scorecards/_/id/148/year/2007/tournamentId/313/david-frost, Crowne Plaza Invitational at Colonial - (05/24-05/27), 2007, 1, 565, 5, 5, 2, 389, 4, 4, 3, 483, 4, 5, 4, 247, 3, 3, 5, 481, 4, 4, 6, 406, 4, 4, 7, 440, 4, 4, 8, 194, 3, 3, 9, 407, 4, 4, 10, 408, 4, 4, 11, 635, 5, 4, 12, 445, 4, 6, 13, 190, 3, 3, 14, 464, 4, 4, 15, 430, 4, 4, 16, 192, 3, 2, 17, 387, 4, 4, 18, 441, 4, 4, 
http://espn.go.com/golf/player/scorecards/_/id/148/year/2007/tournamentId/320/david-frost, British Open Championship - (07/19-07/22), 2007, 1, 406, 4, 4, 2, 463, 4, 4, 3, 358, 4, 5, 4, 412, 4, 3, 5, 415, 4, 5, 6, 578, 5, 5, 7, 410, 4, 4, 8, 183, 3, 3, 9, 478, 4, 4, 10, 466, 4, 4, 11, 383, 4, 4, 12, 499, 4, 4, 13, 176, 3, 3, 14, 514, 5, 5, 15, 472, 4, 5, 16, 248, 3, 4, 17, 461, 4, 4, 18, 499, 4, 5, 
http://espn.go.com/golf/player/scorecards/_/id/148/year/2007/tournamentId/320/david-frost, British Open Championship - (07/19-07/22), 2007, 1, 406, 4, 4, 2, 463, 4, 5, 3, 358, 4, 4, 4, 412, 4, 4, 5, 415, 4, 5, 6, 578, 5, 4, 7, 410, 4, 3, 8, 183, 3, 3, 9, 478, 4, 4, 10, 466, 4, 5, 11, 383, 4, 4, 12, 499, 4, 5, 13, 176, 3, 3, 14, 514, 5, 5, 15, 472, 4, 4, 16, 248, 3, 4, 17, 461, 4, 4, 18, 499, 4, 4, 
http://espn.go.com/golf/player/scorecards/_/id/148/year/2008/tournamentId/416/david-frost, AT&T Pebble Beach National Pro-Am - (02/07-02/10), 2008, 1, 595, 5, 5, 2, 349, 4, 4, 3, 165, 3, 3, 4, 370, 4, 3, 5, 197, 3, 4, 6, 446, 4, 4, 7, 529, 5, 5, 8, 399, 4, 4, 9, 431, 4, 4, 10, 407, 4, 5, 11, 528, 5, 5, 12, 178, 3, 4, 13, 460, 4, 4, 14, 560, 5, 5, 15, 130, 3, 2, 16, 476, 4, 5, 17, 325, 4, 4, 18, 408, 4, 4, 
http://espn.go.com/golf/player/scorecards/_/id/148/year/2008/tournamentId/416/david-frost, AT&T Pebble Beach National Pro-Am - (02/07-02/10), 2008, 1, 413, 4, 4, 2, 172, 3, 3, 3, 406, 4, 4, 4, 603, 5, 4, 5, 428, 4, 4, 6, 180, 3, 3, 7, 395, 4, 5, 8, 383, 4, 4, 9, 555, 5, 5, 10, 516, 5, 5, 11, 210, 3, 3, 12, 531, 5, 4, 13, 396, 4, 4, 14, 415, 4, 4, 15, 230, 3, 2, 16, 439, 4, 5, 17, 170, 3, 4, 18, 502, 5, 5, 
http://espn.go.com/golf/player/scorecards/_/id/148/year/2008/tournamentId/416/david-frost, AT&T Pebble Beach National Pro-Am - (02/07-02/10), 2008, 1, 381, 4, 3, 2, 502, 5, 4, 3, 390, 4, 4, 4, 331, 4, 5, 5, 188, 3, 3, 6, 513, 5, 4, 7, 106, 3, 2, 8, 418, 4, 4, 9, 466, 4, 4, 10, 446, 4, 5, 11, 380, 4, 4, 12, 202, 3, 4, 13, 399, 4, 4, 14, 573, 5, 5, 15, 397, 4, 4, 16, 403, 4, 4, 17, 178, 3, 3, 18, 543, 5, 5, 
http://espn.go.com/golf/player/scorecards/_/id/148/year/2008/tournamentId/430/david-frost, Crowne Plaza Invitational at Colonial - (05/22-05/25), 2008, 1, 565, 5, 4, 2, 389, 4, 4, 3, 483, 4, 4, 4, 247, 3, 4, 5, 481, 4, 4, 6, 406, 4, 4, 7, 440, 4, 4, 8, 194, 3, 3, 9, 407, 4, 5, 10, 408, 4, 5, 11, 635, 5, 4, 12, 445, 4, 3, 13, 190, 3, 3, 14, 464, 4, 4, 15, 430, 4, 5, 16, 192, 3, 4, 17, 387, 4, 3, 18, 441, 4, 4, 
http://espn.go.com/golf/player/scorecards/_/id/148/year/2008/tournamentId/430/david-frost, Crowne Plaza Invitational at Colonial - (05/22-05/25), 2008, 1, 565, 5, 4, 2, 389, 4, 3, 3, 483, 4, 4, 4, 247, 3, 3, 5, 481, 4, 5, 6, 406, 4, 4, 7, 440, 4, 4, 8, 194, 3, 3, 9, 407, 4, 4, 10, 408, 4, 4, 11, 635, 5, 5, 12, 445, 4, 4, 13, 190, 3, 3, 14, 464, 4, 6, 15, 430, 4, 5, 16, 192, 3, 3, 17, 387, 4, 4, 18, 441, 4, 4, 
http://espn.go.com/golf/player/scorecards/_/id/148/year/2008/tournamentId/411/david-frost, British Open Championship - (07/17-07/20), 2008, 1, 450, 4, 6, 2, 421, 4, 6, 3, 451, 4, 5, 4, 201, 3, 3, 5, 346, 4, 4, 6, 499, 4, 6, 7, 178, 3, 4, 8, 457, 4, 4, 9, 414, 4, 4, 10, 408, 4, 4, 11, 436, 4, 4, 12, 184, 3, 4, 13, 499, 4, 3, 14, 201, 3, 3, 15, 544, 5, 4, 16, 439, 4, 4, 17, 572, 5, 4, 18, 473, 4, 4, 
http://espn.go.com/golf/player/scorecards/_/id/148/year/2008/tournamentId/411/david-frost, British Open Championship - (07/17-07/20), 2008, 1, 450, 4, 4, 2, 421, 4, 4, 3, 451, 4, 4, 4, 201, 3, 3, 5, 346, 4, 4, 6, 499, 4, 4, 7, 178, 3, 3, 8, 457, 4, 5, 9, 414, 4, 4, 10, 408, 4, 4, 11, 436, 4, 4, 12, 184, 3, 4, 13, 499, 4, 5, 14, 201, 3, 3, 15, 544, 5, 5, 16, 439, 4, 5, 17, 572, 5, 4, 18, 473, 4, 4, 
http://espn.go.com/golf/player/scorecards/_/id/148/year/2008/tournamentId/411/david-frost, British Open Championship - (07/17-07/20), 2008, 1, 450, 4, 4, 2, 421, 4, 5, 3, 451, 4, 5, 4, 201, 3, 3, 5, 346, 4, 4, 6, 499, 4, 5, 7, 178, 3, 3, 8, 457, 4, 4, 9, 414, 4, 3, 10, 408, 4, 5, 11, 436, 4, 4, 12, 184, 3, 2, 13, 499, 4, 5, 14, 201, 3, 2, 15, 544, 5, 6, 16, 439, 4, 4, 17, 572, 5, 4, 18, 473, 4, 5, 
http://espn.go.com/golf/player/scorecards/_/id/148/year/2008/tournamentId/411/david-frost, British Open Championship - (07/17-07/20), 2008, 1, 450, 4, 5, 2, 421, 4, 4, 3, 451, 4, 4, 4, 201, 3, 3, 5, 346, 4, 5, 6, 499, 4, 5, 7, 178, 3, 3, 8, 457, 4, 4, 9, 414, 4, 4, 10, 408, 4, 4, 11, 436, 4, 5, 12, 184, 3, 2, 13, 499, 4, 4, 14, 201, 3, 3, 15, 544, 5, 5, 16, 439, 4, 5, 17, 572, 5, 5, 18, 473, 4, 5, 
http://espn.go.com/golf/player/scorecards/_/id/148/year/2010/tournamentId/797/david-frost, U.S. Open Championship - (06/17-06/20), 2010, 1, 380, 4, 6, 2, 502, 4, 5, 3, 404, 4, 3, 4, 331, 4, 4, 5, 195, 3, 3, 6, 523, 5, 5, 7, 109, 3, 3, 8, 428, 4, 6, 9, 505, 4, 4, 10, 495, 4, 4, 11, 390, 4, 4, 12, 202, 3, 2, 13, 445, 4, 5, 14, 580, 5, 5, 15, 397, 4, 4, 16, 403, 4, 5, 17, 208, 3, 5, 18, 543, 5, 5, 
http://espn.go.com/golf/player/scorecards/_/id/148/year/2010/tournamentId/797/david-frost, U.S. Open Championship - (06/17-06/20), 2010, 1, 380, 4, 4, 2, 502, 4, 5, 3, 404, 4, 4, 4, 331, 4, 4, 5, 195, 3, 3, 6, 523, 5, 4, 7, 109, 3, 3, 8, 428, 4, 4, 9, 505, 4, 5, 10, 495, 4, 5, 11, 390, 4, 4, 12, 202, 3, 3, 13, 445, 4, 4, 14, 580, 5, 4, 15, 397, 4, 3, 16, 403, 4, 5, 17, 208, 3, 4, 18, 543, 5, 5, 
http://espn.go.com/golf/player/scorecards/_/id/148/year/2011/tournamentId/907/david-frost, Crowne Plaza Invitational at Colonial - (05/19-05/22), 2011, 1, 565, 5, 5, 2, 389, 4, 4, 3, 483, 4, 4, 4, 247, 3, 3, 5, 481, 4, 4, 6, 406, 4, 4, 7, 440, 4, 4, 8, 194, 3, 2, 9, 407, 4, 6, 10, 408, 4, 3, 11, 635, 5, 5, 12, 445, 4, 4, 13, 190, 3, 2, 14, 464, 4, 4, 15, 430, 4, 4, 16, 192, 3, 4, 17, 387, 4, 4, 18, 441, 4, 5, 
http://espn.go.com/golf/player/scorecards/_/id/148/year/2011/tournamentId/907/david-frost, Crowne Plaza Invitational at Colonial - (05/19-05/22), 2011, 1, 565, 5, 4, 2, 389, 4, 4, 3, 483, 4, 3, 4, 247, 3, 3, 5, 481, 4, 4, 6, 406, 4, 4, 7, 440, 4, 4, 8, 194, 3, 3, 9, 407, 4, 4, 10, 408, 4, 4, 11, 635, 5, 6, 12, 445, 4, 5, 13, 190, 3, 3, 14, 464, 4, 4, 15, 430, 4, 4, 16, 192, 3, 2, 17, 387, 4, 4, 18, 441, 4, 5, 
http://espn.go.com/golf/player/scorecards/_/id/148/tournamentId/1197/david-frost, Crowne Plaza Invitational at Colonial - (05/23-05/26), 2013, 1, 565, 5, 4, 2, 389, 4, 4, 3, 483, 4, 4, 4, 247, 3, 3, 5, 481, 4, 4, 6, 406, 4, 3, 7, 440, 4, 3, 8, 194, 3, 3, 9, 407, 4, 4, 10, 408, 4, 3, 11, 635, 5, 7, 12, 445, 4, 4, 13, 190, 3, 3, 14, 464, 4, 4, 15, 430, 4, 5, 16, 192, 3, 3, 17, 387, 4, 4, 18, 441, 4, 4, 
http://espn.go.com/golf/player/scorecards/_/id/148/tournamentId/1197/david-frost, Crowne Plaza Invitational at Colonial - (05/23-05/26), 2013, 1, 565, 5, 5, 2, 389, 4, 5, 3, 483, 4, 4, 4, 247, 3, 3, 5, 481, 4, 4, 6, 406, 4, 4, 7, 440, 4, 4, 8, 194, 3, 3, 9, 407, 4, 4, 10, 408, 4, 5, 11, 635, 5, 4, 12, 445, 4, 5, 13, 190, 3, 3, 14, 464, 4, 4, 15, 430, 4, 4, 16, 192, 3, 3, 17, 387, 4, 4, 18, 441, 4, 3, 
http://espn.go.com/golf/player/scorecards/_/id/148/tournamentId/1197/david-frost, Crowne Plaza Invitational at Colonial - (05/23-05/26), 2013, 1, 565, 5, 5, 2, 389, 4, 3, 3, 483, 4, 5, 4, 247, 3, 3, 5, 481, 4, 5, 6, 406, 4, 3, 7, 440, 4, 4, 8, 194, 3, 3, 9, 407, 4, 4, 10, 408, 4, 3, 11, 635, 5, 5, 12, 445, 4, 4, 13, 190, 3, 5, 14, 464, 4, 4, 15, 430, 4, 4, 16, 192, 3, 3, 17, 387, 4, 3, 18, 441, 4, 4, 
http://espn.go.com/golf/player/scorecards/_/id/148/tournamentId/1197/david-frost, Crowne Plaza Invitational at Colonial - (05/23-05/26), 2013, 1, 565, 5, 5, 2, 389, 4, 4, 3, 483, 4, 4, 4, 247, 3, 4, 5, 481, 4, 4, 6, 406, 4, 4, 7, 440, 4, 4, 8, 194, 3, 2, 9, 407, 4, 4, 10, 408, 4, 3, 11, 635, 5, 5, 12, 445, 4, 4, 13, 190, 3, 2, 14, 464, 4, 4, 15, 430, 4, 4, 16, 192, 3, 3, 17, 387, 4, 5, 18, 441, 4, 4, 
