http://espn.go.com/golf/player/scorecards/_/id/1414/year/2005/tournamentId/219/peter-hanson, U.S. Open Championship - (06/16-06/19), 2005, 1, 401, 4, 3, 2, 469, 4, 4, 3, 336, 4, 4, 4, 565, 5, 6, 5, 472, 4, 4, 6, 220, 3, 3, 7, 404, 4, 4, 8, 467, 4, 4, 9, 175, 3, 3, 10, 607, 5, 5, 11, 476, 4, 5, 12, 449, 4, 5, 13, 378, 4, 4, 14, 468, 4, 5, 15, 203, 3, 3, 16, 492, 4, 4, 17, 190, 3, 3, 18, 442, 4, 4, 
http://espn.go.com/golf/player/scorecards/_/id/1414/year/2005/tournamentId/219/peter-hanson, U.S. Open Championship - (06/16-06/19), 2005, 1, 401, 4, 5, 2, 469, 4, 5, 3, 336, 4, 4, 4, 565, 5, 5, 5, 472, 4, 5, 6, 220, 3, 3, 7, 404, 4, 4, 8, 467, 4, 5, 9, 175, 3, 3, 10, 607, 5, 5, 11, 476, 4, 5, 12, 449, 4, 5, 13, 378, 4, 3, 14, 468, 4, 4, 15, 203, 3, 3, 16, 492, 4, 4, 17, 190, 3, 3, 18, 442, 4, 5, 
http://espn.go.com/golf/player/scorecards/_/id/1414/year/2005/tournamentId/223/peter-hanson, British Open Championship - (07/14-07/17), 2005, 1, 376, 4, 4, 2, 453, 4, 4, 3, 397, 4, 3, 4, 480, 4, 4, 5, 568, 5, 4, 6, 412, 4, 5, 7, 371, 4, 3, 8, 175, 3, 3, 9, 352, 4, 4, 10, 386, 4, 4, 11, 174, 3, 4, 12, 348, 4, 3, 13, 465, 4, 5, 14, 618, 5, 4, 15, 455, 4, 5, 16, 423, 4, 4, 17, 495, 4, 4, 18, 357, 4, 4, 
http://espn.go.com/golf/player/scorecards/_/id/1414/year/2005/tournamentId/223/peter-hanson, British Open Championship - (07/14-07/17), 2005, 1, 376, 4, 3, 2, 453, 4, 4, 3, 397, 4, 4, 4, 480, 4, 3, 5, 568, 5, 5, 6, 412, 4, 4, 7, 371, 4, 3, 8, 175, 3, 3, 9, 352, 4, 3, 10, 386, 4, 4, 11, 174, 3, 3, 12, 348, 4, 4, 13, 465, 4, 4, 14, 618, 5, 6, 15, 455, 4, 5, 16, 423, 4, 4, 17, 495, 4, 4, 18, 357, 4, 5, 
http://espn.go.com/golf/player/scorecards/_/id/1414/year/2005/tournamentId/223/peter-hanson, British Open Championship - (07/14-07/17), 2005, 1, 376, 4, 4, 2, 453, 4, 4, 3, 397, 4, 4, 4, 480, 4, 4, 5, 568, 5, 4, 6, 412, 4, 4, 7, 371, 4, 4, 8, 175, 3, 3, 9, 352, 4, 4, 10, 386, 4, 4, 11, 174, 3, 4, 12, 348, 4, 3, 13, 465, 4, 4, 14, 618, 5, 4, 15, 455, 4, 4, 16, 423, 4, 5, 17, 495, 4, 6, 18, 357, 4, 3, 
http://espn.go.com/golf/player/scorecards/_/id/1414/year/2005/tournamentId/223/peter-hanson, British Open Championship - (07/14-07/17), 2005, 1, 376, 4, 4, 2, 453, 4, 4, 3, 397, 4, 4, 4, 480, 4, 4, 5, 568, 5, 6, 6, 412, 4, 5, 7, 371, 4, 4, 8, 175, 3, 3, 9, 352, 4, 4, 10, 386, 4, 4, 11, 174, 3, 3, 12, 348, 4, 5, 13, 465, 4, 4, 14, 618, 5, 4, 15, 455, 4, 3, 16, 423, 4, 4, 17, 495, 4, 4, 18, 357, 4, 3, 
http://espn.go.com/golf/player/scorecards/_/id/1414/year/2005/tournamentId/226/peter-hanson, PGA Championship - (08/11-08/14), 2005, 1, 478, 4, 4, 2, 379, 4, 4, 3, 503, 4, 5, 4, 194, 3, 3, 5, 423, 4, 5, 6, 482, 4, 5, 7, 505, 4, 4, 8, 380, 4, 4, 9, 212, 3, 3, 10, 460, 4, 3, 11, 440, 4, 3, 12, 218, 3, 2, 13, 424, 4, 4, 14, 430, 4, 5, 15, 430, 4, 4, 16, 230, 3, 3, 17, 650, 5, 5, 18, 554, 5, 6, 
http://espn.go.com/golf/player/scorecards/_/id/1414/year/2005/tournamentId/226/peter-hanson, PGA Championship - (08/11-08/14), 2005, 1, 478, 4, 4, 2, 379, 4, 5, 3, 503, 4, 4, 4, 194, 3, 4, 5, 423, 4, 3, 6, 482, 4, 3, 7, 505, 4, 4, 8, 380, 4, 4, 9, 212, 3, 3, 10, 460, 4, 5, 11, 440, 4, 4, 12, 218, 3, 4, 13, 424, 4, 4, 14, 430, 4, 4, 15, 430, 4, 4, 16, 230, 3, 3, 17, 650, 5, 5, 18, 554, 5, 5, 
http://espn.go.com/golf/player/scorecards/_/id/1414/year/2005/tournamentId/226/peter-hanson, PGA Championship - (08/11-08/14), 2005, 1, 478, 4, 4, 2, 379, 4, 4, 3, 503, 4, 3, 4, 194, 3, 4, 5, 423, 4, 4, 6, 482, 4, 5, 7, 505, 4, 5, 8, 380, 4, 5, 9, 212, 3, 3, 10, 460, 4, 4, 11, 440, 4, 4, 12, 218, 3, 3, 13, 424, 4, 4, 14, 430, 4, 4, 15, 430, 4, 4, 16, 230, 3, 2, 17, 650, 5, 4, 18, 554, 5, 5, 
http://espn.go.com/golf/player/scorecards/_/id/1414/year/2005/tournamentId/226/peter-hanson, PGA Championship - (08/11-08/14), 2005, 1, 478, 4, 5, 2, 379, 4, 5, 3, 503, 4, 5, 4, 194, 3, 3, 5, 423, 4, 3, 6, 482, 4, 5, 7, 505, 4, 4, 8, 380, 4, 4, 9, 212, 3, 2, 10, 460, 4, 4, 11, 440, 4, 4, 12, 218, 3, 4, 13, 424, 4, 4, 14, 430, 4, 4, 15, 430, 4, 3, 16, 230, 3, 3, 17, 650, 5, 6, 18, 554, 5, 5, 
http://espn.go.com/golf/player/scorecards/_/id/1414/year/2007/tournamentId/316/peter-hanson, U.S. Open Championship - (06/14-06/17), 2007, 1, 482, 4, 5, 2, 440, 4, 3, 3, 428, 4, 6, 4, 609, 5, 5, 5, 382, 4, 4, 6, 194, 3, 4, 7, 479, 4, 5, 8, 288, 3, 3, 9, 477, 4, 5, 10, 462, 4, 4, 11, 379, 4, 4, 12, 667, 5, 6, 13, 183, 3, 3, 14, 358, 4, 3, 15, 499, 4, 4, 16, 231, 3, 3, 17, 313, 4, 3, 18, 484, 4, 4, 
http://espn.go.com/golf/player/scorecards/_/id/1414/year/2007/tournamentId/316/peter-hanson, U.S. Open Championship - (06/14-06/17), 2007, 1, 482, 4, 5, 2, 440, 4, 5, 3, 428, 4, 4, 4, 609, 5, 5, 5, 382, 4, 4, 6, 194, 3, 3, 7, 479, 4, 5, 8, 288, 3, 4, 9, 477, 4, 4, 10, 462, 4, 5, 11, 379, 4, 4, 12, 667, 5, 5, 13, 183, 3, 3, 14, 358, 4, 4, 15, 499, 4, 4, 16, 231, 3, 4, 17, 313, 4, 5, 18, 484, 4, 5, 
http://espn.go.com/golf/player/scorecards/_/id/1414/year/2007/tournamentId/316/peter-hanson, U.S. Open Championship - (06/14-06/17), 2007, 1, 482, 4, 4, 2, 440, 4, 5, 3, 428, 4, 4, 4, 609, 5, 5, 5, 382, 4, 3, 6, 194, 3, 3, 7, 479, 4, 4, 8, 288, 3, 3, 9, 477, 4, 5, 10, 462, 4, 4, 11, 379, 4, 4, 12, 667, 5, 5, 13, 183, 3, 3, 14, 358, 4, 5, 15, 499, 4, 5, 16, 231, 3, 4, 17, 313, 4, 4, 18, 484, 4, 4, 
http://espn.go.com/golf/player/scorecards/_/id/1414/year/2007/tournamentId/316/peter-hanson, U.S. Open Championship - (06/14-06/17), 2007, 1, 482, 4, 5, 2, 440, 4, 4, 3, 428, 4, 4, 4, 609, 5, 5, 5, 382, 4, 4, 6, 194, 3, 3, 7, 479, 4, 4, 8, 288, 3, 3, 9, 477, 4, 4, 10, 462, 4, 4, 11, 379, 4, 4, 12, 667, 5, 5, 13, 183, 3, 2, 14, 358, 4, 4, 15, 499, 4, 4, 16, 231, 3, 3, 17, 313, 4, 4, 18, 484, 4, 5, 
http://espn.go.com/golf/player/scorecards/_/id/1414/year/2007/tournamentId/320/peter-hanson, British Open Championship - (07/19-07/22), 2007, 1, 406, 4, 4, 2, 463, 4, 5, 3, 358, 4, 4, 4, 412, 4, 4, 5, 415, 4, 5, 6, 578, 5, 6, 7, 410, 4, 5, 8, 183, 3, 3, 9, 478, 4, 6, 10, 466, 4, 4, 11, 383, 4, 4, 12, 499, 4, 4, 13, 176, 3, 3, 14, 514, 5, 6, 15, 472, 4, 4, 16, 248, 3, 3, 17, 461, 4, 5, 18, 499, 4, 5, 
http://espn.go.com/golf/player/scorecards/_/id/1414/year/2007/tournamentId/320/peter-hanson, British Open Championship - (07/19-07/22), 2007, 1, 406, 4, 4, 2, 463, 4, 4, 3, 358, 4, 4, 4, 412, 4, 3, 5, 415, 4, 4, 6, 578, 5, 7, 7, 410, 4, 5, 8, 183, 3, 3, 9, 478, 4, 5, 10, 466, 4, 4, 11, 383, 4, 5, 12, 499, 4, 5, 13, 176, 3, 2, 14, 514, 5, 4, 15, 472, 4, 5, 16, 248, 3, 3, 17, 461, 4, 5, 18, 499, 4, 4, 
http://espn.go.com/golf/player/scorecards/_/id/1414/year/2007/tournamentId/320/peter-hanson, British Open Championship - (07/19-07/22), 2007, 1, 406, 4, 5, 2, 463, 4, 4, 3, 358, 4, 4, 4, 412, 4, 3, 5, 415, 4, 5, 6, 578, 5, 5, 7, 410, 4, 4, 8, 183, 3, 5, 9, 478, 4, 4, 10, 466, 4, 4, 11, 383, 4, 3, 12, 499, 4, 4, 13, 176, 3, 3, 14, 514, 5, 5, 15, 472, 4, 5, 16, 248, 3, 3, 17, 461, 4, 4, 18, 499, 4, 4, 
http://espn.go.com/golf/player/scorecards/_/id/1414/year/2007/tournamentId/320/peter-hanson, British Open Championship - (07/19-07/22), 2007, 1, 406, 4, 4, 2, 463, 4, 4, 3, 358, 4, 4, 4, 412, 4, 3, 5, 415, 4, 4, 6, 578, 5, 4, 7, 410, 4, 4, 8, 183, 3, 4, 9, 478, 4, 4, 10, 466, 4, 4, 11, 383, 4, 4, 12, 499, 4, 4, 13, 176, 3, 2, 14, 514, 5, 4, 15, 472, 4, 4, 16, 248, 3, 3, 17, 461, 4, 5, 18, 499, 4, 5, 
http://espn.go.com/golf/player/scorecards/_/id/1414/year/2007/tournamentId/322/peter-hanson, PGA Championship - (08/09-08/12), 2007, 1, 464, 4, 4, 2, 488, 4, 7, 3, 451, 4, 5, 4, 372, 4, 4, 5, 653, 5, 4, 6, 200, 3, 3, 7, 384, 4, 4, 8, 245, 3, 4, 9, 374, 4, 3, 10, 366, 4, 5, 11, 173, 3, 3, 12, 458, 4, 4, 13, 537, 5, 3, 14, 223, 3, 4, 15, 413, 4, 3, 16, 507, 4, 4, 17, 358, 4, 4, 18, 465, 4, 5, 
http://espn.go.com/golf/player/scorecards/_/id/1414/year/2007/tournamentId/322/peter-hanson, PGA Championship - (08/09-08/12), 2007, 1, 464, 4, 3, 2, 488, 4, 5, 3, 451, 4, 4, 4, 372, 4, 4, 5, 653, 5, 5, 6, 200, 3, 3, 7, 384, 4, 4, 8, 245, 3, 4, 9, 374, 4, 5, 10, 366, 4, 4, 11, 173, 3, 3, 12, 458, 4, 4, 13, 537, 5, 4, 14, 223, 3, 3, 15, 413, 4, 4, 16, 507, 4, 3, 17, 358, 4, 3, 18, 465, 4, 4, 
http://espn.go.com/golf/player/scorecards/_/id/1414/year/2007/tournamentId/322/peter-hanson, PGA Championship - (08/09-08/12), 2007, 1, 464, 4, 4, 2, 488, 4, 4, 3, 451, 4, 4, 4, 372, 4, 3, 5, 653, 5, 5, 6, 200, 3, 3, 7, 384, 4, 4, 8, 245, 3, 3, 9, 374, 4, 4, 10, 366, 4, 5, 11, 173, 3, 3, 12, 458, 4, 4, 13, 537, 5, 5, 14, 223, 3, 3, 15, 413, 4, 4, 16, 507, 4, 5, 17, 358, 4, 4, 18, 465, 4, 4, 
http://espn.go.com/golf/player/scorecards/_/id/1414/year/2007/tournamentId/322/peter-hanson, PGA Championship - (08/09-08/12), 2007, 1, 464, 4, 5, 2, 488, 4, 4, 3, 451, 4, 3, 4, 372, 4, 4, 5, 653, 5, 5, 6, 200, 3, 3, 7, 384, 4, 4, 8, 245, 3, 4, 9, 374, 4, 4, 10, 366, 4, 5, 11, 173, 3, 3, 12, 458, 4, 3, 13, 537, 5, 5, 14, 223, 3, 3, 15, 413, 4, 5, 16, 507, 4, 4, 17, 358, 4, 4, 18, 465, 4, 4, 
http://espn.go.com/golf/player/scorecards/_/id/1414/year/2008/tournamentId/412/peter-hanson, World Golf Championships-Accenture Match Play Cham - (02/20-02/24), 2008, 1, 460, 4, 4, 2, 574, 5, 5, 3, 208, 3, 3, 4, 393, 4, 4, 5, 536, 4, 5, 6, 185, 3, 4, 7, 486, 4, 2, 8, 576, 5, 3, 9, 476, 4, 4, 10, 493, 4, 4, 11, 601, 5, 4, 12, 219, 3, 4, 13, 583, 5, 5, 14, 449, 4, 3, 15, 343, 4, 4, 16, 247, 3, 2, 17, 482, 4, 4, 18, 480, 4, 4, 
http://espn.go.com/golf/player/scorecards/_/id/1414/year/2008/tournamentId/451/peter-hanson, World Golf Championships-CA Championship - (03/20-03/23), 2008, 1, 529, 5, 5, 2, 418, 4, 4, 3, 438, 4, 4, 4, 236, 3, 3, 5, 394, 4, 4, 6, 442, 4, 4, 7, 454, 4, 4, 8, 560, 5, 5, 9, 169, 3, 3, 10, 551, 5, 4, 11, 402, 4, 4, 12, 603, 5, 6, 13, 245, 3, 3, 14, 460, 4, 4, 15, 175, 3, 4, 16, 372, 4, 4, 17, 419, 4, 4, 18, 467, 4, 4, 
http://espn.go.com/golf/player/scorecards/_/id/1414/year/2008/tournamentId/451/peter-hanson, World Golf Championships-CA Championship - (03/20-03/23), 2008, 1, 529, 5, 4, 2, 418, 4, 4, 3, 438, 4, 4, 4, 236, 3, 6, 5, 394, 4, 4, 6, 442, 4, 4, 7, 454, 4, 4, 8, 560, 5, 5, 9, 169, 3, 3, 10, 551, 5, 5, 11, 402, 4, 5, 12, 603, 5, 5, 13, 245, 3, 3, 14, 460, 4, 3, 15, 175, 3, 2, 16, 372, 4, 4, 17, 419, 4, 3, 18, 467, 4, 5, 
http://espn.go.com/golf/player/scorecards/_/id/1414/year/2008/tournamentId/451/peter-hanson, World Golf Championships-CA Championship - (03/20-03/23), 2008, 1, 529, 5, 4, 2, 418, 4, 4, 3, 438, 4, 4, 4, 236, 3, 3, 5, 394, 4, 4, 6, 442, 4, 5, 7, 454, 4, 4, 8, 560, 5, 4, 9, 169, 3, 3, 10, 551, 5, 5, 11, 402, 4, 4, 12, 603, 5, 6, 13, 245, 3, 4, 14, 460, 4, 4, 15, 175, 3, 3, 16, 372, 4, 4, 17, 419, 4, 4, 18, 467, 4, 5, 
http://espn.go.com/golf/player/scorecards/_/id/1414/year/2008/tournamentId/451/peter-hanson, World Golf Championships-CA Championship - (03/20-03/23), 2008, 1, 529, 5, 4, 2, 418, 4, 4, 3, 438, 4, 4, 4, 236, 3, 3, 5, 394, 4, 4, 6, 442, 4, 4, 7, 454, 4, 3, 8, 560, 5, 4, 9, 169, 3, 4, 10, 551, 5, 5, 11, 402, 4, 3, 12, 603, 5, 5, 13, 245, 3, 5, 14, 460, 4, 6, 15, 175, 3, 3, 16, 372, 4, 4, 17, 419, 4, 3, 18, 467, 4, 3, 
http://espn.go.com/golf/player/scorecards/_/id/1414/year/2008/tournamentId/411/peter-hanson, British Open Championship - (07/17-07/20), 2008, 1, 450, 4, 4, 2, 421, 4, 4, 3, 451, 4, 4, 4, 201, 3, 3, 5, 346, 4, 4, 6, 499, 4, 5, 7, 178, 3, 3, 8, 457, 4, 4, 9, 414, 4, 4, 10, 408, 4, 6, 11, 436, 4, 8, 12, 184, 3, 4, 13, 499, 4, 4, 14, 201, 3, 3, 15, 544, 5, 4, 16, 439, 4, 4, 17, 572, 5, 5, 18, 473, 4, 4, 
http://espn.go.com/golf/player/scorecards/_/id/1414/year/2008/tournamentId/411/peter-hanson, British Open Championship - (07/17-07/20), 2008, 1, 450, 4, 4, 2, 421, 4, 4, 3, 451, 4, 4, 4, 201, 3, 4, 5, 346, 4, 5, 6, 499, 4, 5, 7, 178, 3, 3, 8, 457, 4, 4, 9, 414, 4, 4, 10, 408, 4, 7, 11, 436, 4, 5, 12, 184, 3, 4, 13, 499, 4, 4, 14, 201, 3, 3, 15, 544, 5, 5, 16, 439, 4, 4, 17, 572, 5, 4, 18, 473, 4, 5, 
http://espn.go.com/golf/player/scorecards/_/id/1414/year/2008/tournamentId/411/peter-hanson, British Open Championship - (07/17-07/20), 2008, 1, 450, 4, 3, 2, 421, 4, 4, 3, 451, 4, 4, 4, 201, 3, 4, 5, 346, 4, 4, 6, 499, 4, 5, 7, 178, 3, 4, 8, 457, 4, 3, 9, 414, 4, 5, 10, 408, 4, 3, 11, 436, 4, 4, 12, 184, 3, 3, 13, 499, 4, 4, 14, 201, 3, 3, 15, 544, 5, 6, 16, 439, 4, 5, 17, 572, 5, 4, 18, 473, 4, 4, 
http://espn.go.com/golf/player/scorecards/_/id/1414/year/2008/tournamentId/411/peter-hanson, British Open Championship - (07/17-07/20), 2008, 1, 450, 4, 4, 2, 421, 4, 3, 3, 451, 4, 4, 4, 201, 3, 3, 5, 346, 4, 4, 6, 499, 4, 5, 7, 178, 3, 3, 8, 457, 4, 3, 9, 414, 4, 4, 10, 408, 4, 5, 11, 436, 4, 5, 12, 184, 3, 4, 13, 499, 4, 4, 14, 201, 3, 2, 15, 544, 5, 5, 16, 439, 4, 4, 17, 572, 5, 5, 18, 473, 4, 4, 
http://espn.go.com/golf/player/scorecards/_/id/1414/year/2008/tournamentId/439/peter-hanson, PGA Championship - (08/07-08/10), 2008, 1, 435, 4, 3, 2, 529, 5, 4, 3, 198, 3, 3, 4, 446, 4, 5, 5, 490, 4, 4, 6, 387, 4, 4, 7, 449, 4, 4, 8, 491, 4, 5, 9, 257, 3, 3, 10, 462, 4, 4, 11, 423, 4, 5, 12, 593, 5, 5, 13, 191, 3, 3, 14, 501, 4, 4, 15, 401, 4, 4, 16, 406, 4, 4, 17, 238, 3, 5, 18, 498, 4, 7, 
http://espn.go.com/golf/player/scorecards/_/id/1414/year/2008/tournamentId/439/peter-hanson, PGA Championship - (08/07-08/10), 2008, 1, 435, 4, 4, 2, 529, 5, 5, 3, 198, 3, 4, 4, 446, 4, 4, 5, 490, 4, 4, 6, 387, 4, 4, 7, 449, 4, 5, 8, 491, 4, 4, 9, 257, 3, 3, 10, 462, 4, 4, 11, 423, 4, 4, 12, 593, 5, 5, 13, 191, 3, 3, 14, 501, 4, 4, 15, 401, 4, 5, 16, 406, 4, 5, 17, 238, 3, 4, 18, 498, 4, 4, 
http://espn.go.com/golf/player/scorecards/_/id/1414/year/2008/tournamentId/439/peter-hanson, PGA Championship - (08/07-08/10), 2008, 1, 435, 4, 5, 2, 529, 5, 5, 3, 198, 3, 2, 4, 446, 4, 4, 5, 490, 4, 4, 6, 387, 4, 4, 7, 449, 4, 5, 8, 491, 4, 4, 9, 257, 3, 3, 10, 462, 4, 4, 11, 423, 4, 4, 12, 593, 5, 6, 13, 191, 3, 3, 14, 501, 4, 4, 15, 401, 4, 4, 16, 406, 4, 4, 17, 238, 3, 4, 18, 498, 4, 4, 
http://espn.go.com/golf/player/scorecards/_/id/1414/year/2008/tournamentId/439/peter-hanson, PGA Championship - (08/07-08/10), 2008, 1, 435, 4, 4, 2, 529, 5, 5, 3, 198, 3, 3, 4, 446, 4, 4, 5, 490, 4, 4, 6, 387, 4, 4, 7, 449, 4, 4, 8, 491, 4, 4, 9, 257, 3, 3, 10, 462, 4, 4, 11, 423, 4, 5, 12, 593, 5, 4, 13, 191, 3, 3, 14, 501, 4, 5, 15, 401, 4, 4, 16, 406, 4, 4, 17, 238, 3, 4, 18, 498, 4, 3, 
http://espn.go.com/golf/player/scorecards/_/id/1414/year/2009/tournamentId/562/peter-hanson, World Golf Championships-CA Championship - (03/12-03/15), 2009, 1, 529, 5, 4, 2, 418, 4, 3, 3, 438, 4, 5, 4, 236, 3, 4, 5, 394, 4, 3, 6, 442, 4, 4, 7, 454, 4, 3, 8, 560, 5, 5, 9, 169, 3, 4, 10, 551, 5, 4, 11, 402, 4, 4, 12, 603, 5, 4, 13, 245, 3, 3, 14, 460, 4, 4, 15, 175, 3, 3, 16, 372, 4, 3, 17, 419, 4, 4, 18, 467, 4, 4, 
http://espn.go.com/golf/player/scorecards/_/id/1414/year/2009/tournamentId/562/peter-hanson, World Golf Championships-CA Championship - (03/12-03/15), 2009, 1, 529, 5, 4, 2, 418, 4, 4, 3, 438, 4, 4, 4, 236, 3, 3, 5, 394, 4, 4, 6, 442, 4, 5, 7, 454, 4, 4, 8, 560, 5, 6, 9, 169, 3, 3, 10, 551, 5, 6, 11, 402, 4, 4, 12, 603, 5, 5, 13, 245, 3, 3, 14, 460, 4, 3, 15, 175, 3, 3, 16, 372, 4, 3, 17, 419, 4, 4, 18, 467, 4, 4, 
http://espn.go.com/golf/player/scorecards/_/id/1414/year/2009/tournamentId/562/peter-hanson, World Golf Championships-CA Championship - (03/12-03/15), 2009, 1, 529, 5, 5, 2, 418, 4, 4, 3, 438, 4, 4, 4, 236, 3, 4, 5, 394, 4, 3, 6, 442, 4, 4, 7, 454, 4, 4, 8, 560, 5, 5, 9, 169, 3, 3, 10, 551, 5, 5, 11, 402, 4, 5, 12, 603, 5, 4, 13, 245, 3, 3, 14, 460, 4, 4, 15, 175, 3, 3, 16, 372, 4, 4, 17, 419, 4, 5, 18, 467, 4, 5, 
http://espn.go.com/golf/player/scorecards/_/id/1414/year/2009/tournamentId/562/peter-hanson, World Golf Championships-CA Championship - (03/12-03/15), 2009, 1, 529, 5, 4, 2, 418, 4, 4, 3, 438, 4, 6, 4, 236, 3, 3, 5, 394, 4, 3, 6, 442, 4, 4, 7, 454, 4, 4, 8, 560, 5, 4, 9, 169, 3, 3, 10, 551, 5, 5, 11, 402, 4, 4, 12, 603, 5, 4, 13, 245, 3, 3, 14, 460, 4, 4, 15, 175, 3, 3, 16, 372, 4, 3, 17, 419, 4, 6, 18, 467, 4, 3, 
http://espn.go.com/golf/player/scorecards/_/id/1414/year/2009/tournamentId/545/peter-hanson, U.S. Open Championship - (06/18-06/22), 2009, 1, 430, 4, 4, 2, 389, 4, 5, 3, 230, 3, 3, 4, 517, 5, 5, 5, 478, 4, 3, 6, 408, 4, 3, 7, 553, 5, 4, 8, 210, 3, 3, 9, 460, 4, 4, 10, 502, 4, 4, 11, 435, 4, 4, 12, 501, 4, 5, 13, 608, 5, 6, 14, 161, 3, 3, 15, 478, 4, 5, 16, 490, 4, 5, 17, 207, 3, 3, 18, 411, 4, 5, 
http://espn.go.com/golf/player/scorecards/_/id/1414/year/2009/tournamentId/545/peter-hanson, U.S. Open Championship - (06/18-06/22), 2009, 1, 430, 4, 4, 2, 389, 4, 5, 3, 230, 3, 3, 4, 517, 5, 6, 5, 478, 4, 4, 6, 408, 4, 4, 7, 553, 5, 4, 8, 210, 3, 3, 9, 460, 4, 4, 10, 502, 4, 4, 11, 435, 4, 4, 12, 501, 4, 4, 13, 608, 5, 6, 14, 161, 3, 3, 15, 478, 4, 4, 16, 490, 4, 3, 17, 207, 3, 4, 18, 411, 4, 4, 
http://espn.go.com/golf/player/scorecards/_/id/1414/year/2009/tournamentId/545/peter-hanson, U.S. Open Championship - (06/18-06/22), 2009, 1, 430, 4, 3, 2, 389, 4, 5, 3, 230, 3, 3, 4, 517, 5, 5, 5, 478, 4, 4, 6, 408, 4, 3, 7, 553, 5, 5, 8, 210, 3, 3, 9, 460, 4, 4, 10, 502, 4, 4, 11, 435, 4, 4, 12, 501, 4, 4, 13, 608, 5, 5, 14, 161, 3, 3, 15, 478, 4, 4, 16, 490, 4, 5, 17, 207, 3, 3, 18, 411, 4, 4, 
http://espn.go.com/golf/player/scorecards/_/id/1414/year/2009/tournamentId/545/peter-hanson, U.S. Open Championship - (06/18-06/22), 2009, 1, 430, 4, 3, 2, 389, 4, 4, 3, 230, 3, 3, 4, 517, 5, 5, 5, 478, 4, 5, 6, 408, 4, 4, 7, 553, 5, 5, 8, 210, 3, 2, 9, 460, 4, 3, 10, 502, 4, 4, 11, 435, 4, 4, 12, 501, 4, 4, 13, 608, 5, 4, 14, 161, 3, 3, 15, 478, 4, 4, 16, 490, 4, 3, 17, 207, 3, 2, 18, 411, 4, 4, 
http://espn.go.com/golf/player/scorecards/_/id/1414/year/2009/tournamentId/549/peter-hanson, British Open Championship - (07/16-07/19), 2009, 1, 354, 4, 5, 2, 428, 4, 5, 3, 489, 4, 4, 4, 166, 3, 3, 5, 474, 4, 4, 6, 231, 3, 3, 7, 538, 5, 5, 8, 454, 4, 4, 9, 449, 4, 4, 10, 456, 4, 4, 11, 175, 3, 3, 12, 451, 4, 4, 13, 410, 4, 4, 14, 448, 4, 4, 15, 206, 3, 2, 16, 455, 4, 4, 17, 559, 5, 5, 18, 461, 4, 3, 
http://espn.go.com/golf/player/scorecards/_/id/1414/year/2009/tournamentId/549/peter-hanson, British Open Championship - (07/16-07/19), 2009, 1, 354, 4, 4, 2, 428, 4, 4, 3, 489, 4, 4, 4, 166, 3, 2, 5, 474, 4, 4, 6, 231, 3, 4, 7, 538, 5, 4, 8, 454, 4, 4, 9, 449, 4, 4, 10, 456, 4, 4, 11, 175, 3, 3, 12, 451, 4, 4, 13, 410, 4, 4, 14, 448, 4, 5, 15, 206, 3, 5, 16, 455, 4, 4, 17, 559, 5, 5, 18, 461, 4, 4, 
http://espn.go.com/golf/player/scorecards/_/id/1414/year/2009/tournamentId/549/peter-hanson, British Open Championship - (07/16-07/19), 2009, 1, 354, 4, 4, 2, 428, 4, 4, 3, 489, 4, 4, 4, 166, 3, 3, 5, 474, 4, 4, 6, 231, 3, 3, 7, 538, 5, 5, 8, 454, 4, 6, 9, 449, 4, 5, 10, 456, 4, 4, 11, 175, 3, 3, 12, 451, 4, 3, 13, 410, 4, 4, 14, 448, 4, 5, 15, 206, 3, 2, 16, 455, 4, 4, 17, 559, 5, 5, 18, 461, 4, 3, 
http://espn.go.com/golf/player/scorecards/_/id/1414/year/2009/tournamentId/549/peter-hanson, British Open Championship - (07/16-07/19), 2009, 1, 354, 4, 4, 2, 428, 4, 4, 3, 489, 4, 5, 4, 166, 3, 2, 5, 474, 4, 4, 6, 231, 3, 3, 7, 538, 5, 5, 8, 454, 4, 5, 9, 449, 4, 4, 10, 456, 4, 4, 11, 175, 3, 2, 12, 451, 4, 4, 13, 410, 4, 5, 14, 448, 4, 4, 15, 206, 3, 3, 16, 455, 4, 3, 17, 559, 5, 4, 18, 461, 4, 5, 
http://espn.go.com/golf/player/scorecards/_/id/1414/year/2009/tournamentId/551/peter-hanson, PGA Championship - (08/13-08/16), 2009, 1, 490, 4, 4, 2, 431, 4, 5, 3, 633, 5, 6, 4, 210, 3, 5, 5, 448, 4, 4, 6, 405, 4, 4, 7, 572, 5, 4, 8, 176, 3, 4, 9, 432, 4, 4, 10, 452, 4, 4, 11, 606, 5, 6, 12, 518, 4, 4, 13, 248, 3, 3, 14, 352, 4, 3, 15, 642, 5, 4, 16, 402, 4, 4, 17, 182, 3, 4, 18, 475, 4, 4, 
http://espn.go.com/golf/player/scorecards/_/id/1414/year/2009/tournamentId/551/peter-hanson, PGA Championship - (08/13-08/16), 2009, 1, 490, 4, 5, 2, 431, 4, 5, 3, 633, 5, 5, 4, 210, 3, 2, 5, 448, 4, 5, 6, 405, 4, 3, 7, 572, 5, 5, 8, 176, 3, 3, 9, 432, 4, 3, 10, 452, 4, 4, 11, 606, 5, 5, 12, 518, 4, 6, 13, 248, 3, 3, 14, 352, 4, 4, 15, 642, 5, 5, 16, 402, 4, 4, 17, 182, 3, 2, 18, 475, 4, 5, 
http://espn.go.com/golf/player/scorecards/_/id/1414/year/2010/tournamentId/790/peter-hanson, World Golf Championships-CA Championship - (03/11-03/14), 2010, 1, 529, 5, 5, 2, 418, 4, 4, 3, 438, 4, 5, 4, 236, 3, 3, 5, 394, 4, 3, 6, 442, 4, 4, 7, 454, 4, 3, 8, 560, 5, 4, 9, 169, 3, 3, 10, 551, 5, 5, 11, 402, 4, 3, 12, 603, 5, 5, 13, 245, 3, 3, 14, 460, 4, 4, 15, 175, 3, 4, 16, 372, 4, 4, 17, 419, 4, 4, 18, 467, 4, 4, 
http://espn.go.com/golf/player/scorecards/_/id/1414/year/2010/tournamentId/790/peter-hanson, World Golf Championships-CA Championship - (03/11-03/14), 2010, 1, 529, 5, 4, 2, 418, 4, 5, 3, 438, 4, 4, 4, 236, 3, 4, 5, 394, 4, 3, 6, 442, 4, 3, 7, 454, 4, 4, 8, 560, 5, 7, 9, 169, 3, 3, 10, 551, 5, 5, 11, 402, 4, 4, 12, 603, 5, 4, 13, 245, 3, 4, 14, 460, 4, 5, 15, 175, 3, 3, 16, 372, 4, 4, 17, 419, 4, 4, 18, 467, 4, 4, 
http://espn.go.com/golf/player/scorecards/_/id/1414/year/2010/tournamentId/790/peter-hanson, World Golf Championships-CA Championship - (03/11-03/14), 2010, 1, 529, 5, 4, 2, 418, 4, 4, 3, 438, 4, 4, 4, 236, 3, 3, 5, 394, 4, 4, 6, 442, 4, 3, 7, 454, 4, 5, 8, 560, 5, 3, 9, 169, 3, 2, 10, 551, 5, 4, 11, 402, 4, 3, 12, 603, 5, 4, 13, 245, 3, 3, 14, 460, 4, 4, 15, 175, 3, 3, 16, 372, 4, 4, 17, 419, 4, 4, 18, 467, 4, 5, 
http://espn.go.com/golf/player/scorecards/_/id/1414/year/2010/tournamentId/790/peter-hanson, World Golf Championships-CA Championship - (03/11-03/14), 2010, 1, 529, 5, 5, 2, 418, 4, 4, 3, 438, 4, 4, 4, 236, 3, 3, 5, 394, 4, 3, 6, 442, 4, 4, 7, 454, 4, 4, 8, 560, 5, 6, 9, 169, 3, 4, 10, 551, 5, 4, 11, 402, 4, 4, 12, 603, 5, 5, 13, 245, 3, 3, 14, 460, 4, 4, 15, 175, 3, 3, 16, 372, 4, 4, 17, 419, 4, 5, 18, 467, 4, 5, 
http://espn.go.com/golf/player/scorecards/_/id/1414/year/2010/tournamentId/780/peter-hanson, the Memorial Tournament presented by Nationwide Insurance - (06/03-06/06), 2010, 1, 470, 4, 4, 2, 455, 4, 3, 3, 401, 4, 4, 4, 200, 3, 3, 5, 527, 5, 4, 6, 447, 4, 4, 7, 563, 5, 5, 8, 185, 3, 3, 9, 412, 4, 4, 10, 471, 4, 5, 11, 567, 5, 5, 12, 184, 3, 3, 13, 455, 4, 3, 14, 363, 4, 4, 15, 529, 5, 5, 16, 201, 3, 4, 17, 478, 4, 4, 18, 444, 4, 4, 
http://espn.go.com/golf/player/scorecards/_/id/1414/year/2010/tournamentId/780/peter-hanson, the Memorial Tournament presented by Nationwide Insurance - (06/03-06/06), 2010, 1, 470, 4, 4, 2, 455, 4, 4, 3, 401, 4, 3, 4, 200, 3, 3, 5, 527, 5, 5, 6, 447, 4, 4, 7, 563, 5, 5, 8, 185, 3, 3, 9, 412, 4, 4, 10, 471, 4, 5, 11, 567, 5, 5, 12, 184, 3, 3, 13, 455, 4, 5, 14, 363, 4, 4, 15, 529, 5, 6, 16, 201, 3, 3, 17, 478, 4, 4, 18, 444, 4, 4, 
http://espn.go.com/golf/player/scorecards/_/id/1414/year/2010/tournamentId/780/peter-hanson, the Memorial Tournament presented by Nationwide Insurance - (06/03-06/06), 2010, 1, 470, 4, 4, 2, 455, 4, 4, 3, 401, 4, 4, 4, 200, 3, 3, 5, 527, 5, 5, 6, 447, 4, 3, 7, 563, 5, 6, 8, 185, 3, 3, 9, 412, 4, 5, 10, 471, 4, 3, 11, 567, 5, 5, 12, 184, 3, 3, 13, 455, 4, 4, 14, 363, 4, 4, 15, 529, 5, 4, 16, 201, 3, 3, 17, 478, 4, 4, 18, 444, 4, 4, 
http://espn.go.com/golf/player/scorecards/_/id/1414/year/2010/tournamentId/780/peter-hanson, the Memorial Tournament presented by Nationwide Insurance - (06/03-06/06), 2010, 1, 470, 4, 4, 2, 455, 4, 4, 3, 401, 4, 4, 4, 200, 3, 4, 5, 527, 5, 4, 6, 447, 4, 3, 7, 563, 5, 4, 8, 185, 3, 3, 9, 412, 4, 4, 10, 471, 4, 4, 11, 567, 5, 5, 12, 184, 3, 2, 13, 455, 4, 4, 14, 363, 4, 5, 15, 529, 5, 5, 16, 201, 3, 3, 17, 478, 4, 4, 18, 444, 4, 5, 
http://espn.go.com/golf/player/scorecards/_/id/1414/year/2010/tournamentId/797/peter-hanson, U.S. Open Championship - (06/17-06/20), 2010, 1, 380, 4, 4, 2, 502, 4, 4, 3, 404, 4, 4, 4, 331, 4, 3, 5, 195, 3, 3, 6, 523, 5, 4, 7, 109, 3, 3, 8, 428, 4, 4, 9, 505, 4, 4, 10, 495, 4, 5, 11, 390, 4, 5, 12, 202, 3, 3, 13, 445, 4, 3, 14, 580, 5, 5, 15, 397, 4, 3, 16, 403, 4, 5, 17, 208, 3, 3, 18, 543, 5, 4, 
http://espn.go.com/golf/player/scorecards/_/id/1414/year/2010/tournamentId/797/peter-hanson, U.S. Open Championship - (06/17-06/20), 2010, 1, 380, 4, 4, 2, 502, 4, 5, 3, 404, 4, 4, 4, 331, 4, 5, 5, 195, 3, 3, 6, 523, 5, 4, 7, 109, 3, 3, 8, 428, 4, 4, 9, 505, 4, 5, 10, 495, 4, 5, 11, 390, 4, 4, 12, 202, 3, 3, 13, 445, 4, 4, 14, 580, 5, 6, 15, 397, 4, 3, 16, 403, 4, 4, 17, 208, 3, 3, 18, 543, 5, 5, 
http://espn.go.com/golf/player/scorecards/_/id/1414/year/2010/tournamentId/797/peter-hanson, U.S. Open Championship - (06/17-06/20), 2010, 1, 380, 4, 5, 2, 502, 4, 4, 3, 404, 4, 4, 4, 331, 4, 4, 5, 195, 3, 4, 6, 523, 5, 4, 7, 109, 3, 4, 8, 428, 4, 4, 9, 505, 4, 4, 10, 495, 4, 5, 11, 390, 4, 4, 12, 202, 3, 4, 13, 445, 4, 4, 14, 580, 5, 6, 15, 397, 4, 4, 16, 403, 4, 4, 17, 208, 3, 4, 18, 543, 5, 4, 
http://espn.go.com/golf/player/scorecards/_/id/1414/year/2010/tournamentId/797/peter-hanson, U.S. Open Championship - (06/17-06/20), 2010, 1, 380, 4, 4, 2, 502, 4, 3, 3, 404, 4, 5, 4, 331, 4, 6, 5, 195, 3, 4, 6, 523, 5, 4, 7, 109, 3, 2, 8, 428, 4, 4, 9, 505, 4, 5, 10, 495, 4, 3, 11, 390, 4, 4, 12, 202, 3, 3, 13, 445, 4, 4, 14, 580, 5, 4, 15, 397, 4, 5, 16, 403, 4, 4, 17, 208, 3, 4, 18, 543, 5, 5, 
http://espn.go.com/golf/player/scorecards/_/id/1414/year/2010/tournamentId/798/peter-hanson, The Open Championship - (07/15-07/18), 2010, 1, 376, 4, 4, 2, 453, 4, 4, 3, 397, 4, 4, 4, 480, 4, 4, 5, 568, 5, 5, 6, 412, 4, 3, 7, 371, 4, 4, 8, 175, 3, 4, 9, 352, 4, 4, 10, 386, 4, 4, 11, 174, 3, 3, 12, 348, 4, 4, 13, 465, 4, 5, 14, 618, 5, 5, 15, 455, 4, 4, 16, 423, 4, 5, 17, 495, 4, 5, 18, 357, 4, 3, 
http://espn.go.com/golf/player/scorecards/_/id/1414/year/2010/tournamentId/798/peter-hanson, The Open Championship - (07/15-07/18), 2010, 1, 376, 4, 4, 2, 453, 4, 5, 3, 397, 4, 4, 4, 480, 4, 4, 5, 568, 5, 5, 6, 412, 4, 5, 7, 371, 4, 3, 8, 175, 3, 2, 9, 352, 4, 4, 10, 386, 4, 4, 11, 174, 3, 4, 12, 348, 4, 4, 13, 465, 4, 5, 14, 618, 5, 5, 15, 455, 4, 5, 16, 423, 4, 4, 17, 495, 4, 3, 18, 357, 4, 4, 
http://espn.go.com/golf/player/scorecards/_/id/1414/year/2010/tournamentId/798/peter-hanson, The Open Championship - (07/15-07/18), 2010, 1, 376, 4, 4, 2, 453, 4, 5, 3, 397, 4, 4, 4, 480, 4, 4, 5, 568, 5, 4, 6, 412, 4, 4, 7, 371, 4, 3, 8, 175, 3, 3, 9, 352, 4, 4, 10, 386, 4, 4, 11, 174, 3, 4, 12, 348, 4, 4, 13, 465, 4, 3, 14, 618, 5, 5, 15, 455, 4, 4, 16, 423, 4, 5, 17, 495, 4, 5, 18, 357, 4, 4, 
http://espn.go.com/golf/player/scorecards/_/id/1414/year/2010/tournamentId/798/peter-hanson, The Open Championship - (07/15-07/18), 2010, 1, 376, 4, 4, 2, 453, 4, 3, 3, 397, 4, 3, 4, 480, 4, 4, 5, 568, 5, 4, 6, 412, 4, 4, 7, 371, 4, 4, 8, 175, 3, 3, 9, 352, 4, 4, 10, 386, 4, 3, 11, 174, 3, 4, 12, 348, 4, 4, 13, 465, 4, 4, 14, 618, 5, 5, 15, 455, 4, 3, 16, 423, 4, 4, 17, 495, 4, 3, 18, 357, 4, 3, 
http://espn.go.com/golf/player/scorecards/_/id/1414/year/2010/tournamentId/785/peter-hanson, World Golf Championships-Bridgestone Invitational - (08/05-08/08), 2010, 1, 399, 4, 4, 2, 526, 5, 5, 3, 442, 4, 4, 4, 471, 4, 4, 5, 200, 3, 3, 6, 469, 4, 4, 7, 219, 3, 3, 8, 482, 4, 4, 9, 494, 4, 4, 10, 410, 4, 4, 11, 418, 4, 4, 12, 180, 3, 3, 13, 471, 4, 4, 14, 467, 4, 4, 15, 221, 3, 3, 16, 667, 5, 6, 17, 400, 4, 4, 18, 464, 4, 4, 
http://espn.go.com/golf/player/scorecards/_/id/1414/year/2010/tournamentId/785/peter-hanson, World Golf Championships-Bridgestone Invitational - (08/05-08/08), 2010, 1, 399, 4, 5, 2, 526, 5, 4, 3, 442, 4, 4, 4, 471, 4, 4, 5, 200, 3, 3, 6, 469, 4, 4, 7, 219, 3, 3, 8, 482, 4, 3, 9, 494, 4, 4, 10, 410, 4, 4, 11, 418, 4, 3, 12, 180, 3, 3, 13, 471, 4, 4, 14, 467, 4, 3, 15, 221, 3, 4, 16, 667, 5, 5, 17, 400, 4, 4, 18, 464, 4, 4, 
http://espn.go.com/golf/player/scorecards/_/id/1414/year/2010/tournamentId/785/peter-hanson, World Golf Championships-Bridgestone Invitational - (08/05-08/08), 2010, 1, 399, 4, 4, 2, 526, 5, 4, 3, 442, 4, 3, 4, 471, 4, 4, 5, 200, 3, 3, 6, 469, 4, 5, 7, 219, 3, 2, 8, 482, 4, 4, 9, 494, 4, 3, 10, 410, 4, 3, 11, 418, 4, 4, 12, 180, 3, 3, 13, 471, 4, 5, 14, 467, 4, 4, 15, 221, 3, 2, 16, 667, 5, 5, 17, 400, 4, 3, 18, 464, 4, 5, 
http://espn.go.com/golf/player/scorecards/_/id/1414/year/2010/tournamentId/785/peter-hanson, World Golf Championships-Bridgestone Invitational - (08/05-08/08), 2010, 1, 399, 4, 3, 2, 526, 5, 5, 3, 442, 4, 3, 4, 471, 4, 4, 5, 200, 3, 3, 6, 469, 4, 4, 7, 219, 3, 3, 8, 482, 4, 5, 9, 494, 4, 4, 10, 410, 4, 4, 11, 418, 4, 3, 12, 180, 3, 3, 13, 471, 4, 4, 14, 467, 4, 4, 15, 221, 3, 3, 16, 667, 5, 6, 17, 400, 4, 4, 18, 464, 4, 4, 
http://espn.go.com/golf/player/scorecards/_/id/1414/year/2010/tournamentId/799/peter-hanson, PGA Championship - (08/12-08/15), 2010, 1, 408, 4, 4, 2, 593, 5, 5, 3, 181, 3, 3, 4, 489, 4, 4, 5, 598, 5, 5, 6, 355, 4, 4, 7, 221, 3, 4, 8, 507, 4, 5, 9, 446, 4, 5, 10, 361, 4, 4, 11, 618, 5, 6, 12, 143, 3, 3, 13, 404, 4, 5, 14, 373, 4, 4, 15, 518, 4, 4, 16, 569, 5, 5, 17, 223, 3, 3, 18, 500, 4, 5, 
http://espn.go.com/golf/player/scorecards/_/id/1414/year/2010/tournamentId/799/peter-hanson, PGA Championship - (08/12-08/15), 2010, 1, 408, 4, 4, 2, 593, 5, 4, 3, 181, 3, 3, 4, 489, 4, 4, 5, 598, 5, 5, 6, 355, 4, 3, 7, 221, 3, 3, 8, 507, 4, 4, 9, 446, 4, 4, 10, 361, 4, 3, 11, 618, 5, 6, 12, 143, 3, 3, 13, 404, 4, 4, 14, 373, 4, 4, 15, 518, 4, 5, 16, 569, 5, 5, 17, 223, 3, 3, 18, 500, 4, 4, 
http://espn.go.com/golf/player/scorecards/_/id/1414/year/2010/tournamentId/799/peter-hanson, PGA Championship - (08/12-08/15), 2010, 1, 408, 4, 4, 2, 593, 5, 5, 3, 181, 3, 3, 4, 489, 4, 5, 5, 598, 5, 5, 6, 355, 4, 3, 7, 221, 3, 3, 8, 507, 4, 4, 9, 446, 4, 4, 10, 361, 4, 4, 11, 618, 5, 4, 12, 143, 3, 3, 13, 404, 4, 3, 14, 373, 4, 4, 15, 518, 4, 5, 16, 569, 5, 5, 17, 223, 3, 3, 18, 500, 4, 4, 
http://espn.go.com/golf/player/scorecards/_/id/1414/year/2010/tournamentId/799/peter-hanson, PGA Championship - (08/12-08/15), 2010, 1, 408, 4, 4, 2, 593, 5, 5, 3, 181, 3, 3, 4, 489, 4, 4, 5, 598, 5, 5, 6, 355, 4, 4, 7, 221, 3, 3, 8, 507, 4, 5, 9, 446, 4, 4, 10, 361, 4, 4, 11, 618, 5, 5, 12, 143, 3, 2, 13, 404, 4, 4, 14, 373, 4, 3, 15, 518, 4, 5, 16, 569, 5, 5, 17, 223, 3, 2, 18, 500, 4, 4, 
http://espn.go.com/golf/player/scorecards/_/id/1414/year/2010/tournamentId/846/peter-hanson, WGC-HSBC Champions - (11/03-11/07), 2010, 1, 459, 4, 4, 2, 550, 5, 4, 3, 362, 4, 4, 4, 200, 3, 3, 5, 456, 4, 4, 6, 200, 3, 3, 7, 346, 4, 4, 8, 603, 5, 5, 9, 486, 4, 4, 10, 401, 4, 4, 11, 456, 4, 4, 12, 217, 3, 3, 13, 411, 4, 3, 14, 594, 5, 4, 15, 487, 4, 4, 16, 288, 4, 4, 17, 212, 3, 3, 18, 538, 5, 5, 
http://espn.go.com/golf/player/scorecards/_/id/1414/year/2010/tournamentId/846/peter-hanson, WGC-HSBC Champions - (11/03-11/07), 2010, 1, 459, 4, 4, 2, 550, 5, 4, 3, 362, 4, 4, 4, 200, 3, 3, 5, 456, 4, 4, 6, 200, 3, 4, 7, 346, 4, 3, 8, 603, 5, 5, 9, 486, 4, 5, 10, 401, 4, 5, 11, 456, 4, 3, 12, 217, 3, 3, 13, 411, 4, 4, 14, 594, 5, 4, 15, 487, 4, 4, 16, 288, 4, 3, 17, 212, 3, 4, 18, 538, 5, 4, 
http://espn.go.com/golf/player/scorecards/_/id/1414/year/2010/tournamentId/846/peter-hanson, WGC-HSBC Champions - (11/03-11/07), 2010, 1, 459, 4, 4, 2, 550, 5, 5, 3, 362, 4, 3, 4, 200, 3, 3, 5, 456, 4, 4, 6, 200, 3, 3, 7, 346, 4, 3, 8, 603, 5, 5, 9, 486, 4, 5, 10, 401, 4, 3, 11, 456, 4, 4, 12, 217, 3, 3, 13, 411, 4, 3, 14, 594, 5, 5, 15, 487, 4, 5, 16, 288, 4, 3, 17, 212, 3, 4, 18, 538, 5, 4, 
http://espn.go.com/golf/player/scorecards/_/id/1414/year/2010/tournamentId/846/peter-hanson, WGC-HSBC Champions - (11/03-11/07), 2010, 1, 459, 4, 5, 2, 550, 5, 7, 3, 362, 4, 3, 4, 200, 3, 3, 5, 456, 4, 4, 6, 200, 3, 2, 7, 346, 4, 3, 8, 603, 5, 5, 9, 486, 4, 5, 10, 401, 4, 4, 11, 456, 4, 5, 12, 217, 3, 3, 13, 411, 4, 4, 14, 594, 5, 4, 15, 487, 4, 5, 16, 288, 4, 3, 17, 212, 3, 4, 18, 538, 5, 4, 
http://espn.go.com/golf/player/scorecards/_/id/1414/year/2011/tournamentId/985/peter-hanson, World Golf Championships-Cadillac Championship - (03/10-03/13), 2011, 1, 529, 5, 3, 2, 418, 4, 5, 3, 438, 4, 4, 4, 236, 3, 3, 5, 394, 4, 4, 6, 442, 4, 4, 7, 454, 4, 5, 8, 560, 5, 5, 9, 169, 3, 2, 10, 551, 5, 4, 11, 402, 4, 4, 12, 603, 5, 5, 13, 245, 3, 4, 14, 460, 4, 4, 15, 175, 3, 4, 16, 372, 4, 5, 17, 419, 4, 3, 18, 467, 4, 5, 
http://espn.go.com/golf/player/scorecards/_/id/1414/year/2011/tournamentId/985/peter-hanson, World Golf Championships-Cadillac Championship - (03/10-03/13), 2011, 1, 529, 5, 5, 2, 418, 4, 4, 3, 438, 4, 5, 4, 236, 3, 3, 5, 394, 4, 4, 6, 442, 4, 3, 7, 454, 4, 5, 8, 560, 5, 4, 9, 169, 3, 3, 10, 551, 5, 5, 11, 402, 4, 3, 12, 603, 5, 5, 13, 245, 3, 3, 14, 460, 4, 4, 15, 175, 3, 3, 16, 372, 4, 5, 17, 419, 4, 4, 18, 467, 4, 5, 
http://espn.go.com/golf/player/scorecards/_/id/1414/year/2011/tournamentId/985/peter-hanson, World Golf Championships-Cadillac Championship - (03/10-03/13), 2011, 1, 529, 5, 5, 2, 418, 4, 4, 3, 438, 4, 3, 4, 236, 3, 3, 5, 394, 4, 4, 6, 442, 4, 5, 7, 454, 4, 3, 8, 560, 5, 4, 9, 169, 3, 3, 10, 551, 5, 5, 11, 402, 4, 5, 12, 603, 5, 5, 13, 245, 3, 4, 14, 460, 4, 5, 15, 175, 3, 3, 16, 372, 4, 4, 17, 419, 4, 4, 18, 467, 4, 4, 
http://espn.go.com/golf/player/scorecards/_/id/1414/year/2011/tournamentId/985/peter-hanson, World Golf Championships-Cadillac Championship - (03/10-03/13), 2011, 1, 529, 5, 6, 2, 418, 4, 4, 3, 438, 4, 5, 4, 236, 3, 3, 5, 394, 4, 4, 6, 442, 4, 3, 7, 454, 4, 5, 8, 560, 5, 4, 9, 169, 3, 3, 10, 551, 5, 5, 11, 402, 4, 3, 12, 603, 5, 5, 13, 245, 3, 4, 14, 460, 4, 4, 15, 175, 3, 3, 16, 372, 4, 4, 17, 419, 4, 4, 18, 467, 4, 4, 
http://espn.go.com/golf/player/scorecards/_/id/1414/year/2011/tournamentId/918/peter-hanson, Transitions Championship - (03/17-03/20), 2011, 1, 560, 5, 5, 2, 435, 4, 5, 3, 455, 4, 4, 4, 195, 3, 3, 5, 605, 5, 4, 6, 465, 4, 4, 7, 420, 4, 4, 8, 235, 3, 3, 9, 430, 4, 4, 10, 445, 4, 4, 11, 575, 5, 5, 12, 380, 4, 4, 13, 200, 3, 3, 14, 590, 5, 6, 15, 215, 3, 4, 16, 475, 4, 4, 17, 215, 3, 3, 18, 445, 4, 3, 
http://espn.go.com/golf/player/scorecards/_/id/1414/year/2011/tournamentId/918/peter-hanson, Transitions Championship - (03/17-03/20), 2011, 1, 560, 5, 4, 2, 435, 4, 4, 3, 455, 4, 4, 4, 195, 3, 4, 5, 605, 5, 5, 6, 465, 4, 4, 7, 420, 4, 4, 8, 235, 3, 3, 9, 430, 4, 3, 10, 445, 4, 4, 11, 575, 5, 5, 12, 380, 4, 4, 13, 200, 3, 3, 14, 590, 5, 4, 15, 215, 3, 3, 16, 475, 4, 4, 17, 215, 3, 3, 18, 445, 4, 4, 
http://espn.go.com/golf/player/scorecards/_/id/1414/year/2011/tournamentId/918/peter-hanson, Transitions Championship - (03/17-03/20), 2011, 1, 560, 5, 4, 2, 435, 4, 4, 3, 455, 4, 5, 4, 195, 3, 3, 5, 605, 5, 5, 6, 465, 4, 4, 7, 420, 4, 3, 8, 235, 3, 3, 9, 430, 4, 4, 10, 445, 4, 6, 11, 575, 5, 4, 12, 380, 4, 4, 13, 200, 3, 2, 14, 590, 5, 4, 15, 215, 3, 2, 16, 475, 4, 4, 17, 215, 3, 3, 18, 445, 4, 3, 
http://espn.go.com/golf/player/scorecards/_/id/1414/year/2011/tournamentId/918/peter-hanson, Transitions Championship - (03/17-03/20), 2011, 1, 560, 5, 4, 2, 435, 4, 4, 3, 455, 4, 4, 4, 195, 3, 3, 5, 605, 5, 5, 6, 465, 4, 5, 7, 420, 4, 5, 8, 235, 3, 3, 9, 430, 4, 3, 10, 445, 4, 4, 11, 575, 5, 5, 12, 380, 4, 4, 13, 200, 3, 3, 14, 590, 5, 4, 15, 215, 3, 3, 16, 475, 4, 4, 17, 215, 3, 3, 18, 445, 4, 3, 
http://espn.go.com/golf/player/scorecards/_/id/1414/year/2011/tournamentId/900/peter-hanson, Arnold Palmer Invitational presented by MasterCard - (03/24-03/27), 2011, 1, 461, 4, 4, 2, 231, 3, 5, 3, 434, 4, 5, 4, 561, 5, 4, 5, 390, 4, 4, 6, 555, 5, 5, 7, 199, 3, 3, 8, 460, 4, 4, 9, 474, 4, 4, 10, 400, 4, 4, 11, 438, 4, 4, 12, 574, 5, 5, 13, 370, 4, 4, 14, 215, 3, 3, 15, 467, 4, 5, 16, 511, 5, 4, 17, 221, 3, 4, 18, 458, 4, 7, 
http://espn.go.com/golf/player/scorecards/_/id/1414/year/2011/tournamentId/900/peter-hanson, Arnold Palmer Invitational presented by MasterCard - (03/24-03/27), 2011, 1, 461, 4, 4, 2, 231, 3, 4, 3, 434, 4, 3, 4, 561, 5, 5, 5, 390, 4, 4, 6, 555, 5, 4, 7, 199, 3, 3, 8, 460, 4, 3, 9, 474, 4, 5, 10, 400, 4, 4, 11, 438, 4, 5, 12, 574, 5, 5, 13, 370, 4, 4, 14, 215, 3, 3, 15, 467, 4, 5, 16, 511, 5, 4, 17, 221, 3, 3, 18, 458, 4, 4, 
http://espn.go.com/golf/player/scorecards/_/id/1414/year/2011/tournamentId/980/peter-hanson, The Masters - (04/07-04/10), 2011, 1, 445, 4, 4, 2, 575, 5, 4, 3, 350, 4, 5, 4, 240, 3, 3, 5, 455, 4, 4, 6, 180, 3, 3, 7, 450, 4, 5, 8, 570, 5, 5, 9, 460, 4, 5, 10, 495, 4, 4, 11, 505, 4, 5, 12, 155, 3, 4, 13, 510, 5, 4, 14, 440, 4, 5, 15, 530, 5, 5, 16, 170, 3, 3, 17, 440, 4, 5, 18, 465, 4, 3, 
http://espn.go.com/golf/player/scorecards/_/id/1414/year/2011/tournamentId/980/peter-hanson, The Masters - (04/07-04/10), 2011, 1, 445, 4, 4, 2, 575, 5, 5, 3, 350, 4, 5, 4, 240, 3, 3, 5, 455, 4, 4, 6, 180, 3, 3, 7, 450, 4, 5, 8, 570, 5, 4, 9, 460, 4, 4, 10, 495, 4, 4, 11, 505, 4, 4, 12, 155, 3, 5, 13, 510, 5, 4, 14, 440, 4, 3, 15, 530, 5, 4, 16, 170, 3, 3, 17, 440, 4, 4, 18, 465, 4, 4, 
http://espn.go.com/golf/player/scorecards/_/id/1414/year/2011/tournamentId/903/peter-hanson, The Heritage - (04/21-04/24), 2011, 1, 410, 4, 3, 2, 502, 5, 4, 3, 469, 4, 3, 4, 200, 3, 4, 5, 540, 5, 5, 6, 419, 4, 5, 7, 195, 3, 3, 8, 473, 4, 5, 9, 332, 4, 5, 10, 451, 4, 4, 11, 436, 4, 4, 12, 430, 4, 6, 13, 373, 4, 4, 14, 192, 3, 3, 15, 588, 5, 5, 16, 434, 4, 4, 17, 185, 3, 5, 18, 472, 4, 6, 
http://espn.go.com/golf/player/scorecards/_/id/1414/year/2011/tournamentId/903/peter-hanson, The Heritage - (04/21-04/24), 2011, 1, 410, 4, 4, 2, 502, 5, 5, 3, 469, 4, 4, 4, 200, 3, 3, 5, 540, 5, 5, 6, 419, 4, 5, 7, 195, 3, 4, 8, 473, 4, 4, 9, 332, 4, 4, 10, 451, 4, 4, 11, 436, 4, 4, 12, 430, 4, 3, 13, 373, 4, 6, 14, 192, 3, 4, 15, 588, 5, 6, 16, 434, 4, 4, 17, 185, 3, 2, 18, 472, 4, 5, 
http://espn.go.com/golf/player/scorecards/_/id/1414/year/2011/tournamentId/901/peter-hanson, Zurich Classic of New Orleans - (04/28-05/01), 2011, 1, 399, 4, 4, 2, 548, 5, 5, 3, 221, 3, 3, 4, 482, 4, 6, 5, 438, 4, 4, 6, 476, 4, 3, 7, 561, 5, 4, 8, 372, 4, 4, 9, 207, 3, 4, 10, 390, 4, 3, 11, 575, 5, 4, 12, 492, 4, 4, 13, 403, 4, 4, 14, 216, 3, 3, 15, 490, 4, 5, 16, 355, 4, 4, 17, 215, 3, 3, 18, 585, 5, 5, 
http://espn.go.com/golf/player/scorecards/_/id/1414/year/2011/tournamentId/901/peter-hanson, Zurich Classic of New Orleans - (04/28-05/01), 2011, 1, 399, 4, 4, 2, 548, 5, 4, 3, 221, 3, 4, 4, 482, 4, 6, 5, 438, 4, 4, 6, 476, 4, 4, 7, 561, 5, 4, 8, 372, 4, 4, 9, 207, 3, 3, 10, 390, 4, 4, 11, 575, 5, 5, 12, 492, 4, 4, 13, 403, 4, 3, 14, 216, 3, 3, 15, 490, 4, 4, 16, 355, 4, 3, 17, 215, 3, 3, 18, 585, 5, 6, 
http://espn.go.com/golf/player/scorecards/_/id/1414/year/2011/tournamentId/902/peter-hanson, THE PLAYERS Championship - (05/12-05/15), 2011, 1, 423, 4, 4, 2, 532, 5, 6, 3, 177, 3, 3, 4, 384, 4, 4, 5, 471, 4, 3, 6, 393, 4, 3, 7, 442, 4, 4, 8, 237, 3, 3, 9, 583, 5, 6, 10, 424, 4, 4, 11, 558, 5, 4, 12, 358, 4, 4, 13, 181, 3, 3, 14, 481, 4, 4, 15, 449, 4, 5, 16, 523, 5, 4, 17, 137, 3, 3, 18, 462, 4, 4, 
http://espn.go.com/golf/player/scorecards/_/id/1414/year/2011/tournamentId/902/peter-hanson, THE PLAYERS Championship - (05/12-05/15), 2011, 1, 423, 4, 4, 2, 532, 5, 5, 3, 177, 3, 2, 4, 384, 4, 3, 5, 471, 4, 3, 6, 393, 4, 4, 7, 442, 4, 4, 8, 237, 3, 3, 9, 583, 5, 4, 10, 424, 4, 4, 11, 558, 5, 5, 12, 358, 4, 3, 13, 181, 3, 2, 14, 481, 4, 4, 15, 449, 4, 4, 16, 523, 5, 4, 17, 137, 3, 3, 18, 462, 4, 5, 
http://espn.go.com/golf/player/scorecards/_/id/1414/year/2011/tournamentId/902/peter-hanson, THE PLAYERS Championship - (05/12-05/15), 2011, 1, 423, 4, 4, 2, 532, 5, 5, 3, 177, 3, 3, 4, 384, 4, 4, 5, 471, 4, 4, 6, 393, 4, 4, 7, 442, 4, 5, 8, 237, 3, 2, 9, 583, 5, 4, 10, 424, 4, 4, 11, 558, 5, 4, 12, 358, 4, 4, 13, 181, 3, 3, 14, 481, 4, 3, 15, 449, 4, 4, 16, 523, 5, 5, 17, 137, 3, 5, 18, 462, 4, 5, 
http://espn.go.com/golf/player/scorecards/_/id/1414/year/2011/tournamentId/902/peter-hanson, THE PLAYERS Championship - (05/12-05/15), 2011, 1, 423, 4, 3, 2, 532, 5, 4, 3, 177, 3, 3, 4, 384, 4, 4, 5, 471, 4, 4, 6, 393, 4, 6, 7, 442, 4, 4, 8, 237, 3, 3, 9, 583, 5, 4, 10, 424, 4, 4, 11, 558, 5, 6, 12, 358, 4, 4, 13, 181, 3, 3, 14, 481, 4, 4, 15, 449, 4, 4, 16, 523, 5, 5, 17, 137, 3, 3, 18, 462, 4, 4, 
http://espn.go.com/golf/player/scorecards/_/id/1414/year/2011/tournamentId/981/peter-hanson, U.S. Open - (06/16-06/19), 2011, 1, 402, 4, 4, 2, 233, 3, 2, 3, 466, 4, 4, 4, 470, 4, 4, 5, 413, 4, 4, 6, 555, 5, 4, 7, 173, 3, 3, 8, 354, 4, 4, 9, 636, 5, 4, 10, 218, 3, 2, 11, 489, 4, 4, 12, 471, 4, 4, 13, 193, 3, 3, 14, 467, 4, 4, 15, 490, 4, 4, 16, 579, 5, 3, 17, 437, 4, 5, 18, 523, 4, 5, 
http://espn.go.com/golf/player/scorecards/_/id/1414/year/2011/tournamentId/981/peter-hanson, U.S. Open - (06/16-06/19), 2011, 1, 402, 4, 4, 2, 233, 3, 3, 3, 466, 4, 4, 4, 470, 4, 4, 5, 413, 4, 5, 6, 555, 5, 4, 7, 173, 3, 3, 8, 354, 4, 3, 9, 636, 5, 4, 10, 218, 3, 2, 11, 489, 4, 4, 12, 471, 4, 5, 13, 193, 3, 3, 14, 467, 4, 4, 15, 490, 4, 4, 16, 579, 5, 5, 17, 437, 4, 4, 18, 523, 4, 4, 
http://espn.go.com/golf/player/scorecards/_/id/1414/year/2011/tournamentId/981/peter-hanson, U.S. Open - (06/16-06/19), 2011, 1, 402, 4, 4, 2, 233, 3, 3, 3, 466, 4, 4, 4, 470, 4, 3, 5, 413, 4, 5, 6, 555, 5, 4, 7, 173, 3, 2, 8, 354, 4, 3, 9, 636, 5, 6, 10, 218, 3, 3, 11, 489, 4, 5, 12, 471, 4, 5, 13, 193, 3, 4, 14, 467, 4, 4, 15, 490, 4, 4, 16, 579, 5, 4, 17, 437, 4, 4, 18, 523, 4, 4, 
http://espn.go.com/golf/player/scorecards/_/id/1414/year/2011/tournamentId/981/peter-hanson, U.S. Open - (06/16-06/19), 2011, 1, 402, 4, 4, 2, 233, 3, 4, 3, 466, 4, 4, 4, 470, 4, 4, 5, 413, 4, 3, 6, 555, 5, 5, 7, 173, 3, 2, 8, 354, 4, 5, 9, 636, 5, 5, 10, 218, 3, 3, 11, 489, 4, 4, 12, 471, 4, 4, 13, 193, 3, 4, 14, 467, 4, 4, 15, 490, 4, 4, 16, 579, 5, 5, 17, 437, 4, 4, 18, 523, 4, 4, 
http://espn.go.com/golf/player/scorecards/_/id/1414/year/2011/tournamentId/982/peter-hanson, The Open Championship - (07/14-07/17), 2011, 1, 444, 4, 5, 2, 417, 4, 4, 3, 240, 3, 3, 4, 495, 4, 4, 5, 419, 4, 4, 6, 178, 3, 3, 7, 564, 5, 5, 8, 453, 4, 5, 9, 412, 4, 4, 10, 415, 4, 4, 11, 243, 3, 3, 12, 381, 4, 3, 13, 459, 4, 4, 14, 547, 5, 5, 15, 496, 4, 4, 16, 163, 3, 3, 17, 426, 4, 4, 18, 459, 4, 4, 
http://espn.go.com/golf/player/scorecards/_/id/1414/year/2011/tournamentId/982/peter-hanson, The Open Championship - (07/14-07/17), 2011, 1, 444, 4, 4, 2, 417, 4, 4, 3, 240, 3, 4, 4, 495, 4, 4, 5, 419, 4, 3, 6, 178, 3, 2, 7, 564, 5, 5, 8, 453, 4, 5, 9, 412, 4, 5, 10, 415, 4, 4, 11, 243, 3, 3, 12, 381, 4, 4, 13, 459, 4, 5, 14, 547, 5, 5, 15, 496, 4, 4, 16, 163, 3, 3, 17, 426, 4, 4, 18, 459, 4, 5, 
http://espn.go.com/golf/player/scorecards/_/id/1414/year/2011/tournamentId/987/peter-hanson, World Golf Championships-Bridgestone Invitational - (08/04-08/07), 2011, 1, 399, 4, 3, 2, 526, 5, 5, 3, 442, 4, 4, 4, 471, 4, 4, 5, 200, 3, 3, 6, 469, 4, 4, 7, 219, 3, 2, 8, 482, 4, 4, 9, 494, 4, 5, 10, 410, 4, 4, 11, 418, 4, 5, 12, 180, 3, 4, 13, 471, 4, 4, 14, 467, 4, 4, 15, 221, 3, 3, 16, 667, 5, 5, 17, 400, 4, 4, 18, 464, 4, 3, 
http://espn.go.com/golf/player/scorecards/_/id/1414/year/2011/tournamentId/987/peter-hanson, World Golf Championships-Bridgestone Invitational - (08/04-08/07), 2011, 1, 399, 4, 4, 2, 526, 5, 5, 3, 442, 4, 4, 4, 471, 4, 4, 5, 200, 3, 2, 6, 469, 4, 4, 7, 219, 3, 3, 8, 482, 4, 5, 9, 494, 4, 3, 10, 410, 4, 4, 11, 418, 4, 4, 12, 180, 3, 3, 13, 471, 4, 4, 14, 467, 4, 4, 15, 221, 3, 3, 16, 667, 5, 5, 17, 400, 4, 4, 18, 464, 4, 5, 
http://espn.go.com/golf/player/scorecards/_/id/1414/year/2011/tournamentId/987/peter-hanson, World Golf Championships-Bridgestone Invitational - (08/04-08/07), 2011, 1, 399, 4, 4, 2, 526, 5, 4, 3, 442, 4, 4, 4, 471, 4, 4, 5, 200, 3, 3, 6, 469, 4, 4, 7, 219, 3, 3, 8, 482, 4, 4, 9, 494, 4, 5, 10, 410, 4, 3, 11, 418, 4, 3, 12, 180, 3, 2, 13, 471, 4, 4, 14, 467, 4, 4, 15, 221, 3, 3, 16, 667, 5, 5, 17, 400, 4, 4, 18, 464, 4, 4, 
http://espn.go.com/golf/player/scorecards/_/id/1414/year/2011/tournamentId/987/peter-hanson, World Golf Championships-Bridgestone Invitational - (08/04-08/07), 2011, 1, 399, 4, 4, 2, 526, 5, 5, 3, 442, 4, 4, 4, 471, 4, 3, 5, 200, 3, 3, 6, 469, 4, 4, 7, 219, 3, 3, 8, 482, 4, 4, 9, 494, 4, 5, 10, 410, 4, 3, 11, 418, 4, 3, 12, 180, 3, 3, 13, 471, 4, 4, 14, 467, 4, 4, 15, 221, 3, 4, 16, 667, 5, 5, 17, 400, 4, 5, 18, 464, 4, 4, 
http://espn.go.com/golf/player/scorecards/_/id/1414/year/2011/tournamentId/983/peter-hanson, PGA Championship - (08/11-08/14), 2011, 1, 454, 4, 4, 2, 512, 4, 5, 3, 475, 4, 5, 4, 219, 3, 3, 5, 565, 5, 5, 6, 425, 4, 4, 7, 184, 3, 3, 8, 467, 4, 4, 9, 426, 4, 4, 10, 442, 4, 4, 11, 457, 4, 5, 12, 551, 5, 4, 13, 372, 4, 3, 14, 468, 4, 4, 15, 260, 3, 3, 16, 476, 4, 4, 17, 207, 3, 3, 18, 507, 4, 6, 
http://espn.go.com/golf/player/scorecards/_/id/1414/year/2011/tournamentId/983/peter-hanson, PGA Championship - (08/11-08/14), 2011, 1, 454, 4, 5, 2, 512, 4, 4, 3, 475, 4, 4, 4, 219, 3, 5, 5, 565, 5, 5, 6, 425, 4, 4, 7, 184, 3, 3, 8, 467, 4, 6, 9, 426, 4, 4, 10, 442, 4, 4, 11, 457, 4, 4, 12, 551, 5, 4, 13, 372, 4, 3, 14, 468, 4, 7, 15, 260, 3, 3, 16, 476, 4, 4, 17, 207, 3, 3, 18, 507, 4, 4, 
http://espn.go.com/golf/player/scorecards/_/id/1414/year/2011/tournamentId/983/peter-hanson, PGA Championship - (08/11-08/14), 2011, 1, 454, 4, 4, 2, 512, 4, 5, 3, 475, 4, 4, 4, 219, 3, 3, 5, 565, 5, 4, 6, 425, 4, 3, 7, 184, 3, 3, 8, 467, 4, 6, 9, 426, 4, 4, 10, 442, 4, 3, 11, 457, 4, 4, 12, 551, 5, 4, 13, 372, 4, 4, 14, 468, 4, 5, 15, 260, 3, 3, 16, 476, 4, 4, 17, 207, 3, 3, 18, 507, 4, 5, 
http://espn.go.com/golf/player/scorecards/_/id/1414/year/2011/tournamentId/983/peter-hanson, PGA Championship - (08/11-08/14), 2011, 1, 454, 4, 5, 2, 512, 4, 4, 3, 475, 4, 3, 4, 219, 3, 3, 5, 565, 5, 4, 6, 425, 4, 4, 7, 184, 3, 3, 8, 467, 4, 4, 9, 426, 4, 4, 10, 442, 4, 4, 11, 457, 4, 4, 12, 551, 5, 5, 13, 372, 4, 4, 14, 468, 4, 4, 15, 260, 3, 4, 16, 476, 4, 5, 17, 207, 3, 2, 18, 507, 4, 5, 
http://espn.go.com/golf/player/scorecards/_/id/1414/year/2011/tournamentId/988/peter-hanson, World Golf Championships-HSBC Champions - (11/03-11/06), 2011, 1, 459, 4, 5, 2, 550, 5, 4, 3, 362, 4, 4, 4, 200, 3, 3, 5, 456, 4, 4, 6, 200, 3, 3, 7, 346, 4, 4, 8, 603, 5, 5, 9, 486, 4, 5, 10, 401, 4, 4, 11, 456, 4, 4, 12, 217, 3, 2, 13, 411, 4, 4, 14, 594, 5, 5, 15, 487, 4, 4, 16, 288, 4, 3, 17, 212, 3, 3, 18, 538, 5, 5, 
http://espn.go.com/golf/player/scorecards/_/id/1414/year/2011/tournamentId/988/peter-hanson, World Golf Championships-HSBC Champions - (11/03-11/06), 2011, 1, 459, 4, 4, 2, 550, 5, 6, 3, 362, 4, 3, 4, 200, 3, 3, 5, 456, 4, 5, 6, 200, 3, 3, 7, 346, 4, 3, 8, 603, 5, 5, 9, 486, 4, 4, 10, 401, 4, 4, 11, 456, 4, 4, 12, 217, 3, 3, 13, 411, 4, 4, 14, 594, 5, 4, 15, 487, 4, 4, 16, 288, 4, 5, 17, 212, 3, 3, 18, 538, 5, 4, 
http://espn.go.com/golf/player/scorecards/_/id/1414/year/2011/tournamentId/988/peter-hanson, World Golf Championships-HSBC Champions - (11/03-11/06), 2011, 1, 459, 4, 4, 2, 550, 5, 6, 3, 362, 4, 3, 4, 200, 3, 3, 5, 456, 4, 4, 6, 200, 3, 3, 7, 346, 4, 4, 8, 603, 5, 4, 9, 486, 4, 4, 10, 401, 4, 4, 11, 456, 4, 5, 12, 217, 3, 3, 13, 411, 4, 6, 14, 594, 5, 5, 15, 487, 4, 5, 16, 288, 4, 3, 17, 212, 3, 3, 18, 538, 5, 4, 
http://espn.go.com/golf/player/scorecards/_/id/1414/year/2011/tournamentId/988/peter-hanson, World Golf Championships-HSBC Champions - (11/03-11/06), 2011, 1, 459, 4, 4, 2, 550, 5, 3, 3, 362, 4, 4, 4, 200, 3, 3, 5, 456, 4, 4, 6, 200, 3, 4, 7, 346, 4, 4, 8, 603, 5, 5, 9, 486, 4, 5, 10, 401, 4, 3, 11, 456, 4, 4, 12, 217, 3, 3, 13, 411, 4, 4, 14, 594, 5, 4, 15, 487, 4, 4, 16, 288, 4, 3, 17, 212, 3, 3, 18, 538, 5, 5, 
http://espn.go.com/golf/player/scorecards/_/id/1414/year/2012/tournamentId/1027/peter-hanson, World Golf Championships-Cadillac Championship - (03/08-03/11), 2012, 1, 529, 5, 5, 2, 418, 4, 4, 3, 438, 4, 4, 4, 236, 3, 3, 5, 394, 4, 3, 6, 442, 4, 5, 7, 454, 4, 4, 8, 560, 5, 4, 9, 169, 3, 3, 10, 551, 5, 4, 11, 402, 4, 4, 12, 603, 5, 5, 13, 245, 3, 4, 14, 460, 4, 5, 15, 175, 3, 3, 16, 372, 4, 3, 17, 419, 4, 4, 18, 467, 4, 4, 
http://espn.go.com/golf/player/scorecards/_/id/1414/year/2012/tournamentId/1027/peter-hanson, World Golf Championships-Cadillac Championship - (03/08-03/11), 2012, 1, 529, 5, 4, 2, 418, 4, 5, 3, 438, 4, 3, 4, 236, 3, 3, 5, 394, 4, 4, 6, 442, 4, 4, 7, 454, 4, 4, 8, 560, 5, 5, 9, 169, 3, 3, 10, 551, 5, 5, 11, 402, 4, 4, 12, 603, 5, 5, 13, 245, 3, 2, 14, 460, 4, 4, 15, 175, 3, 3, 16, 372, 4, 3, 17, 419, 4, 4, 18, 467, 4, 4, 
http://espn.go.com/golf/player/scorecards/_/id/1414/year/2012/tournamentId/1027/peter-hanson, World Golf Championships-Cadillac Championship - (03/08-03/11), 2012, 1, 529, 5, 3, 2, 418, 4, 3, 3, 438, 4, 4, 4, 236, 3, 3, 5, 394, 4, 3, 6, 442, 4, 4, 7, 454, 4, 4, 8, 560, 5, 5, 9, 169, 3, 2, 10, 551, 5, 5, 11, 402, 4, 3, 12, 603, 5, 4, 13, 245, 3, 3, 14, 460, 4, 3, 15, 175, 3, 3, 16, 372, 4, 4, 17, 419, 4, 4, 18, 467, 4, 5, 
http://espn.go.com/golf/player/scorecards/_/id/1414/year/2012/tournamentId/1027/peter-hanson, World Golf Championships-Cadillac Championship - (03/08-03/11), 2012, 1, 529, 5, 4, 2, 418, 4, 4, 3, 438, 4, 6, 4, 236, 3, 3, 5, 394, 4, 4, 6, 442, 4, 4, 7, 454, 4, 4, 8, 560, 5, 5, 9, 169, 3, 3, 10, 551, 5, 5, 11, 402, 4, 3, 12, 603, 5, 4, 13, 245, 3, 3, 14, 460, 4, 3, 15, 175, 3, 3, 16, 372, 4, 3, 17, 419, 4, 4, 18, 467, 4, 5, 
http://espn.go.com/golf/player/scorecards/_/id/1414/year/2012/tournamentId/1061/peter-hanson, Transitions Championship - (03/15-03/18), 2012, 1, 560, 5, 5, 2, 435, 4, 4, 3, 455, 4, 4, 4, 195, 3, 3, 5, 605, 5, 4, 6, 465, 4, 3, 7, 420, 4, 4, 8, 235, 3, 2, 9, 430, 4, 4, 10, 445, 4, 4, 11, 575, 5, 5, 12, 380, 4, 4, 13, 200, 3, 3, 14, 590, 5, 4, 15, 215, 3, 3, 16, 475, 4, 4, 17, 215, 3, 4, 18, 445, 4, 4, 
http://espn.go.com/golf/player/scorecards/_/id/1414/year/2012/tournamentId/1061/peter-hanson, Transitions Championship - (03/15-03/18), 2012, 1, 560, 5, 4, 2, 435, 4, 4, 3, 455, 4, 4, 4, 195, 3, 4, 5, 605, 5, 5, 6, 465, 4, 5, 7, 420, 4, 4, 8, 235, 3, 2, 9, 430, 4, 5, 10, 445, 4, 4, 11, 575, 5, 5, 12, 380, 4, 4, 13, 200, 3, 5, 14, 590, 5, 4, 15, 215, 3, 4, 16, 475, 4, 4, 17, 215, 3, 4, 18, 445, 4, 4, 
http://espn.go.com/golf/player/scorecards/_/id/1414/year/2012/tournamentId/1061/peter-hanson, Transitions Championship - (03/15-03/18), 2012, 1, 560, 5, 4, 2, 435, 4, 4, 3, 455, 4, 3, 4, 195, 3, 3, 5, 605, 5, 5, 6, 465, 4, 4, 7, 420, 4, 4, 8, 235, 3, 3, 9, 430, 4, 4, 10, 445, 4, 4, 11, 575, 5, 5, 12, 380, 4, 5, 13, 200, 3, 2, 14, 590, 5, 5, 15, 215, 3, 3, 16, 475, 4, 4, 17, 215, 3, 4, 18, 445, 4, 4, 
http://espn.go.com/golf/player/scorecards/_/id/1414/year/2012/tournamentId/1061/peter-hanson, Transitions Championship - (03/15-03/18), 2012, 1, 560, 5, 4, 2, 435, 4, 4, 3, 455, 4, 4, 4, 195, 3, 4, 5, 605, 5, 4, 6, 465, 4, 4, 7, 420, 4, 5, 8, 235, 3, 3, 9, 430, 4, 3, 10, 445, 4, 4, 11, 575, 5, 4, 12, 380, 4, 3, 13, 200, 3, 5, 14, 590, 5, 4, 15, 215, 3, 3, 16, 475, 4, 5, 17, 215, 3, 3, 18, 445, 4, 4, 
http://espn.go.com/golf/player/scorecards/_/id/1414/year/2012/tournamentId/1008/peter-hanson, Shell Houston Open - (03/29-04/01), 2012, 1, 397, 4, 4, 2, 429, 4, 4, 3, 398, 4, 4, 4, 566, 5, 6, 5, 480, 4, 4, 6, 464, 4, 4, 7, 174, 3, 3, 8, 557, 5, 4, 9, 238, 3, 4, 10, 380, 4, 4, 11, 441, 4, 4, 12, 338, 4, 3, 13, 590, 5, 5, 14, 216, 3, 4, 15, 608, 5, 5, 16, 188, 3, 3, 17, 489, 4, 4, 18, 488, 4, 4, 
http://espn.go.com/golf/player/scorecards/_/id/1414/year/2012/tournamentId/1008/peter-hanson, Shell Houston Open - (03/29-04/01), 2012, 1, 397, 4, 4, 2, 429, 4, 4, 3, 398, 4, 4, 4, 566, 5, 6, 5, 480, 4, 4, 6, 464, 4, 5, 7, 174, 3, 3, 8, 557, 5, 4, 9, 238, 3, 2, 10, 380, 4, 3, 11, 441, 4, 3, 12, 338, 4, 4, 13, 590, 5, 5, 14, 216, 3, 3, 15, 608, 5, 5, 16, 188, 3, 3, 17, 489, 4, 4, 18, 488, 4, 5, 
http://espn.go.com/golf/player/scorecards/_/id/1414/year/2012/tournamentId/1005/peter-hanson, The Masters Tournament - (04/05-04/08), 2012, 1, 445, 4, 5, 2, 575, 5, 5, 3, 350, 4, 5, 4, 240, 3, 3, 5, 455, 4, 4, 6, 180, 3, 3, 7, 450, 4, 4, 8, 570, 5, 5, 9, 460, 4, 4, 10, 495, 4, 4, 11, 505, 4, 4, 12, 155, 3, 4, 13, 510, 5, 5, 14, 440, 4, 4, 15, 530, 5, 4, 16, 170, 3, 3, 17, 440, 4, 4, 18, 465, 4, 3, 
http://espn.go.com/golf/player/scorecards/_/id/1414/year/2012/tournamentId/1005/peter-hanson, The Masters Tournament - (04/05-04/08), 2012, 1, 445, 4, 5, 2, 575, 5, 4, 3, 350, 4, 4, 4, 240, 3, 3, 5, 455, 4, 4, 6, 180, 3, 3, 7, 450, 4, 3, 8, 570, 5, 4, 9, 460, 4, 4, 10, 495, 4, 4, 11, 505, 4, 4, 12, 155, 3, 2, 13, 510, 5, 5, 14, 440, 4, 3, 15, 530, 5, 4, 16, 170, 3, 3, 17, 440, 4, 3, 18, 465, 4, 3, 
http://espn.go.com/golf/player/scorecards/_/id/1414/year/2012/tournamentId/1005/peter-hanson, The Masters Tournament - (04/05-04/08), 2012, 1, 445, 4, 6, 2, 575, 5, 4, 3, 350, 4, 3, 4, 240, 3, 2, 5, 455, 4, 4, 6, 180, 3, 3, 7, 450, 4, 4, 8, 570, 5, 5, 9, 460, 4, 4, 10, 495, 4, 5, 11, 505, 4, 6, 12, 155, 3, 3, 13, 510, 5, 5, 14, 440, 4, 5, 15, 530, 5, 4, 16, 170, 3, 3, 17, 440, 4, 4, 18, 465, 4, 4, 
http://espn.go.com/golf/player/scorecards/_/id/1414/year/2012/tournamentId/1005/peter-hanson, The Masters Tournament - (04/05-04/08), 2012, 1, 445, 4, 3, 2, 575, 5, 5, 3, 350, 4, 4, 4, 240, 3, 4, 5, 455, 4, 4, 6, 180, 3, 4, 7, 450, 4, 3, 8, 570, 5, 4, 9, 460, 4, 4, 10, 495, 4, 4, 11, 505, 4, 3, 12, 155, 3, 2, 13, 510, 5, 5, 14, 440, 4, 4, 15, 530, 5, 5, 16, 170, 3, 3, 17, 440, 4, 3, 18, 465, 4, 4, 
http://espn.go.com/golf/player/scorecards/_/id/1414/year/2012/tournamentId/1003/peter-hanson, Zurich Classic of New Orleans - (04/26-04/29), 2012, 1, 399, 4, 4, 2, 548, 5, 5, 3, 221, 3, 3, 4, 482, 4, 4, 5, 438, 4, 4, 6, 476, 4, 6, 7, 561, 5, 4, 8, 372, 4, 4, 9, 207, 3, 3, 10, 390, 4, 4, 11, 575, 5, 4, 12, 492, 4, 3, 13, 403, 4, 3, 14, 216, 3, 2, 15, 490, 4, 5, 16, 355, 4, 4, 17, 215, 3, 3, 18, 585, 5, 5, 
http://espn.go.com/golf/player/scorecards/_/id/1414/year/2012/tournamentId/1003/peter-hanson, Zurich Classic of New Orleans - (04/26-04/29), 2012, 1, 399, 4, 3, 2, 548, 5, 5, 3, 221, 3, 3, 4, 482, 4, 4, 5, 438, 4, 4, 6, 476, 4, 5, 7, 561, 5, 5, 8, 372, 4, 3, 9, 207, 3, 5, 10, 390, 4, 4, 11, 575, 5, 4, 12, 492, 4, 4, 13, 403, 4, 3, 14, 216, 3, 3, 15, 490, 4, 5, 16, 355, 4, 3, 17, 215, 3, 3, 18, 585, 5, 4, 
http://espn.go.com/golf/player/scorecards/_/id/1414/year/2012/tournamentId/1003/peter-hanson, Zurich Classic of New Orleans - (04/26-04/29), 2012, 1, 399, 4, 4, 2, 548, 5, 4, 3, 221, 3, 3, 4, 482, 4, 4, 5, 438, 4, 3, 6, 476, 4, 4, 7, 561, 5, 5, 8, 372, 4, 4, 9, 207, 3, 3, 10, 390, 4, 4, 11, 575, 5, 4, 12, 492, 4, 4, 13, 403, 4, 3, 14, 216, 3, 3, 15, 490, 4, 4, 16, 355, 4, 4, 17, 215, 3, 3, 18, 585, 5, 5, 
http://espn.go.com/golf/player/scorecards/_/id/1414/year/2012/tournamentId/1003/peter-hanson, Zurich Classic of New Orleans - (04/26-04/29), 2012, 1, 399, 4, 3, 2, 548, 5, 5, 3, 221, 3, 3, 4, 482, 4, 4, 5, 438, 4, 4, 6, 476, 4, 5, 7, 561, 5, 4, 8, 372, 4, 5, 9, 207, 3, 3, 10, 390, 4, 4, 11, 575, 5, 7, 12, 492, 4, 4, 13, 403, 4, 4, 14, 216, 3, 3, 15, 490, 4, 4, 16, 355, 4, 4, 17, 215, 3, 3, 18, 585, 5, 5, 
http://espn.go.com/golf/player/scorecards/_/id/1414/year/2012/tournamentId/1004/peter-hanson, THE PLAYERS Championship - (05/10-05/13), 2012, 1, 423, 4, 4, 2, 532, 5, 4, 3, 177, 3, 3, 4, 384, 4, 3, 5, 471, 4, 4, 6, 393, 4, 4, 7, 442, 4, 5, 8, 237, 3, 3, 9, 583, 5, 5, 10, 424, 4, 3, 11, 558, 5, 4, 12, 358, 4, 4, 13, 181, 3, 3, 14, 481, 4, 4, 15, 449, 4, 4, 16, 523, 5, 4, 17, 137, 3, 3, 18, 462, 4, 4, 
http://espn.go.com/golf/player/scorecards/_/id/1414/year/2012/tournamentId/1004/peter-hanson, THE PLAYERS Championship - (05/10-05/13), 2012, 1, 423, 4, 4, 2, 532, 5, 5, 3, 177, 3, 4, 4, 384, 4, 4, 5, 471, 4, 4, 6, 393, 4, 4, 7, 442, 4, 4, 8, 237, 3, 3, 9, 583, 5, 5, 10, 424, 4, 4, 11, 558, 5, 5, 12, 358, 4, 4, 13, 181, 3, 3, 14, 481, 4, 4, 15, 449, 4, 4, 16, 523, 5, 4, 17, 137, 3, 2, 18, 462, 4, 4, 
http://espn.go.com/golf/player/scorecards/_/id/1414/year/2012/tournamentId/1004/peter-hanson, THE PLAYERS Championship - (05/10-05/13), 2012, 1, 423, 4, 4, 2, 532, 5, 6, 3, 177, 3, 3, 4, 384, 4, 3, 5, 471, 4, 4, 6, 393, 4, 4, 7, 442, 4, 5, 8, 237, 3, 3, 9, 583, 5, 5, 10, 424, 4, 5, 11, 558, 5, 4, 12, 358, 4, 3, 13, 181, 3, 3, 14, 481, 4, 4, 15, 449, 4, 4, 16, 523, 5, 4, 17, 137, 3, 3, 18, 462, 4, 4, 
http://espn.go.com/golf/player/scorecards/_/id/1414/year/2012/tournamentId/1004/peter-hanson, THE PLAYERS Championship - (05/10-05/13), 2012, 1, 423, 4, 4, 2, 532, 5, 5, 3, 177, 3, 2, 4, 384, 4, 4, 5, 471, 4, 5, 6, 393, 4, 4, 7, 442, 4, 5, 8, 237, 3, 3, 9, 583, 5, 7, 10, 424, 4, 5, 11, 558, 5, 4, 12, 358, 4, 4, 13, 181, 3, 3, 14, 481, 4, 5, 15, 449, 4, 3, 16, 523, 5, 4, 17, 137, 3, 3, 18, 462, 4, 3, 
http://espn.go.com/golf/player/scorecards/_/id/1414/year/2012/tournamentId/1013/peter-hanson, U.S. Open Golf Championship - (06/14-06/17), 2012, 1, 520, 4, 5, 2, 428, 4, 4, 3, 247, 3, 4, 4, 438, 4, 4, 5, 498, 4, 5, 6, 489, 4, 4, 7, 288, 4, 5, 8, 200, 3, 4, 9, 449, 4, 3, 10, 424, 4, 4, 11, 430, 4, 4, 12, 451, 4, 3, 13, 199, 3, 3, 14, 419, 4, 4, 15, 154, 3, 3, 16, 670, 5, 5, 17, 522, 5, 5, 18, 344, 4, 6, 
http://espn.go.com/golf/player/scorecards/_/id/1414/year/2012/tournamentId/1013/peter-hanson, U.S. Open Golf Championship - (06/14-06/17), 2012, 1, 520, 4, 6, 2, 428, 4, 5, 3, 247, 3, 4, 4, 438, 4, 5, 5, 498, 4, 5, 6, 489, 4, 4, 7, 288, 4, 4, 8, 200, 3, 4, 9, 449, 4, 4, 10, 424, 4, 6, 11, 430, 4, 4, 12, 451, 4, 4, 13, 199, 3, 3, 14, 419, 4, 4, 15, 154, 3, 3, 16, 670, 5, 5, 17, 522, 5, 4, 18, 344, 4, 4, 
http://espn.go.com/golf/player/scorecards/_/id/1414/year/2012/tournamentId/1017/peter-hanson, The Open Championship - (07/19-07/22), 2012, 1, 205, 3, 3, 2, 481, 4, 3, 3, 478, 4, 4, 4, 392, 4, 4, 5, 219, 3, 3, 6, 492, 4, 5, 7, 592, 5, 5, 8, 416, 4, 5, 9, 165, 3, 3, 10, 387, 4, 5, 11, 598, 5, 5, 12, 198, 3, 3, 13, 355, 4, 4, 14, 444, 4, 4, 15, 462, 4, 4, 16, 336, 4, 4, 17, 453, 4, 4, 18, 413, 4, 3, 
http://espn.go.com/golf/player/scorecards/_/id/1414/year/2012/tournamentId/1017/peter-hanson, The Open Championship - (07/19-07/22), 2012, 1, 205, 3, 4, 2, 481, 4, 4, 3, 478, 4, 5, 4, 392, 4, 5, 5, 219, 3, 2, 6, 492, 4, 4, 7, 592, 5, 4, 8, 416, 4, 3, 9, 165, 3, 3, 10, 387, 4, 4, 11, 598, 5, 7, 12, 198, 3, 3, 13, 355, 4, 4, 14, 444, 4, 3, 15, 462, 4, 5, 16, 336, 4, 4, 17, 453, 4, 4, 18, 413, 4, 4, 
http://espn.go.com/golf/player/scorecards/_/id/1414/year/2012/tournamentId/1017/peter-hanson, The Open Championship - (07/19-07/22), 2012, 1, 205, 3, 2, 2, 481, 4, 5, 3, 478, 4, 3, 4, 392, 4, 4, 5, 219, 3, 4, 6, 492, 4, 4, 7, 592, 5, 5, 8, 416, 4, 4, 9, 165, 3, 4, 10, 387, 4, 4, 11, 598, 5, 6, 12, 198, 3, 3, 13, 355, 4, 4, 14, 444, 4, 4, 15, 462, 4, 4, 16, 336, 4, 4, 17, 453, 4, 4, 18, 413, 4, 4, 
http://espn.go.com/golf/player/scorecards/_/id/1414/year/2012/tournamentId/1017/peter-hanson, The Open Championship - (07/19-07/22), 2012, 1, 205, 3, 2, 2, 481, 4, 4, 3, 478, 4, 5, 4, 392, 4, 3, 5, 219, 3, 2, 6, 492, 4, 5, 7, 592, 5, 4, 8, 416, 4, 4, 9, 165, 3, 3, 10, 387, 4, 4, 11, 598, 5, 5, 12, 198, 3, 3, 13, 355, 4, 4, 14, 444, 4, 4, 15, 462, 4, 5, 16, 336, 4, 3, 17, 453, 4, 4, 18, 413, 4, 3, 
http://espn.go.com/golf/player/scorecards/_/id/1414/year/2012/tournamentId/1019/peter-hanson, World Golf Championships-Bridgestone Invitational - (08/02-08/05), 2012, 1, 399, 4, 4, 2, 526, 5, 7, 3, 442, 4, 4, 4, 471, 4, 5, 5, 200, 3, 2, 6, 469, 4, 5, 7, 219, 3, 3, 8, 482, 4, 5, 9, 494, 4, 4, 10, 410, 4, 4, 11, 418, 4, 4, 12, 180, 3, 4, 13, 471, 4, 4, 14, 467, 4, 4, 15, 221, 3, 3, 16, 667, 5, 5, 17, 400, 4, 4, 18, 464, 4, 3, 
http://espn.go.com/golf/player/scorecards/_/id/1414/year/2012/tournamentId/1019/peter-hanson, World Golf Championships-Bridgestone Invitational - (08/02-08/05), 2012, 1, 399, 4, 4, 2, 526, 5, 4, 3, 442, 4, 5, 4, 471, 4, 4, 5, 200, 3, 2, 6, 469, 4, 4, 7, 219, 3, 3, 8, 482, 4, 4, 9, 494, 4, 5, 10, 410, 4, 3, 11, 418, 4, 5, 12, 180, 3, 3, 13, 471, 4, 5, 14, 467, 4, 5, 15, 221, 3, 2, 16, 667, 5, 6, 17, 400, 4, 4, 18, 464, 4, 3, 
http://espn.go.com/golf/player/scorecards/_/id/1414/year/2012/tournamentId/1019/peter-hanson, World Golf Championships-Bridgestone Invitational - (08/02-08/05), 2012, 1, 399, 4, 4, 2, 526, 5, 4, 3, 442, 4, 5, 4, 471, 4, 4, 5, 200, 3, 2, 6, 469, 4, 4, 7, 219, 3, 3, 8, 482, 4, 4, 9, 494, 4, 4, 10, 410, 4, 4, 11, 418, 4, 4, 12, 180, 3, 3, 13, 471, 4, 5, 14, 467, 4, 4, 15, 221, 3, 3, 16, 667, 5, 5, 17, 400, 4, 4, 18, 464, 4, 5, 
http://espn.go.com/golf/player/scorecards/_/id/1414/year/2012/tournamentId/1019/peter-hanson, World Golf Championships-Bridgestone Invitational - (08/02-08/05), 2012, 1, 399, 4, 3, 2, 526, 5, 4, 3, 442, 4, 4, 4, 471, 4, 5, 5, 200, 3, 4, 6, 469, 4, 5, 7, 219, 3, 3, 8, 482, 4, 4, 9, 494, 4, 4, 10, 410, 4, 4, 11, 418, 4, 4, 12, 180, 3, 3, 13, 471, 4, 5, 14, 467, 4, 5, 15, 221, 3, 3, 16, 667, 5, 5, 17, 400, 4, 3, 18, 464, 4, 5, 
http://espn.go.com/golf/player/scorecards/_/id/1414/year/2012/tournamentId/1018/peter-hanson, PGA Championship - (08/09-08/12), 2012, 1, 396, 4, 3, 2, 557, 5, 5, 3, 390, 4, 3, 4, 458, 4, 4, 5, 188, 3, 3, 6, 480, 4, 4, 7, 579, 5, 5, 8, 198, 3, 3, 9, 494, 4, 5, 10, 447, 4, 4, 11, 593, 5, 5, 12, 412, 4, 3, 13, 497, 4, 4, 14, 238, 3, 4, 15, 444, 4, 4, 16, 581, 5, 4, 17, 223, 3, 4, 18, 501, 4, 4, 
http://espn.go.com/golf/player/scorecards/_/id/1414/year/2012/tournamentId/1018/peter-hanson, PGA Championship - (08/09-08/12), 2012, 1, 396, 4, 4, 2, 557, 5, 5, 3, 390, 4, 3, 4, 458, 4, 4, 5, 188, 3, 4, 6, 480, 4, 4, 7, 579, 5, 4, 8, 198, 3, 3, 9, 494, 4, 4, 10, 447, 4, 4, 11, 593, 5, 5, 12, 412, 4, 3, 13, 497, 4, 5, 14, 238, 3, 3, 15, 444, 4, 4, 16, 581, 5, 4, 17, 223, 3, 3, 18, 501, 4, 4, 
http://espn.go.com/golf/player/scorecards/_/id/1414/year/2012/tournamentId/1018/peter-hanson, PGA Championship - (08/09-08/12), 2012, 1, 396, 4, 4, 2, 557, 5, 4, 3, 390, 4, 5, 4, 458, 4, 4, 5, 188, 3, 4, 6, 480, 4, 4, 7, 579, 5, 5, 8, 198, 3, 3, 9, 494, 4, 5, 10, 447, 4, 4, 11, 593, 5, 6, 12, 412, 4, 4, 13, 497, 4, 4, 14, 238, 3, 4, 15, 444, 4, 3, 16, 581, 5, 4, 17, 223, 3, 3, 18, 501, 4, 5, 
http://espn.go.com/golf/player/scorecards/_/id/1414/year/2012/tournamentId/1018/peter-hanson, PGA Championship - (08/09-08/12), 2012, 1, 396, 4, 3, 2, 557, 5, 4, 3, 390, 4, 3, 4, 458, 4, 5, 5, 188, 3, 3, 6, 480, 4, 4, 7, 579, 5, 5, 8, 198, 3, 3, 9, 494, 4, 4, 10, 447, 4, 4, 11, 593, 5, 5, 12, 412, 4, 3, 13, 497, 4, 5, 14, 238, 3, 3, 15, 444, 4, 3, 16, 581, 5, 5, 17, 223, 3, 3, 18, 501, 4, 4, 
http://espn.go.com/golf/player/scorecards/_/id/1414/tournamentId/1220/peter-hanson, The Greenbrier Classic - (07/04-07/07), 2013, 1, 449, 4, 4, 2, 488, 4, 4, 3, 205, 3, 3, 4, 427, 4, 4, 5, 388, 4, 5, 6, 471, 4, 4, 7, 430, 4, 4, 8, 234, 3, 3, 9, 404, 4, 5, 10, 385, 4, 4, 11, 493, 4, 5, 12, 568, 5, , 13, 492, 4, , 14, 401, 4, , 15, 217, 3, , 16, 444, 4, , 17, 616, 5, , 18, 175, 3, , 
http://espn.go.com/golf/player/scorecards/_/id/1414/tournamentId/1220/peter-hanson, The Greenbrier Classic - (07/04-07/07), 2013, 1, 449, 4, 4, 2, 488, 4, 4, 3, 205, 3, 3, 4, 427, 4, 4, 5, 388, 4, 3, 6, 471, 4, 4, 7, 430, 4, 3, 8, 234, 3, 3, 9, 404, 4, 4, 10, 385, 4, 4, 11, 493, 4, 4, 12, 568, 5, 5, 13, 492, 4, 5, 14, 401, 4, 4, 15, 217, 3, 3, 16, 444, 4, 4, 17, 616, 5, 4, 18, 175, 3, 3, 
http://espn.go.com/golf/player/scorecards/_/id/1414/tournamentId/1220/peter-hanson, The Greenbrier Classic - (07/04-07/07), 2013, 1, 449, 4, 4, 2, 488, 4, 4, 3, 205, 3, 4, 4, 427, 4, 3, 5, 388, 4, 4, 6, 471, 4, 4, 7, 430, 4, 5, 8, 234, 3, 3, 9, 404, 4, 6, 10, 385, 4, 4, 11, 493, 4, 4, 12, 568, 5, 4, 13, 492, 4, 5, 14, 401, 4, 4, 15, 217, 3, 2, 16, 444, 4, 4, 17, 616, 5, 4, 18, 175, 3, 3, 
http://espn.go.com/golf/player/scorecards/_/id/1414/tournamentId/1220/peter-hanson, The Greenbrier Classic - (07/04-07/07), 2013, 1, 449, 4, 4, 2, 488, 4, 5, 3, 205, 3, 3, 4, 427, 4, 3, 5, 388, 4, 3, 6, 471, 4, 4, 7, 430, 4, 4, 8, 234, 3, 4, 9, 404, 4, 3, 10, 385, 4, 3, 11, 493, 4, 4, 12, 568, 5, 5, 13, 492, 4, 4, 14, 401, 4, 4, 15, 217, 3, 2, 16, 444, 4, 4, 17, 616, 5, 5, 18, 175, 3, 2, 
http://espn.go.com/golf/player/scorecards/_/id/1414/tournamentId/1200/peter-hanson, U.S. Open Golf Championship - (06/13-06/16), 2013, 1, 350, 4, 4, 2, 556, 5, 5, 3, 256, 3, 3, 4, 628, 5, 5, 5, 504, 4, 4, 6, 487, 4, 4, 7, 360, 4, 4, 8, 359, 4, 3, 9, 236, 3, 4, 10, 303, 4, 3, 11, 367, 4, 5, 12, 403, 4, 5, 13, 115, 3, 2, 14, 464, 4, 7, 15, 411, 4, 5, 16, 430, 4, 4, 17, 246, 3, 4, 18, 521, 4, 4, 
http://espn.go.com/golf/player/scorecards/_/id/1414/tournamentId/1200/peter-hanson, U.S. Open Golf Championship - (06/13-06/16), 2013, 1, 350, 4, 4, 2, 556, 5, 5, 3, 256, 3, 3, 4, 628, 5, 5, 5, 504, 4, 5, 6, 487, 4, 5, 7, 360, 4, 5, 8, 359, 4, 4, 9, 236, 3, 3, 10, 303, 4, 3, 11, 367, 4, 4, 12, 403, 4, 5, 13, 115, 3, 3, 14, 464, 4, 4, 15, 411, 4, 3, 16, 430, 4, 5, 17, 246, 3, 4, 18, 521, 4, 4, 
http://espn.go.com/golf/player/scorecards/_/id/1414/tournamentId/1201/peter-hanson, FedEx St. Jude Classic - (06/06-06/09), 2013, 1, 434, 4, 4, 2, 401, 4, 4, 3, 554, 5, 4, 4, 196, 3, 3, 5, 485, 4, 5, 6, 445, 4, 4, 7, 482, 4, 4, 8, 178, 3, 3, 9, 457, 4, 4, 10, 465, 4, 4, 11, 157, 3, 3, 12, 406, 4, 4, 13, 472, 4, 4, 14, 239, 3, 4, 15, 395, 4, 5, 16, 530, 5, 4, 17, 490, 4, 3, 18, 453, 4, 6, 
http://espn.go.com/golf/player/scorecards/_/id/1414/tournamentId/1201/peter-hanson, FedEx St. Jude Classic - (06/06-06/09), 2013, 1, 434, 4, 5, 2, 401, 4, 4, 3, 554, 5, 5, 4, 196, 3, 4, 5, 485, 4, 3, 6, 445, 4, 4, 7, 482, 4, 3, 8, 178, 3, 2, 9, 457, 4, 4, 10, 465, 4, 5, 11, 157, 3, 2, 12, 406, 4, 4, 13, 472, 4, 4, 14, 239, 3, 3, 15, 395, 4, 4, 16, 530, 5, 5, 17, 490, 4, 4, 18, 453, 4, 3, 
http://espn.go.com/golf/player/scorecards/_/id/1414/tournamentId/1201/peter-hanson, FedEx St. Jude Classic - (06/06-06/09), 2013, 1, 434, 4, 4, 2, 401, 4, 3, 3, 554, 5, 4, 4, 196, 3, 3, 5, 485, 4, 5, 6, 445, 4, 4, 7, 482, 4, 4, 8, 178, 3, 2, 9, 457, 4, 4, 10, 465, 4, 5, 11, 157, 3, 3, 12, 406, 4, 6, 13, 472, 4, 4, 14, 239, 3, 3, 15, 395, 4, 4, 16, 530, 5, 5, 17, 490, 4, 4, 18, 453, 4, 4, 
http://espn.go.com/golf/player/scorecards/_/id/1414/tournamentId/1201/peter-hanson, FedEx St. Jude Classic - (06/06-06/09), 2013, 1, 434, 4, 3, 2, 401, 4, 3, 3, 554, 5, 5, 4, 196, 3, 3, 5, 485, 4, 4, 6, 445, 4, 5, 7, 482, 4, 3, 8, 178, 3, 3, 9, 457, 4, 4, 10, 465, 4, 4, 11, 157, 3, 3, 12, 406, 4, 4, 13, 472, 4, 3, 14, 239, 3, 4, 15, 395, 4, 4, 16, 530, 5, 4, 17, 490, 4, 4, 18, 453, 4, 4, 
http://espn.go.com/golf/player/scorecards/_/id/1414/tournamentId/1191/peter-hanson, THE PLAYERS Championship - (05/09-05/12), 2013, 1, 423, 4, 5, 2, 532, 5, 5, 3, 177, 3, 3, 4, 384, 4, 4, 5, 471, 4, 6, 6, 393, 4, 4, 7, 442, 4, 4, 8, 237, 3, 3, 9, 583, 5, 5, 10, 424, 4, 5, 11, 558, 5, 5, 12, 358, 4, 5, 13, 181, 3, 3, 14, 481, 4, 8, 15, 449, 4, 6, 16, 523, 5, 4, 17, 137, 3, 2, 18, 462, 4, 5, 
http://espn.go.com/golf/player/scorecards/_/id/1414/tournamentId/1191/peter-hanson, THE PLAYERS Championship - (05/09-05/12), 2013, 1, 423, 4, 3, 2, 532, 5, 4, 3, 177, 3, 3, 4, 384, 4, 4, 5, 471, 4, 6, 6, 393, 4, 4, 7, 442, 4, 5, 8, 237, 3, 2, 9, 583, 5, 5, 10, 424, 4, 4, 11, 558, 5, 5, 12, 358, 4, 3, 13, 181, 3, 3, 14, 481, 4, 5, 15, 449, 4, 5, 16, 523, 5, 4, 17, 137, 3, 3, 18, 462, 4, 4, 
http://espn.go.com/golf/player/scorecards/_/id/1414/tournamentId/1191/peter-hanson, THE PLAYERS Championship - (05/09-05/12), 2013, 1, 423, 4, 4, 2, 532, 5, 5, 3, 177, 3, 3, 4, 384, 4, 3, 5, 471, 4, 4, 6, 393, 4, 4, 7, 442, 4, 4, 8, 237, 3, 4, 9, 583, 5, 4, 10, 424, 4, 5, 11, 558, 5, 4, 12, 358, 4, 4, 13, 181, 3, 3, 14, 481, 4, 4, 15, 449, 4, 4, 16, 523, 5, 5, 17, 137, 3, 2, 18, 462, 4, 4, 
http://espn.go.com/golf/player/scorecards/_/id/1414/tournamentId/1191/peter-hanson, THE PLAYERS Championship - (05/09-05/12), 2013, 1, 423, 4, 4, 2, 532, 5, 5, 3, 177, 3, 3, 4, 384, 4, 5, 5, 471, 4, 3, 6, 393, 4, 4, 7, 442, 4, 3, 8, 237, 3, 2, 9, 583, 5, 3, 10, 424, 4, 6, 11, 558, 5, 4, 12, 358, 4, 4, 13, 181, 3, 3, 14, 481, 4, 3, 15, 449, 4, 3, 16, 523, 5, 4, 17, 137, 3, 3, 18, 462, 4, 8, 
http://espn.go.com/golf/player/scorecards/_/id/1414/tournamentId/1193/peter-hanson, RBC Heritage - (04/18-04/21), 2013, 1, 410, 4, 4, 2, 502, 5, 5, 3, 469, 4, , 4, 200, 3, , 5, 540, 5, , 6, 419, 4, , 7, 195, 3, , 8, 473, 4, , 9, 332, 4, , 10, 451, 4, , 11, 436, 4, , 12, 430, 4, , 13, 373, 4, , 14, 192, 3, , 15, 588, 5, , 16, 434, 4, , 17, 185, 3, , 18, 472, 4, , 
http://espn.go.com/golf/player/scorecards/_/id/1414/tournamentId/1193/peter-hanson, RBC Heritage - (04/18-04/21), 2013, 1, 410, 4, 5, 2, 502, 5, 5, 3, 469, 4, 5, 4, 200, 3, 3, 5, 540, 5, 4, 6, 419, 4, 4, 7, 195, 3, 3, 8, 473, 4, 4, 9, 332, 4, 5, 10, 451, 4, 5, 11, 436, 4, 4, 12, 430, 4, 4, 13, 373, 4, 4, 14, 192, 3, 3, 15, 588, 5, 5, 16, 434, 4, 4, 17, 185, 3, 3, 18, 472, 4, 4, 
http://espn.go.com/golf/player/scorecards/_/id/1414/tournamentId/1192/peter-hanson, Masters Tournament - (04/11-04/14), 2013, 1, 445, 4, 5, 2, 575, 5, 5, 3, 350, 4, 4, 4, 240, 3, 3, 5, 455, 4, 5, 6, 180, 3, 3, 7, 450, 4, 4, 8, 570, 5, 4, 9, 460, 4, 4, 10, 495, 4, 4, 11, 505, 4, 4, 12, 155, 3, 3, 13, 510, 5, 5, 14, 440, 4, 4, 15, 530, 5, 5, 16, 170, 3, 2, 17, 440, 4, 4, 18, 465, 4, 4, 
http://espn.go.com/golf/player/scorecards/_/id/1414/tournamentId/1192/peter-hanson, Masters Tournament - (04/11-04/14), 2013, 1, 445, 4, 4, 2, 575, 5, 5, 3, 350, 4, 4, 4, 240, 3, 4, 5, 455, 4, 5, 6, 180, 3, 3, 7, 450, 4, 4, 8, 570, 5, 4, 9, 460, 4, 5, 10, 495, 4, 5, 11, 505, 4, 4, 12, 155, 3, 3, 13, 510, 5, 6, 14, 440, 4, 4, 15, 530, 5, 4, 16, 170, 3, 3, 17, 440, 4, 5, 18, 465, 4, 4, 
http://espn.go.com/golf/player/scorecards/_/id/1414/tournamentId/1192/peter-hanson, Masters Tournament - (04/11-04/14), 2013, 1, 445, 4, 4, 2, 575, 5, 5, 3, 350, 4, 4, 4, 240, 3, 3, 5, 455, 4, 5, 6, 180, 3, 3, 7, 450, 4, 4, 8, 570, 5, 5, 9, 460, 4, 4, 10, 495, 4, 4, 11, 505, 4, 5, 12, 155, 3, 4, 13, 510, 5, 6, 14, 440, 4, 4, 15, 530, 5, 4, 16, 170, 3, 3, 17, 440, 4, 4, 18, 465, 4, 4, 
http://espn.go.com/golf/player/scorecards/_/id/1414/tournamentId/1192/peter-hanson, Masters Tournament - (04/11-04/14), 2013, 1, 445, 4, 3, 2, 575, 5, 5, 3, 350, 4, 4, 4, 240, 3, 3, 5, 455, 4, 4, 6, 180, 3, 4, 7, 450, 4, 4, 8, 570, 5, 5, 9, 460, 4, 4, 10, 495, 4, 5, 11, 505, 4, 4, 12, 155, 3, 3, 13, 510, 5, 4, 14, 440, 4, 4, 15, 530, 5, 4, 16, 170, 3, 3, 17, 440, 4, 5, 18, 465, 4, 4, 
http://espn.go.com/golf/player/scorecards/_/id/1414/tournamentId/1210/peter-hanson, Valero Texas Open - (04/04-04/07), 2013, 1, 454, 4, 4, 2, 602, 5, 4, 3, 213, 3, 3, 4, 481, 4, 5, 5, 342, 4, 3, 6, 403, 4, 3, 7, 207, 3, 4, 8, 604, 5, 4, 9, 474, 4, 4, 10, 447, 4, 3, 11, 405, 4, 4, 12, 410, 4, 3, 13, 241, 3, 3, 14, 567, 5, 4, 15, 464, 4, 4, 16, 183, 3, 4, 17, 347, 4, 4, 18, 591, 5, 3, 
http://espn.go.com/golf/player/scorecards/_/id/1414/tournamentId/1210/peter-hanson, Valero Texas Open - (04/04-04/07), 2013, 1, 454, 4, 4, 2, 602, 5, 5, 3, 213, 3, 3, 4, 481, 4, 6, 5, 342, 4, 4, 6, 403, 4, 4, 7, 207, 3, 3, 8, 604, 5, 5, 9, 474, 4, 4, 10, 447, 4, 5, 11, 405, 4, 5, 12, 410, 4, 4, 13, 241, 3, 4, 14, 567, 5, 6, 15, 464, 4, 4, 16, 183, 3, 3, 17, 347, 4, 4, 18, 591, 5, 5, 
http://espn.go.com/golf/player/scorecards/_/id/1414/tournamentId/1210/peter-hanson, Valero Texas Open - (04/04-04/07), 2013, 1, 454, 4, 4, 2, 602, 5, 5, 3, 213, 3, 3, 4, 481, 4, 4, 5, 342, 4, 4, 6, 403, 4, 4, 7, 207, 3, 3, 8, 604, 5, 5, 9, 474, 4, 4, 10, 447, 4, 4, 11, 405, 4, 4, 12, 410, 4, 5, 13, 241, 3, 3, 14, 567, 5, 4, 15, 464, 4, 4, 16, 183, 3, 3, 17, 347, 4, 3, 18, 591, 5, 5, 
http://espn.go.com/golf/player/scorecards/_/id/1414/tournamentId/1210/peter-hanson, Valero Texas Open - (04/04-04/07), 2013, 1, 454, 4, 5, 2, 602, 5, 4, 3, 213, 3, 3, 4, 481, 4, 3, 5, 342, 4, 4, 6, 403, 4, 5, 7, 207, 3, 3, 8, 604, 5, 5, 9, 474, 4, 3, 10, 447, 4, 4, 11, 405, 4, 3, 12, 410, 4, 5, 13, 241, 3, 3, 14, 567, 5, 4, 15, 464, 4, 4, 16, 183, 3, 3, 17, 347, 4, 3, 18, 591, 5, 6, 
http://espn.go.com/golf/player/scorecards/_/id/1414/tournamentId/1215/peter-hanson, World Golf Championships-Cadillac Championship - (03/07-03/10), 2013, 1, 529, 5, 4, 2, 418, 4, 4, 3, 438, 4, 4, 4, 236, 3, 3, 5, 394, 4, 4, 6, 442, 4, 4, 7, 454, 4, 5, 8, 560, 5, 4, 9, 169, 3, 3, 10, 551, 5, 4, 11, 402, 4, 4, 12, 603, 5, 5, 13, 245, 3, 3, 14, 460, 4, 5, 15, 175, 3, 2, 16, 372, 4, 4, 17, 419, 4, 4, 18, 467, 4, 4, 
http://espn.go.com/golf/player/scorecards/_/id/1414/tournamentId/1215/peter-hanson, World Golf Championships-Cadillac Championship - (03/07-03/10), 2013, 1, 529, 5, 4, 2, 418, 4, 4, 3, 438, 4, 5, 4, 236, 3, 3, 5, 394, 4, 4, 6, 442, 4, 4, 7, 454, 4, 4, 8, 560, 5, 4, 9, 169, 3, 3, 10, 551, 5, 4, 11, 402, 4, 4, 12, 603, 5, 4, 13, 245, 3, 4, 14, 460, 4, 4, 15, 175, 3, 3, 16, 372, 4, 4, 17, 419, 4, 4, 18, 467, 4, 4, 
http://espn.go.com/golf/player/scorecards/_/id/1414/tournamentId/1215/peter-hanson, World Golf Championships-Cadillac Championship - (03/07-03/10), 2013, 1, 529, 5, 4, 2, 418, 4, 4, 3, 438, 4, 4, 4, 236, 3, 3, 5, 394, 4, 3, 6, 442, 4, 4, 7, 454, 4, 5, 8, 560, 5, 5, 9, 169, 3, 3, 10, 551, 5, 4, 11, 402, 4, 4, 12, 603, 5, 5, 13, 245, 3, 4, 14, 460, 4, 4, 15, 175, 3, 3, 16, 372, 4, 6, 17, 419, 4, 3, 18, 467, 4, 3, 
http://espn.go.com/golf/player/scorecards/_/id/1414/tournamentId/1215/peter-hanson, World Golf Championships-Cadillac Championship - (03/07-03/10), 2013, 1, 529, 5, 5, 2, 418, 4, 4, 3, 438, 4, 3, 4, 236, 3, 3, 5, 394, 4, 4, 6, 442, 4, 3, 7, 454, 4, 4, 8, 560, 5, 5, 9, 169, 3, 3, 10, 551, 5, 3, 11, 402, 4, 4, 12, 603, 5, 5, 13, 245, 3, 3, 14, 460, 4, 4, 15, 175, 3, 2, 16, 372, 4, 4, 17, 419, 4, 4, 18, 467, 4, 4, 
http://espn.go.com/golf/player/scorecards/_/id/1414/tournamentId/1188/peter-hanson, The Honda Classic - (02/28-03/03), 2013, 1, 365, 4, 4, 2, 464, 4, 5, 3, 538, 5, 4, 4, 376, 4, 4, 5, 217, 3, 2, 6, 479, 4, 6, 7, 226, 3, 3, 8, 427, 4, 4, 9, 421, 4, 4, 10, 508, 4, 4, 11, 450, 4, 4, 12, 427, 4, 4, 13, 388, 4, 4, 14, 465, 4, 4, 15, 179, 3, 3, 16, 434, 4, 6, 17, 190, 3, 3, 18, 556, 5, 5, 
http://espn.go.com/golf/player/scorecards/_/id/1414/tournamentId/1188/peter-hanson, The Honda Classic - (02/28-03/03), 2013, 1, 365, 4, 3, 2, 464, 4, 3, 3, 538, 5, 4, 4, 376, 4, 4, 5, 217, 3, 3, 6, 479, 4, 5, 7, 226, 3, 3, 8, 427, 4, 4, 9, 421, 4, 4, 10, 508, 4, 4, 11, 450, 4, 5, 12, 427, 4, 3, 13, 388, 4, 4, 14, 465, 4, 5, 15, 179, 3, 2, 16, 434, 4, 4, 17, 190, 3, 3, 18, 556, 5, 5, 
http://espn.go.com/golf/player/scorecards/_/id/1414/tournamentId/1188/peter-hanson, The Honda Classic - (02/28-03/03), 2013, 1, 365, 4, 3, 2, 464, 4, 4, 3, 538, 5, 5, 4, 376, 4, 3, 5, 217, 3, 3, 6, 479, 4, 4, 7, 226, 3, 3, 8, 427, 4, 3, 9, 421, 4, 4, 10, 508, 4, 4, 11, 450, 4, 5, 12, 427, 4, 4, 13, 388, 4, 4, 14, 465, 4, 3, 15, 179, 3, 3, 16, 434, 4, 4, 17, 190, 3, 4, 18, 556, 5, 4, 
http://espn.go.com/golf/player/scorecards/_/id/1414/tournamentId/1188/peter-hanson, The Honda Classic - (02/28-03/03), 2013, 1, 365, 4, 4, 2, 464, 4, 4, 3, 538, 5, 5, 4, 376, 4, 5, 5, 217, 3, 3, 6, 479, 4, 4, 7, 226, 3, 6, 8, 427, 4, 4, 9, 421, 4, 4, 10, 508, 4, 4, 11, 450, 4, 3, 12, 427, 4, 4, 13, 388, 4, 4, 14, 465, 4, 4, 15, 179, 3, 3, 16, 434, 4, 3, 17, 190, 3, 3, 18, 556, 5, 4, 
http://espn.go.com/golf/player/scorecards/_/id/1414/tournamentId/1187/peter-hanson, Northern Trust Open - (02/14-02/17), 2013, 1, 503, 5, 4, 2, 471, 4, 4, 3, 434, 4, 4, 4, 236, 3, 4, 5, 434, 4, 5, 6, 199, 3, 3, 7, 408, 4, 6, 8, 460, 4, 4, 9, 458, 4, 5, 10, 315, 4, 5, 11, 583, 5, 5, 12, 479, 4, 4, 13, 459, 4, 4, 14, 192, 3, 5, 15, 487, 4, 6, 16, 166, 3, 3, 17, 590, 5, 5, 18, 475, 4, 4, 
http://espn.go.com/golf/player/scorecards/_/id/1414/tournamentId/1187/peter-hanson, Northern Trust Open - (02/14-02/17), 2013, 1, 503, 5, 4, 2, 471, 4, 4, 3, 434, 4, 5, 4, 236, 3, 3, 5, 434, 4, 5, 6, 199, 3, 3, 7, 408, 4, 6, 8, 460, 4, 4, 9, 458, 4, 4, 10, 315, 4, 4, 11, 583, 5, 5, 12, 479, 4, 3, 13, 459, 4, 4, 14, 192, 3, 2, 15, 487, 4, 4, 16, 166, 3, 3, 17, 590, 5, 4, 18, 475, 4, 6, 
http://espn.go.com/golf/player/scorecards/_/id/1414/tournamentId/1187/peter-hanson, Northern Trust Open - (02/14-02/17), 2013, 1, 503, 5, 5, 2, 471, 4, 5, 3, 434, 4, 4, 4, 236, 3, 3, 5, 434, 4, 4, 6, 199, 3, 2, 7, 408, 4, 3, 8, 460, 4, 3, 9, 458, 4, 4, 10, 315, 4, 5, 11, 583, 5, 4, 12, 479, 4, 4, 13, 459, 4, 4, 14, 192, 3, 3, 15, 487, 4, 4, 16, 166, 3, 3, 17, 590, 5, 5, 18, 475, 4, 4, 
