http://espn.go.com/golf/player/scorecards/_/id/551/year/2004/tournamentId/179/thomas-levet, WGC-NEC Invitational - (08/19-08/22), 2004, 1, 399, 4, 3, 2, 526, 5, 4, 3, 442, 4, 3, 4, 471, 4, 4, 5, 200, 3, 3, 6, 469, 4, 5, 7, 219, 3, 3, 8, 482, 4, 4, 9, 494, 4, 5, 10, 410, 4, 5, 11, 418, 4, 3, 12, 180, 3, 2, 13, 471, 4, 5, 14, 467, 4, 5, 15, 221, 3, 3, 16, 667, 5, 5, 17, 400, 4, 4, 18, 464, 4, 4, 
http://espn.go.com/golf/player/scorecards/_/id/551/year/2004/tournamentId/179/thomas-levet, WGC-NEC Invitational - (08/19-08/22), 2004, 1, 399, 4, 4, 2, 526, 5, 4, 3, 442, 4, 4, 4, 471, 4, 3, 5, 200, 3, 4, 6, 469, 4, 4, 7, 219, 3, 3, 8, 482, 4, 4, 9, 494, 4, 5, 10, 410, 4, 5, 11, 418, 4, 4, 12, 180, 3, 3, 13, 471, 4, 4, 14, 467, 4, 5, 15, 221, 3, 3, 16, 667, 5, 7, 17, 400, 4, 3, 18, 464, 4, 4, 
http://espn.go.com/golf/player/scorecards/_/id/551/year/2004/tournamentId/179/thomas-levet, WGC-NEC Invitational - (08/19-08/22), 2004, 1, 399, 4, 4, 2, 526, 5, 4, 3, 442, 4, 5, 4, 471, 4, 4, 5, 200, 3, 2, 6, 469, 4, 5, 7, 219, 3, 2, 8, 482, 4, 3, 9, 494, 4, 5, 10, 410, 4, 4, 11, 418, 4, 5, 12, 180, 3, 3, 13, 471, 4, 4, 14, 467, 4, 4, 15, 221, 3, 3, 16, 667, 5, 6, 17, 400, 4, 4, 18, 464, 4, 5, 
http://espn.go.com/golf/player/scorecards/_/id/551/year/2004/tournamentId/179/thomas-levet, WGC-NEC Invitational - (08/19-08/22), 2004, 1, 399, 4, 4, 2, 526, 5, 4, 3, 442, 4, 4, 4, 471, 4, 4, 5, 200, 3, 3, 6, 469, 4, 4, 7, 219, 3, 3, 8, 482, 4, 3, 9, 494, 4, 3, 10, 410, 4, 5, 11, 418, 4, 3, 12, 180, 3, 3, 13, 471, 4, 5, 14, 467, 4, 6, 15, 221, 3, 3, 16, 667, 5, 4, 17, 400, 4, 3, 18, 464, 4, 4, 
http://espn.go.com/golf/player/scorecards/_/id/551/year/2004/tournamentId/191/thomas-levet, WGC-American Express Championship - (09/30-10/03), 2004, 1, 364, 4, 3, 2, 419, 4, 4, 3, 182, 3, 2, 4, 404, 4, 4, 5, 540, 5, 4, 6, 229, 3, 3, 7, 419, 4, 4, 8, 575, 5, 6, 9, 426, 4, 4, 10, 553, 5, 5, 11, 169, 3, 2, 12, 411, 4, 4, 13, 433, 4, 4, 14, 195, 3, 3, 15, 370, 4, 4, 16, 433, 4, 4, 17, 516, 5, 4, 18, 474, 4, 5, 
http://espn.go.com/golf/player/scorecards/_/id/551/year/2004/tournamentId/191/thomas-levet, WGC-American Express Championship - (09/30-10/03), 2004, 1, 364, 4, 4, 2, 419, 4, 5, 3, 182, 3, 3, 4, 404, 4, 4, 5, 540, 5, 5, 6, 229, 3, 4, 7, 419, 4, 4, 8, 575, 5, 4, 9, 426, 4, 4, 10, 553, 5, 5, 11, 169, 3, 3, 12, 411, 4, 4, 13, 433, 4, 4, 14, 195, 3, 2, 15, 370, 4, 4, 16, 433, 4, 4, 17, 516, 5, 4, 18, 474, 4, 6, 
http://espn.go.com/golf/player/scorecards/_/id/551/year/2004/tournamentId/191/thomas-levet, WGC-American Express Championship - (09/30-10/03), 2004, 1, 364, 4, 3, 2, 419, 4, 4, 3, 182, 3, 3, 4, 404, 4, 5, 5, 540, 5, 4, 6, 229, 3, 3, 7, 419, 4, 3, 8, 575, 5, 5, 9, 426, 4, 4, 10, 553, 5, 6, 11, 169, 3, 2, 12, 411, 4, 4, 13, 433, 4, 4, 14, 195, 3, 4, 15, 370, 4, 4, 16, 433, 4, 5, 17, 516, 5, 5, 18, 474, 4, 3, 
http://espn.go.com/golf/player/scorecards/_/id/551/year/2004/tournamentId/191/thomas-levet, WGC-American Express Championship - (09/30-10/03), 2004, 1, 364, 4, 4, 2, 419, 4, 4, 3, 182, 3, 3, 4, 404, 4, 5, 5, 540, 5, 4, 6, 229, 3, 3, 7, 419, 4, 4, 8, 575, 5, 5, 9, 426, 4, 5, 10, 553, 5, 5, 11, 169, 3, 3, 12, 411, 4, 5, 13, 433, 4, 4, 14, 195, 3, 3, 15, 370, 4, 4, 16, 433, 4, 4, 17, 516, 5, 4, 18, 474, 4, 4, 
http://espn.go.com/golf/player/scorecards/_/id/551/year/2005/tournamentId/202/thomas-levet, Sony Open in Hawaii - (01/13-01/16), 2005, 1, 480, 4, 5, 2, 423, 4, 6, 3, 422, 4, 5, 4, 204, 3, 3, 5, 467, 4, 4, 6, 460, 4, 6, 7, 176, 3, 3, 8, 454, 4, 3, 9, 506, 5, 5, 10, 351, 4, 5, 11, 194, 3, 3, 12, 440, 4, 4, 13, 477, 4, 5, 14, 430, 4, 4, 15, 398, 4, 4, 16, 417, 4, 5, 17, 194, 3, 2, 18, 551, 5, 7, 
http://espn.go.com/golf/player/scorecards/_/id/551/year/2005/tournamentId/202/thomas-levet, Sony Open in Hawaii - (01/13-01/16), 2005, 1, 480, 4, 5, 2, 423, 4, 6, 3, 422, 4, 4, 4, 204, 3, 3, 5, 467, 4, 5, 6, 460, 4, 5, 7, 176, 3, 2, 8, 454, 4, 4, 9, 506, 5, 5, 10, 351, 4, 4, 11, 194, 3, 3, 12, 440, 4, 5, 13, 477, 4, 4, 14, 430, 4, 4, 15, 398, 4, 4, 16, 417, 4, 3, 17, 194, 3, 4, 18, 551, 5, 5, 
http://espn.go.com/golf/player/scorecards/_/id/551/year/2005/tournamentId/201/thomas-levet, Buick Invitational - (01/20-01/23), 2005, 1, 519, 5, 4, 2, 329, 4, 4, 3, 179, 3, 2, 4, 434, 4, 5, 5, 411, 4, 6, 6, 205, 3, 4, 7, 399, 4, 4, 8, 436, 4, 4, 9, 547, 5, 6, 10, 417, 4, 4, 11, 490, 4, 4, 12, 240, 3, 3, 13, 471, 4, 3, 14, 523, 5, 5, 15, 397, 4, 4, 16, 366, 4, 4, 17, 174, 3, 3, 18, 516, 5, 4, 
http://espn.go.com/golf/player/scorecards/_/id/551/year/2005/tournamentId/201/thomas-levet, Buick Invitational - (01/20-01/23), 2005, 1, 450, 4, 3, 2, 389, 4, 4, 3, 200, 3, 2, 4, 488, 4, 4, 5, 454, 4, 4, 6, 560, 5, 5, 7, 462, 4, 4, 8, 176, 3, 2, 9, 614, 5, 4, 10, 416, 4, 5, 11, 221, 3, 4, 12, 504, 4, 4, 13, 614, 5, 5, 14, 437, 4, 4, 15, 478, 4, 5, 16, 223, 3, 4, 17, 442, 4, 4, 18, 570, 5, 6, 
http://espn.go.com/golf/player/scorecards/_/id/551/year/2005/tournamentId/199/thomas-levet, FBR Open - (02/03-02/06), 2005, 1, 410, 4, 4, 2, 416, 4, 5, 3, 554, 5, 5, 4, 175, 3, 3, 5, 453, 4, 3, 6, 436, 4, 4, 7, 215, 3, 4, 8, 470, 4, 4, 9, 464, 4, 8, 10, 403, 4, 5, 11, 469, 4, 4, 12, 195, 3, 2, 13, 595, 5, 5, 14, 477, 4, 4, 15, 552, 5, 4, 16, 162, 3, 3, 17, 332, 4, 3, 18, 438, 4, 4, 
http://espn.go.com/golf/player/scorecards/_/id/551/year/2005/tournamentId/199/thomas-levet, FBR Open - (02/03-02/06), 2005, 1, 410, 4, 4, 2, 416, 4, 7, 3, 554, 5, 3, 4, 175, 3, 3, 5, 453, 4, 4, 6, 436, 4, 5, 7, 215, 3, 2, 8, 470, 4, 5, 9, 464, 4, 6, 10, 403, 4, 4, 11, 469, 4, 4, 12, 195, 3, 4, 13, 595, 5, 5, 14, 477, 4, 3, 15, 552, 5, 5, 16, 162, 3, 3, 17, 332, 4, 4, 18, 438, 4, 4, 
http://espn.go.com/golf/player/scorecards/_/id/551/year/2005/tournamentId/203/thomas-levet, Nissan Open - (02/17-02/20), 2005, 1, 503, 5, 5, 2, 471, 4, 4, 3, 434, 4, 4, 4, 236, 3, 3, 5, 434, 4, 5, 6, 199, 3, 4, 7, 408, 4, 4, 8, 460, 4, 4, 9, 458, 4, 5, 10, 315, 4, 4, 11, 583, 5, 5, 12, 479, 4, 7, 13, 459, 4, 5, 14, 192, 3, 3, 15, 487, 4, 6, 16, 166, 3, 3, 17, 590, 5, 6, 18, 475, 4, 4, 
http://espn.go.com/golf/player/scorecards/_/id/551/year/2005/tournamentId/203/thomas-levet, Nissan Open - (02/17-02/20), 2005, 1, 503, 5, 5, 2, 471, 4, 4, 3, 434, 4, 4, 4, 236, 3, 4, 5, 434, 4, 4, 6, 199, 3, 4, 7, 408, 4, 6, 8, 460, 4, 4, 9, 458, 4, 5, 10, 315, 4, 4, 11, 583, 5, 5, 12, 479, 4, 4, 13, 459, 4, 4, 14, 192, 3, 3, 15, 487, 4, 4, 16, 166, 3, 3, 17, 590, 5, 5, 18, 475, 4, 4, 
http://espn.go.com/golf/player/scorecards/_/id/551/year/2005/tournamentId/209/thomas-levet, BellSouth Classic - (03/31-04/03), 2005, 1, 434, 4, 5, 2, 144, 3, 3, 3, 389, 4, 5, 4, 558, 5, 5, 5, 441, 4, 3, 6, 569, 5, 5, 7, 458, 4, 4, 8, 248, 3, 3, 9, 472, 4, 4, 10, 628, 5, 4, 11, 189, 3, 3, 12, 434, 4, 4, 13, 310, 4, 5, 14, 453, 4, 5, 15, 406, 4, 4, 16, 179, 3, 3, 17, 455, 4, 4, 18, 544, 5, 5, 
http://espn.go.com/golf/player/scorecards/_/id/551/year/2005/tournamentId/210/thomas-levet, Masters Tournament - (04/07-04/10), 2005, 1, 445, 4, 5, 2, 575, 5, 4, 3, 350, 4, 3, 4, 240, 3, 3, 5, 455, 4, 4, 6, 180, 3, 3, 7, 450, 4, 4, 8, 570, 5, 6, 9, 460, 4, 4, 10, 495, 4, 4, 11, 505, 4, 5, 12, 155, 3, 3, 13, 510, 5, 4, 14, 440, 4, 4, 15, 530, 5, 4, 16, 170, 3, 4, 17, 440, 4, 5, 18, 465, 4, 4, 
http://espn.go.com/golf/player/scorecards/_/id/551/year/2005/tournamentId/210/thomas-levet, Masters Tournament - (04/07-04/10), 2005, 1, 445, 4, 5, 2, 575, 5, 5, 3, 350, 4, 4, 4, 240, 3, 3, 5, 455, 4, 4, 6, 180, 3, 3, 7, 450, 4, 3, 8, 570, 5, 5, 9, 460, 4, 4, 10, 495, 4, 4, 11, 505, 4, 4, 12, 155, 3, 2, 13, 510, 5, 5, 14, 440, 4, 4, 15, 530, 5, 4, 16, 170, 3, 2, 17, 440, 4, 3, 18, 465, 4, 4, 
http://espn.go.com/golf/player/scorecards/_/id/551/year/2005/tournamentId/210/thomas-levet, Masters Tournament - (04/07-04/10), 2005, 1, 445, 4, 4, 2, 575, 5, 6, 3, 350, 4, 4, 4, 240, 3, 4, 5, 455, 4, 5, 6, 180, 3, 4, 7, 450, 4, 4, 8, 570, 5, 5, 9, 460, 4, 4, 10, 495, 4, 4, 11, 505, 4, 5, 12, 155, 3, 3, 13, 510, 5, 5, 14, 440, 4, 4, 15, 530, 5, 4, 16, 170, 3, 3, 17, 440, 4, 3, 18, 465, 4, 4, 
http://espn.go.com/golf/player/scorecards/_/id/551/year/2005/tournamentId/209/thomas-levet, BellSouth Classic - (03/31-04/03), 2005, 1, 434, 4, 3, 2, 144, 3, 4, 3, 389, 4, 3, 4, 558, 5, 5, 5, 441, 4, 4, 6, 569, 5, 5, 7, 458, 4, 6, 8, 248, 3, 3, 9, 472, 4, 5, 10, 628, 5, 5, 11, 189, 3, 3, 12, 434, 4, 4, 13, 310, 4, 4, 14, 453, 4, 5, 15, 406, 4, 4, 16, 179, 3, 3, 17, 455, 4, 3, 18, 544, 5, 5, 
http://espn.go.com/golf/player/scorecards/_/id/551/year/2005/tournamentId/210/thomas-levet, Masters Tournament - (04/07-04/10), 2005, 1, 445, 4, 4, 2, 575, 5, 5, 3, 350, 4, 4, 4, 240, 3, 3, 5, 455, 4, 4, 6, 180, 3, 2, 7, 450, 4, 4, 8, 570, 5, 5, 9, 460, 4, 4, 10, 495, 4, 4, 11, 505, 4, 4, 12, 155, 3, 2, 13, 510, 5, 5, 14, 440, 4, 5, 15, 530, 5, 5, 16, 170, 3, 3, 17, 440, 4, 4, 18, 465, 4, 4, 
http://espn.go.com/golf/player/scorecards/_/id/551/year/2005/tournamentId/211/thomas-levet, MCI Heritage - (04/14-04/17), 2005, 1, 410, 4, 4, 2, 502, 5, 4, 3, 469, 4, 4, 4, 200, 3, 2, 5, 540, 5, 4, 6, 419, 4, 3, 7, 195, 3, 4, 8, 473, 4, 5, 9, 332, 4, 5, 10, 451, 4, 4, 11, 436, 4, 4, 12, 430, 4, 4, 13, 373, 4, 4, 14, 192, 3, 3, 15, 588, 5, 4, 16, 434, 4, 4, 17, 185, 3, 3, 18, 472, 4, 4, 
http://espn.go.com/golf/player/scorecards/_/id/551/year/2005/tournamentId/211/thomas-levet, MCI Heritage - (04/14-04/17), 2005, 1, 410, 4, 5, 2, 502, 5, 4, 3, 469, 4, 5, 4, 200, 3, 3, 5, 540, 5, 5, 6, 419, 4, 4, 7, 195, 3, 3, 8, 473, 4, 3, 9, 332, 4, 4, 10, 451, 4, 4, 11, 436, 4, 4, 12, 430, 4, 3, 13, 373, 4, 5, 14, 192, 3, 4, 15, 588, 5, 5, 16, 434, 4, 4, 17, 185, 3, 3, 18, 472, 4, 5, 
http://espn.go.com/golf/player/scorecards/_/id/551/year/2005/tournamentId/211/thomas-levet, MCI Heritage - (04/14-04/17), 2005, 1, 410, 4, 3, 2, 502, 5, 4, 3, 469, 4, 4, 4, 200, 3, 4, 5, 540, 5, 5, 6, 419, 4, 5, 7, 195, 3, 3, 8, 473, 4, 5, 9, 332, 4, 4, 10, 451, 4, 4, 11, 436, 4, 4, 12, 430, 4, 4, 13, 373, 4, 4, 14, 192, 3, 5, 15, 588, 5, 5, 16, 434, 4, 4, 17, 185, 3, 3, 18, 472, 4, 4, 
http://espn.go.com/golf/player/scorecards/_/id/551/year/2005/tournamentId/211/thomas-levet, MCI Heritage - (04/14-04/17), 2005, 1, 410, 4, 4, 2, 502, 5, 4, 3, 469, 4, 3, 4, 200, 3, 2, 5, 540, 5, 4, 6, 419, 4, 5, 7, 195, 3, 2, 8, 473, 4, 3, 9, 332, 4, 4, 10, 451, 4, 4, 11, 436, 4, 4, 12, 430, 4, 5, 13, 373, 4, 3, 14, 192, 3, 3, 15, 588, 5, 4, 16, 434, 4, 4, 17, 185, 3, 3, 18, 472, 4, 3, 
http://espn.go.com/golf/player/scorecards/_/id/551/year/2005/tournamentId/213/thomas-levet, Shell Houston Open - (04/21-04/24), 2005, 1, 397, 4, 5, 2, 429, 4, 4, 3, 398, 4, 3, 4, 566, 5, 5, 5, 480, 4, 3, 6, 464, 4, 3, 7, 174, 3, 4, 8, 557, 5, 4, 9, 238, 3, 5, 10, 380, 4, 5, 11, 441, 4, 3, 12, 338, 4, 6, 13, 590, 5, 3, 14, 216, 3, 4, 15, 608, 5, 4, 16, 188, 3, 4, 17, 489, 4, 5, 18, 488, 4, 3, 
http://espn.go.com/golf/player/scorecards/_/id/551/year/2005/tournamentId/213/thomas-levet, Shell Houston Open - (04/21-04/24), 2005, 1, 397, 4, 5, 2, 429, 4, 4, 3, 398, 4, 3, 4, 566, 5, 6, 5, 480, 4, 4, 6, 464, 4, 4, 7, 174, 3, 4, 8, 557, 5, 3, 9, 238, 3, 6, 10, 380, 4, 4, 11, 441, 4, 5, 12, 338, 4, 5, 13, 590, 5, 3, 14, 216, 3, 4, 15, 608, 5, 5, 16, 188, 3, 4, 17, 489, 4, 4, 18, 488, 4, 4, 
http://espn.go.com/golf/player/scorecards/_/id/551/year/2005/tournamentId/213/thomas-levet, Shell Houston Open - (04/21-04/24), 2005, 1, 397, 4, 5, 2, 429, 4, 4, 3, 398, 4, 4, 4, 566, 5, 4, 5, 480, 4, 3, 6, 464, 4, 4, 7, 174, 3, 4, 8, 557, 5, 2, 9, 238, 3, 5, 10, 380, 4, 4, 11, 441, 4, 4, 12, 338, 4, 5, 13, 590, 5, 3, 14, 216, 3, 4, 15, 608, 5, 4, 16, 188, 3, 5, 17, 489, 4, 4, 18, 488, 4, 4, 
http://espn.go.com/golf/player/scorecards/_/id/551/year/2005/tournamentId/213/thomas-levet, Shell Houston Open - (04/21-04/24), 2005, 1, 397, 4, 3, 2, 429, 4, 4, 3, 398, 4, 3, 4, 566, 5, 4, 5, 480, 4, 3, 6, 464, 4, 3, 7, 174, 3, 4, 8, 557, 5, 2, 9, 238, 3, 5, 10, 380, 4, 3, 11, 441, 4, 4, 12, 338, 4, 5, 13, 590, 5, 3, 14, 216, 3, 4, 15, 608, 5, 4, 16, 188, 3, 4, 17, 489, 4, 3, 18, 488, 4, 4, 
http://espn.go.com/golf/player/scorecards/_/id/551/year/2005/tournamentId/243/thomas-levet, Wachovia Championship - (05/05-05/08), 2005, 1, 418, 4, 3, 2, 178, 3, 3, 3, 452, 4, 4, 4, 483, 4, 4, 5, 570, 5, 4, 6, 250, 3, 3, 7, 532, 5, 5, 8, 350, 4, 4, 9, 495, 4, 5, 10, 598, 5, 5, 11, 426, 4, 4, 12, 456, 4, 5, 13, 210, 3, 4, 14, 345, 4, 4, 15, 566, 5, 6, 16, 487, 4, 5, 17, 198, 3, 5, 18, 478, 4, 5, 
http://espn.go.com/golf/player/scorecards/_/id/551/year/2005/tournamentId/243/thomas-levet, Wachovia Championship - (05/05-05/08), 2005, 1, 418, 4, 4, 2, 178, 3, 3, 3, 452, 4, 4, 4, 483, 4, 4, 5, 570, 5, 5, 6, 250, 3, 4, 7, 532, 5, 4, 8, 350, 4, 5, 9, 495, 4, 5, 10, 598, 5, 5, 11, 426, 4, 4, 12, 456, 4, 4, 13, 210, 3, 4, 14, 345, 4, 4, 15, 566, 5, 5, 16, 487, 4, 4, 17, 198, 3, 3, 18, 478, 4, 4, 
http://espn.go.com/golf/player/scorecards/_/id/551/year/2005/tournamentId/214/thomas-levet, EDS Byron Nelson Championship - (05/12-05/15), 2005, 1, 458, 4, 3, 2, 221, 3, 3, 3, 528, 4, 5, 4, 431, 4, 5, 5, 174, 3, 3, 6, 448, 4, 4, 7, 542, 5, 5, 8, 461, 4, 5, 9, 427, 4, 4, 10, 435, 4, 4, 11, 323, 4, 4, 12, 455, 4, 4, 13, 180, 3, 3, 14, 406, 4, 5, 15, 504, 4, 6, 16, 546, 5, 5, 17, 198, 3, 4, 18, 429, 4, 4, 
http://espn.go.com/golf/player/scorecards/_/id/551/year/2005/tournamentId/214/thomas-levet, EDS Byron Nelson Championship - (05/12-05/15), 2005, 1, 448, 4, 4, 2, 154, 3, 2, 3, 475, 4, 4, 4, 427, 4, 4, 5, 417, 4, 5, 6, 360, 4, 4, 7, 401, 4, 3, 8, 394, 4, 4, 9, 188, 3, 3, 10, 432, 4, 4, 11, 545, 5, 5, 12, 191, 3, 3, 13, 409, 4, 4, 14, 383, 4, 4, 15, 441, 4, 6, 16, 539, 5, 4, 17, 204, 3, 3, 18, 439, 4, 4, 
http://espn.go.com/golf/player/scorecards/_/id/551/year/2005/tournamentId/217/thomas-levet, the Memorial Tournament - (06/02-06/05), 2005, 1, 470, 4, 5, 2, 455, 4, 5, 3, 401, 4, 4, 4, 200, 3, 2, 5, 527, 5, 4, 6, 447, 4, 4, 7, 563, 5, 5, 8, 185, 3, 3, 9, 412, 4, 4, 10, 471, 4, 4, 11, 567, 5, 7, 12, 184, 3, 4, 13, 455, 4, 3, 14, 363, 4, 5, 15, 529, 5, 5, 16, 201, 3, 3, 17, 478, 4, 3, 18, 444, 4, 4, 
http://espn.go.com/golf/player/scorecards/_/id/551/year/2005/tournamentId/217/thomas-levet, the Memorial Tournament - (06/02-06/05), 2005, 1, 470, 4, 3, 2, 455, 4, 4, 3, 401, 4, 5, 4, 200, 3, 2, 5, 527, 5, 4, 6, 447, 4, 5, 7, 563, 5, 5, 8, 185, 3, 3, 9, 412, 4, 6, 10, 471, 4, 4, 11, 567, 5, 7, 12, 184, 3, 3, 13, 455, 4, 3, 14, 363, 4, 5, 15, 529, 5, 7, 16, 201, 3, 3, 17, 478, 4, 3, 18, 444, 4, 4, 
http://espn.go.com/golf/player/scorecards/_/id/551/year/2005/tournamentId/217/thomas-levet, the Memorial Tournament - (06/02-06/05), 2005, 1, 470, 4, 4, 2, 455, 4, 4, 3, 401, 4, 4, 4, 200, 3, 3, 5, 527, 5, 4, 6, 447, 4, 5, 7, 563, 5, 5, 8, 185, 3, 2, 9, 412, 4, 3, 10, 471, 4, 4, 11, 567, 5, 4, 12, 184, 3, 3, 13, 455, 4, 4, 14, 363, 4, 3, 15, 529, 5, 5, 16, 201, 3, 3, 17, 478, 4, 5, 18, 444, 4, 5, 
http://espn.go.com/golf/player/scorecards/_/id/551/year/2005/tournamentId/217/thomas-levet, the Memorial Tournament - (06/02-06/05), 2005, 1, 470, 4, 4, 2, 455, 4, 4, 3, 401, 4, 5, 4, 200, 3, 3, 5, 527, 5, 3, 6, 447, 4, 4, 7, 563, 5, 6, 8, 185, 3, 3, 9, 412, 4, 4, 10, 471, 4, 4, 11, 567, 5, 4, 12, 184, 3, 4, 13, 455, 4, 5, 14, 363, 4, 5, 15, 529, 5, 5, 16, 201, 3, 3, 17, 478, 4, 4, 18, 444, 4, 4, 
http://espn.go.com/golf/player/scorecards/_/id/551/year/2005/tournamentId/219/thomas-levet, U.S. Open Championship - (06/16-06/19), 2005, 1, 401, 4, 4, 2, 469, 4, 4, 3, 336, 4, 4, 4, 565, 5, 6, 5, 472, 4, 4, 6, 220, 3, 3, 7, 404, 4, 4, 8, 467, 4, 4, 9, 175, 3, 4, 10, 607, 5, 6, 11, 476, 4, 4, 12, 449, 4, 3, 13, 378, 4, 4, 14, 468, 4, 4, 15, 203, 3, 4, 16, 492, 4, 4, 17, 190, 3, 4, 18, 442, 4, 4, 
http://espn.go.com/golf/player/scorecards/_/id/551/year/2005/tournamentId/219/thomas-levet, U.S. Open Championship - (06/16-06/19), 2005, 1, 401, 4, 3, 2, 469, 4, 5, 3, 336, 4, 4, 4, 565, 5, 5, 5, 472, 4, 5, 6, 220, 3, 3, 7, 404, 4, 4, 8, 467, 4, 4, 9, 175, 3, 3, 10, 607, 5, 5, 11, 476, 4, 4, 12, 449, 4, 4, 13, 378, 4, 5, 14, 468, 4, 5, 15, 203, 3, 4, 16, 492, 4, 4, 17, 190, 3, 2, 18, 442, 4, 4, 
http://espn.go.com/golf/player/scorecards/_/id/551/year/2005/tournamentId/219/thomas-levet, U.S. Open Championship - (06/16-06/19), 2005, 1, 401, 4, 4, 2, 469, 4, 4, 3, 336, 4, 4, 4, 565, 5, 5, 5, 472, 4, 5, 6, 220, 3, 3, 7, 404, 4, 4, 8, 467, 4, 4, 9, 175, 3, 2, 10, 607, 5, 6, 11, 476, 4, 5, 12, 449, 4, 4, 13, 378, 4, 4, 14, 468, 4, 5, 15, 203, 3, 3, 16, 492, 4, 4, 17, 190, 3, 4, 18, 442, 4, 3, 
http://espn.go.com/golf/player/scorecards/_/id/551/year/2005/tournamentId/219/thomas-levet, U.S. Open Championship - (06/16-06/19), 2005, 1, 401, 4, 5, 2, 469, 4, 4, 3, 336, 4, 4, 4, 565, 5, 5, 5, 472, 4, 5, 6, 220, 3, 4, 7, 404, 4, 4, 8, 467, 4, 4, 9, 175, 3, 3, 10, 607, 5, 5, 11, 476, 4, 5, 12, 449, 4, 5, 13, 378, 4, 4, 14, 468, 4, 4, 15, 203, 3, 3, 16, 492, 4, 4, 17, 190, 3, 3, 18, 442, 4, 4, 
http://espn.go.com/golf/player/scorecards/_/id/551/year/2005/tournamentId/223/thomas-levet, British Open Championship - (07/14-07/17), 2005, 1, 376, 4, 4, 2, 453, 4, 4, 3, 397, 4, 4, 4, 480, 4, 5, 5, 568, 5, 4, 6, 412, 4, 4, 7, 371, 4, 3, 8, 175, 3, 3, 9, 352, 4, 4, 10, 386, 4, 4, 11, 174, 3, 3, 12, 348, 4, 4, 13, 465, 4, 5, 14, 618, 5, 4, 15, 455, 4, 4, 16, 423, 4, 5, 17, 495, 4, 4, 18, 357, 4, 3, 
http://espn.go.com/golf/player/scorecards/_/id/551/year/2005/tournamentId/223/thomas-levet, British Open Championship - (07/14-07/17), 2005, 1, 376, 4, 4, 2, 453, 4, 4, 3, 397, 4, 5, 4, 480, 4, 6, 5, 568, 5, 6, 6, 412, 4, 4, 7, 371, 4, 3, 8, 175, 3, 3, 9, 352, 4, 3, 10, 386, 4, 4, 11, 174, 3, 3, 12, 348, 4, 4, 13, 465, 4, 4, 14, 618, 5, 5, 15, 455, 4, 5, 16, 423, 4, 4, 17, 495, 4, 4, 18, 357, 4, 4, 
http://espn.go.com/golf/player/scorecards/_/id/551/year/2005/tournamentId/223/thomas-levet, British Open Championship - (07/14-07/17), 2005, 1, 376, 4, 3, 2, 453, 4, 4, 3, 397, 4, 4, 4, 480, 4, 4, 5, 568, 5, 3, 6, 412, 4, 4, 7, 371, 4, 4, 8, 175, 3, 4, 9, 352, 4, 3, 10, 386, 4, 4, 11, 174, 3, 3, 12, 348, 4, 4, 13, 465, 4, 4, 14, 618, 5, 6, 15, 455, 4, 4, 16, 423, 4, 5, 17, 495, 4, 4, 18, 357, 4, 4, 
http://espn.go.com/golf/player/scorecards/_/id/551/year/2005/tournamentId/223/thomas-levet, British Open Championship - (07/14-07/17), 2005, 1, 376, 4, 4, 2, 453, 4, 3, 3, 397, 4, 4, 4, 480, 4, 4, 5, 568, 5, 4, 6, 412, 4, 4, 7, 371, 4, 5, 8, 175, 3, 3, 9, 352, 4, 5, 10, 386, 4, 3, 11, 174, 3, 3, 12, 348, 4, 4, 13, 465, 4, 4, 14, 618, 5, 3, 15, 455, 4, 3, 16, 423, 4, 4, 17, 495, 4, 5, 18, 357, 4, 4, 
http://espn.go.com/golf/player/scorecards/_/id/551/year/2005/tournamentId/226/thomas-levet, PGA Championship - (08/11-08/14), 2005, 1, 478, 4, 4, 2, 379, 4, 4, 3, 503, 4, 4, 4, 194, 3, 3, 5, 423, 4, 4, 6, 482, 4, 4, 7, 505, 4, 3, 8, 380, 4, 4, 9, 212, 3, 3, 10, 460, 4, 4, 11, 440, 4, 4, 12, 218, 3, 4, 13, 424, 4, 3, 14, 430, 4, 5, 15, 430, 4, 3, 16, 230, 3, 3, 17, 650, 5, 5, 18, 554, 5, 4, 
http://espn.go.com/golf/player/scorecards/_/id/551/year/2005/tournamentId/226/thomas-levet, PGA Championship - (08/11-08/14), 2005, 1, 478, 4, 5, 2, 379, 4, 6, 3, 503, 4, 5, 4, 194, 3, 3, 5, 423, 4, 5, 6, 482, 4, 4, 7, 505, 4, 4, 8, 380, 4, 5, 9, 212, 3, 3, 10, 460, 4, 4, 11, 440, 4, 5, 12, 218, 3, 4, 13, 424, 4, 5, 14, 430, 4, 4, 15, 430, 4, 4, 16, 230, 3, 4, 17, 650, 5, 5, 18, 554, 5, 4, 
http://espn.go.com/golf/player/scorecards/_/id/551/year/2005/tournamentId/228/thomas-levet, WGC-NEC Invitational - (08/18-08/21), 2005, 1, 399, 4, 4, 2, 526, 5, 5, 3, 442, 4, 4, 4, 471, 4, 5, 5, 200, 3, 4, 6, 469, 4, 4, 7, 219, 3, 3, 8, 482, 4, 4, 9, 494, 4, 3, 10, 410, 4, 4, 11, 418, 4, 3, 12, 180, 3, 3, 13, 471, 4, 5, 14, 467, 4, 4, 15, 221, 3, 4, 16, 667, 5, 6, 17, 400, 4, 4, 18, 464, 4, 4, 
http://espn.go.com/golf/player/scorecards/_/id/551/year/2005/tournamentId/228/thomas-levet, WGC-NEC Invitational - (08/18-08/21), 2005, 1, 399, 4, 4, 2, 526, 5, 4, 3, 442, 4, 4, 4, 471, 4, 5, 5, 200, 3, 3, 6, 469, 4, 4, 7, 219, 3, 2, 8, 482, 4, 4, 9, 494, 4, 5, 10, 410, 4, 4, 11, 418, 4, 4, 12, 180, 3, 3, 13, 471, 4, 5, 14, 467, 4, 5, 15, 221, 3, 2, 16, 667, 5, 5, 17, 400, 4, 5, 18, 464, 4, 4, 
http://espn.go.com/golf/player/scorecards/_/id/551/year/2005/tournamentId/228/thomas-levet, WGC-NEC Invitational - (08/18-08/21), 2005, 1, 399, 4, 4, 2, 526, 5, 5, 3, 442, 4, 5, 4, 471, 4, 5, 5, 200, 3, 2, 6, 469, 4, 4, 7, 219, 3, 3, 8, 482, 4, 3, 9, 494, 4, 4, 10, 410, 4, 5, 11, 418, 4, 4, 12, 180, 3, 3, 13, 471, 4, 4, 14, 467, 4, 4, 15, 221, 3, 3, 16, 667, 5, 6, 17, 400, 4, 4, 18, 464, 4, 4, 
http://espn.go.com/golf/player/scorecards/_/id/551/year/2005/tournamentId/228/thomas-levet, WGC-NEC Invitational - (08/18-08/21), 2005, 1, 399, 4, 4, 2, 526, 5, 5, 3, 442, 4, 4, 4, 471, 4, 5, 5, 200, 3, 3, 6, 469, 4, 4, 7, 219, 3, 3, 8, 482, 4, 4, 9, 494, 4, 3, 10, 410, 4, 3, 11, 418, 4, 4, 12, 180, 3, 3, 13, 471, 4, 4, 14, 467, 4, 4, 15, 221, 3, 3, 16, 667, 5, 5, 17, 400, 4, 5, 18, 464, 4, 5, 
http://espn.go.com/golf/player/scorecards/_/id/551/year/2005/tournamentId/244/thomas-levet, Deutsche Bank Championship - (09/02-09/05), 2005, 1, 365, 4, 3, 2, 542, 5, 5, 3, 208, 3, 3, 4, 298, 4, 5, 5, 466, 4, 4, 6, 465, 4, 3, 7, 600, 5, 5, 8, 213, 3, 2, 9, 472, 4, 4, 10, 425, 4, 4, 11, 231, 3, 3, 12, 461, 4, 4, 13, 451, 4, 5, 14, 495, 4, 3, 15, 421, 4, 4, 16, 161, 3, 2, 17, 412, 4, 4, 18, 530, 5, 5, 
http://espn.go.com/golf/player/scorecards/_/id/551/year/2005/tournamentId/244/thomas-levet, Deutsche Bank Championship - (09/02-09/05), 2005, 1, 365, 4, 4, 2, 542, 5, 4, 3, 208, 3, 3, 4, 298, 4, 5, 5, 466, 4, 6, 6, 465, 4, 4, 7, 600, 5, 6, 8, 213, 3, 3, 9, 472, 4, 4, 10, 425, 4, 3, 11, 231, 3, 4, 12, 461, 4, 4, 13, 451, 4, 5, 14, 495, 4, 5, 15, 421, 4, 4, 16, 161, 3, 3, 17, 412, 4, 3, 18, 530, 5, 6, 
http://espn.go.com/golf/player/scorecards/_/id/551/year/2005/tournamentId/212/thomas-levet, Chrysler Classic of Greensboro - (09/29-10/02), 2005, 1, 375, 4, 4, 2, 557, 5, 4, 3, 443, 4, 4, 4, 203, 3, 3, 5, 360, 4, 3, 6, 455, 4, 5, 7, 376, 4, 4, 8, 226, 3, 3, 9, 584, 5, 4, 10, 437, 4, 3, 11, 442, 4, 5, 12, 189, 3, 3, 13, 529, 5, 5, 14, 462, 4, 4, 15, 555, 5, 5, 16, 467, 4, 4, 17, 222, 3, 3, 18, 451, 4, 4, 
http://espn.go.com/golf/player/scorecards/_/id/551/year/2005/tournamentId/212/thomas-levet, Chrysler Classic of Greensboro - (09/29-10/02), 2005, 1, 375, 4, 4, 2, 557, 5, 5, 3, 443, 4, 4, 4, 203, 3, 3, 5, 360, 4, 4, 6, 455, 4, 4, 7, 376, 4, 4, 8, 226, 3, 4, 9, 584, 5, 4, 10, 437, 4, 3, 11, 442, 4, 3, 12, 189, 3, 3, 13, 529, 5, 5, 14, 462, 4, 4, 15, 555, 5, 5, 16, 467, 4, 5, 17, 222, 3, 3, 18, 451, 4, 5, 
http://espn.go.com/golf/player/scorecards/_/id/551/year/2005/tournamentId/212/thomas-levet, Chrysler Classic of Greensboro - (09/29-10/02), 2005, 1, 375, 4, 3, 2, 557, 5, 4, 3, 443, 4, 4, 4, 203, 3, 3, 5, 360, 4, 3, 6, 455, 4, 4, 7, 376, 4, 4, 8, 226, 3, 3, 9, 584, 5, 4, 10, 437, 4, 4, 11, 442, 4, 4, 12, 189, 3, 3, 13, 529, 5, 5, 14, 462, 4, 4, 15, 555, 5, 4, 16, 467, 4, 4, 17, 222, 3, 3, 18, 451, 4, 4, 
http://espn.go.com/golf/player/scorecards/_/id/551/year/2005/tournamentId/212/thomas-levet, Chrysler Classic of Greensboro - (09/29-10/02), 2005, 1, 375, 4, 4, 2, 557, 5, 4, 3, 443, 4, 5, 4, 203, 3, 3, 5, 360, 4, 4, 6, 455, 4, 5, 7, 376, 4, 4, 8, 226, 3, 3, 9, 584, 5, 5, 10, 437, 4, 5, 11, 442, 4, 3, 12, 189, 3, 4, 13, 529, 5, 4, 14, 462, 4, 4, 15, 555, 5, 4, 16, 467, 4, 5, 17, 222, 3, 3, 18, 451, 4, 5, 
http://espn.go.com/golf/player/scorecards/_/id/551/year/2005/tournamentId/234/thomas-levet, Michelin Championship at Las Vegas - (10/13-10/16), 2005, 1, 359, 4, 3, 2, 196, 3, 3, 3, 466, 4, 5, 4, 544, 5, 4, 5, 378, 4, 4, 6, 604, 5, 5, 7, 209, 3, 3, 8, 458, 4, 4, 9, 349, 4, 4, 10, 419, 4, 4, 11, 444, 4, 3, 12, 145, 3, 3, 13, 423, 4, 4, 14, 365, 4, 4, 15, 612, 5, 5, 16, 202, 3, 3, 17, 443, 4, 5, 18, 447, 4, 5, 
http://espn.go.com/golf/player/scorecards/_/id/551/year/2005/tournamentId/239/thomas-levet, Chrysler Championship - (10/27-10/30), 2005, 1, 560, 5, 6, 2, 435, 4, 4, 3, 455, 4, 5, 4, 195, 3, 4, 5, 605, 5, 5, 6, 465, 4, 4, 7, 420, 4, 4, 8, 235, 3, 4, 9, 430, 4, 6, 10, 445, 4, 5, 11, 575, 5, 6, 12, 380, 4, 4, 13, 200, 3, 2, 14, 590, 5, 5, 15, 215, 3, 3, 16, 475, 4, 4, 17, 215, 3, 3, 18, 445, 4, 4, 
http://espn.go.com/golf/player/scorecards/_/id/551/year/2005/tournamentId/234/thomas-levet, Michelin Championship at Las Vegas - (10/13-10/16), 2005, 1, 408, 4, 4, 2, 469, 4, 4, 3, 492, 4, 4, 4, 450, 4, 4, 5, 197, 3, 2, 6, 430, 4, 3, 7, 382, 4, 3, 8, 239, 3, 3, 9, 563, 5, 6, 10, 420, 4, 4, 11, 448, 4, 5, 12, 442, 4, 4, 13, 606, 5, 4, 14, 156, 3, 3, 15, 341, 4, 3, 16, 560, 5, 7, 17, 196, 3, 4, 18, 444, 4, 3, 
http://espn.go.com/golf/player/scorecards/_/id/551/year/2006/tournamentId/254/thomas-levet, Sony Open in Hawaii - (01/12-01/15), 2006, 1, 480, 4, 5, 2, 423, 4, 4, 3, 422, 4, 4, 4, 204, 3, 3, 5, 467, 4, 4, 6, 460, 4, 4, 7, 176, 3, 2, 8, 454, 4, 4, 9, 506, 5, 5, 10, 351, 4, 4, 11, 194, 3, 3, 12, 440, 4, 4, 13, 477, 4, 4, 14, 430, 4, 4, 15, 398, 4, 4, 16, 417, 4, 4, 17, 194, 3, 3, 18, 551, 5, 4, 
http://espn.go.com/golf/player/scorecards/_/id/551/year/2006/tournamentId/254/thomas-levet, Sony Open in Hawaii - (01/12-01/15), 2006, 1, 480, 4, 4, 2, 423, 4, 4, 3, 422, 4, 4, 4, 204, 3, 3, 5, 467, 4, 4, 6, 460, 4, 3, 7, 176, 3, 4, 8, 454, 4, 5, 9, 506, 5, 5, 10, 351, 4, 4, 11, 194, 3, 3, 12, 440, 4, 4, 13, 477, 4, 4, 14, 430, 4, 3, 15, 398, 4, 5, 16, 417, 4, 4, 17, 194, 3, 2, 18, 551, 5, 5, 
http://espn.go.com/golf/player/scorecards/_/id/551/year/2006/tournamentId/254/thomas-levet, Sony Open in Hawaii - (01/12-01/15), 2006, 1, 480, 4, 5, 2, 423, 4, 4, 3, 422, 4, 4, 4, 204, 3, 3, 5, 467, 4, 5, 6, 460, 4, 5, 7, 176, 3, 3, 8, 454, 4, 4, 9, 506, 5, 4, 10, 351, 4, 4, 11, 194, 3, 3, 12, 440, 4, 3, 13, 477, 4, 4, 14, 430, 4, 4, 15, 398, 4, 4, 16, 417, 4, 5, 17, 194, 3, 3, 18, 551, 5, 5, 
http://espn.go.com/golf/player/scorecards/_/id/551/year/2006/tournamentId/254/thomas-levet, Sony Open in Hawaii - (01/12-01/15), 2006, 1, 480, 4, 4, 2, 423, 4, 4, 3, 422, 4, 4, 4, 204, 3, 4, 5, 467, 4, 4, 6, 460, 4, 4, 7, 176, 3, 3, 8, 454, 4, 4, 9, 506, 5, 5, 10, 351, 4, 4, 11, 194, 3, 3, 12, 440, 4, 5, 13, 477, 4, 4, 14, 430, 4, 4, 15, 398, 4, 4, 16, 417, 4, 4, 17, 194, 3, 3, 18, 551, 5, 4, 
http://espn.go.com/golf/player/scorecards/_/id/551/year/2006/tournamentId/253/thomas-levet, Buick Invitational - (01/26-01/29), 2006, 1, 450, 4, 6, 2, 389, 4, 4, 3, 200, 3, 3, 4, 488, 4, 4, 5, 454, 4, 3, 6, 560, 5, 4, 7, 462, 4, 4, 8, 176, 3, 3, 9, 614, 5, 6, 10, 416, 4, 4, 11, 221, 3, 3, 12, 504, 4, 4, 13, 614, 5, 5, 14, 437, 4, 4, 15, 478, 4, 7, 16, 223, 3, 3, 17, 442, 4, 3, 18, 570, 5, 5, 
http://espn.go.com/golf/player/scorecards/_/id/551/year/2006/tournamentId/253/thomas-levet, Buick Invitational - (01/26-01/29), 2006, 1, 450, 4, 4, 2, 389, 4, 3, 3, 200, 3, 3, 4, 488, 4, 5, 5, 454, 4, 4, 6, 560, 5, 5, 7, 462, 4, 5, 8, 176, 3, 5, 9, 614, 5, 4, 10, 416, 4, 4, 11, 221, 3, 4, 12, 504, 4, 4, 13, 614, 5, 5, 14, 437, 4, 6, 15, 478, 4, 4, 16, 223, 3, 3, 17, 442, 4, 4, 18, 570, 5, 5, 
http://espn.go.com/golf/player/scorecards/_/id/551/year/2006/tournamentId/253/thomas-levet, Buick Invitational - (01/26-01/29), 2006, 1, 450, 4, 4, 2, 389, 4, 4, 3, 200, 3, 3, 4, 488, 4, 4, 5, 454, 4, 4, 6, 560, 5, 4, 7, 462, 4, 4, 8, 176, 3, 2, 9, 614, 5, 5, 10, 416, 4, 4, 11, 221, 3, 3, 12, 504, 4, 4, 13, 614, 5, 5, 14, 437, 4, 4, 15, 478, 4, 5, 16, 223, 3, 4, 17, 442, 4, 5, 18, 570, 5, 5, 
http://espn.go.com/golf/player/scorecards/_/id/551/year/2006/tournamentId/253/thomas-levet, Buick Invitational - (01/26-01/29), 2006, 1, 519, 5, 5, 2, 329, 4, 3, 3, 179, 3, 3, 4, 434, 4, 4, 5, 411, 4, 4, 6, 205, 3, 3, 7, 399, 4, 4, 8, 436, 4, 4, 9, 547, 5, 4, 10, 417, 4, 3, 11, 490, 4, 4, 12, 240, 3, 3, 13, 471, 4, 3, 14, 523, 5, 4, 15, 397, 4, 4, 16, 366, 4, 4, 17, 174, 3, 2, 18, 516, 5, 4, 
http://espn.go.com/golf/player/scorecards/_/id/551/year/2006/tournamentId/251/thomas-levet, FBR Open - (02/02-02/05), 2006, 1, 410, 4, 4, 2, 416, 4, 4, 3, 554, 5, 4, 4, 175, 3, 4, 5, 453, 4, 4, 6, 436, 4, 3, 7, 215, 3, 3, 8, 470, 4, 4, 9, 464, 4, 4, 10, 403, 4, 4, 11, 469, 4, 4, 12, 195, 3, 4, 13, 595, 5, 7, 14, 477, 4, 4, 15, 552, 5, 5, 16, 162, 3, 3, 17, 332, 4, 3, 18, 438, 4, 5, 
http://espn.go.com/golf/player/scorecards/_/id/551/year/2006/tournamentId/251/thomas-levet, FBR Open - (02/02-02/05), 2006, 1, 410, 4, 4, 2, 416, 4, 4, 3, 554, 5, 4, 4, 175, 3, 3, 5, 453, 4, 4, 6, 436, 4, 3, 7, 215, 3, 2, 8, 470, 4, 4, 9, 464, 4, 4, 10, 403, 4, 4, 11, 469, 4, 4, 12, 195, 3, 3, 13, 595, 5, 4, 14, 477, 4, 4, 15, 552, 5, 4, 16, 162, 3, 3, 17, 332, 4, 4, 18, 438, 4, 4, 
http://espn.go.com/golf/player/scorecards/_/id/551/year/2006/tournamentId/251/thomas-levet, FBR Open - (02/02-02/05), 2006, 1, 410, 4, 4, 2, 416, 4, 4, 3, 554, 5, 5, 4, 175, 3, 3, 5, 453, 4, 4, 6, 436, 4, 5, 7, 215, 3, 3, 8, 470, 4, 4, 9, 464, 4, 4, 10, 403, 4, 4, 11, 469, 4, 3, 12, 195, 3, 3, 13, 595, 5, 5, 14, 477, 4, 4, 15, 552, 5, 5, 16, 162, 3, 3, 17, 332, 4, 5, 18, 438, 4, 4, 
http://espn.go.com/golf/player/scorecards/_/id/551/year/2006/tournamentId/251/thomas-levet, FBR Open - (02/02-02/05), 2006, 1, 410, 4, 4, 2, 416, 4, 5, 3, 554, 5, 4, 4, 175, 3, 2, 5, 453, 4, 4, 6, 436, 4, 4, 7, 215, 3, 4, 8, 470, 4, 4, 9, 464, 4, 4, 10, 403, 4, 4, 11, 469, 4, 4, 12, 195, 3, 3, 13, 595, 5, 4, 14, 477, 4, 4, 15, 552, 5, 4, 16, 162, 3, 2, 17, 332, 4, 3, 18, 438, 4, 4, 
http://espn.go.com/golf/player/scorecards/_/id/551/year/2006/tournamentId/255/thomas-levet, Nissan Open - (02/16-02/19), 2006, 1, 503, 5, 5, 2, 471, 4, 4, 3, 434, 4, 4, 4, 236, 3, 3, 5, 434, 4, 4, 6, 199, 3, 4, 7, 408, 4, 4, 8, 460, 4, 4, 9, 458, 4, 4, 10, 315, 4, 4, 11, 583, 5, 5, 12, 479, 4, 4, 13, 459, 4, 4, 14, 192, 3, 2, 15, 487, 4, 4, 16, 166, 3, 3, 17, 590, 5, 5, 18, 475, 4, 4, 
http://espn.go.com/golf/player/scorecards/_/id/551/year/2006/tournamentId/255/thomas-levet, Nissan Open - (02/16-02/19), 2006, 1, 503, 5, 5, 2, 471, 4, 5, 3, 434, 4, 4, 4, 236, 3, 3, 5, 434, 4, 5, 6, 199, 3, 3, 7, 408, 4, 4, 8, 460, 4, 4, 9, 458, 4, 4, 10, 315, 4, 5, 11, 583, 5, 5, 12, 479, 4, 4, 13, 459, 4, 4, 14, 192, 3, 3, 15, 487, 4, 5, 16, 166, 3, 4, 17, 590, 5, 5, 18, 475, 4, 5, 
http://espn.go.com/golf/player/scorecards/_/id/551/year/2006/tournamentId/255/thomas-levet, Nissan Open - (02/16-02/19), 2006, 1, 503, 5, 4, 2, 471, 4, 4, 3, 434, 4, 4, 4, 236, 3, 3, 5, 434, 4, 4, 6, 199, 3, 3, 7, 408, 4, 4, 8, 460, 4, 4, 9, 458, 4, 4, 10, 315, 4, 3, 11, 583, 5, 4, 12, 479, 4, 4, 13, 459, 4, 4, 14, 192, 3, 3, 15, 487, 4, 4, 16, 166, 3, 3, 17, 590, 5, 5, 18, 475, 4, 4, 
http://espn.go.com/golf/player/scorecards/_/id/551/year/2006/tournamentId/255/thomas-levet, Nissan Open - (02/16-02/19), 2006, 1, 503, 5, 4, 2, 471, 4, 3, 3, 434, 4, 4, 4, 236, 3, 3, 5, 434, 4, 4, 6, 199, 3, 2, 7, 408, 4, 3, 8, 460, 4, 4, 9, 458, 4, 4, 10, 315, 4, 5, 11, 583, 5, 5, 12, 479, 4, 5, 13, 459, 4, 4, 14, 192, 3, 3, 15, 487, 4, 3, 16, 166, 3, 3, 17, 590, 5, 5, 18, 475, 4, 4, 
http://espn.go.com/golf/player/scorecards/_/id/551/year/2006/tournamentId/249/thomas-levet, Chrysler Classic of Tucson - (02/23-02/26), 2006, 1, 410, 4, 4, 2, 495, 5, 4, 3, 377, 4, 4, 4, 170, 3, 3, 5, 395, 4, 4, 6, 426, 4, 4, 7, 247, 3, 3, 8, 587, 5, 5, 9, 440, 4, 4, 10, 501, 5, 5, 11, 431, 4, 4, 12, 182, 3, 3, 13, 406, 4, 4, 14, 405, 4, 4, 15, 663, 5, 5, 16, 427, 4, 4, 17, 186, 3, 3, 18, 465, 4, 5, 
http://espn.go.com/golf/player/scorecards/_/id/551/year/2006/tournamentId/249/thomas-levet, Chrysler Classic of Tucson - (02/23-02/26), 2006, 1, 410, 4, 5, 2, 495, 5, 4, 3, 377, 4, 4, 4, 170, 3, 3, 5, 395, 4, 5, 6, 426, 4, 4, 7, 247, 3, 4, 8, 587, 5, 5, 9, 440, 4, 4, 10, 501, 5, 5, 11, 431, 4, 3, 12, 182, 3, 3, 13, 406, 4, 4, 14, 405, 4, 4, 15, 663, 5, 4, 16, 427, 4, 3, 17, 186, 3, 3, 18, 465, 4, 5, 
http://espn.go.com/golf/player/scorecards/_/id/551/year/2006/tournamentId/256/thomas-levet, Ford Championship at Doral - (03/02-03/05), 2006, 1, 529, 5, 5, 2, 418, 4, 3, 3, 438, 4, 4, 4, 236, 3, 4, 5, 394, 4, 4, 6, 442, 4, 4, 7, 454, 4, 5, 8, 560, 5, 5, 9, 169, 3, 3, 10, 551, 5, 5, 11, 402, 4, 4, 12, 603, 5, 6, 13, 245, 3, 3, 14, 460, 4, 4, 15, 175, 3, 4, 16, 372, 4, 4, 17, 419, 4, 4, 18, 467, 4, 4, 
http://espn.go.com/golf/player/scorecards/_/id/551/year/2006/tournamentId/256/thomas-levet, Ford Championship at Doral - (03/02-03/05), 2006, 1, 529, 5, 5, 2, 418, 4, 4, 3, 438, 4, 5, 4, 236, 3, 3, 5, 394, 4, 3, 6, 442, 4, 4, 7, 454, 4, 4, 8, 560, 5, 4, 9, 169, 3, 3, 10, 551, 5, 4, 11, 402, 4, 4, 12, 603, 5, 5, 13, 245, 3, 3, 14, 460, 4, 5, 15, 175, 3, 2, 16, 372, 4, 5, 17, 419, 4, 4, 18, 467, 4, 4, 
http://espn.go.com/golf/player/scorecards/_/id/551/year/2006/tournamentId/257/thomas-levet, The Honda Classic - (03/09-03/12), 2006, 1, 383, 4, 4, 2, 435, 4, 4, 3, 246, 3, 3, 4, 424, 4, 4, 5, 562, 5, 4, 6, 564, 5, 4, 7, 389, 4, 5, 8, 196, 3, 3, 9, 445, 4, 4, 10, 369, 4, 5, 11, 221, 3, 3, 12, 588, 5, 4, 13, 473, 4, 3, 14, 470, 4, 4, 15, 185, 3, 3, 16, 486, 4, 4, 17, 556, 5, 5, 18, 424, 4, 4, 
http://espn.go.com/golf/player/scorecards/_/id/551/year/2006/tournamentId/257/thomas-levet, The Honda Classic - (03/09-03/12), 2006, 1, 383, 4, 3, 2, 435, 4, 4, 3, 246, 3, 3, 4, 424, 4, 6, 5, 562, 5, 5, 6, 564, 5, 5, 7, 389, 4, 4, 8, 196, 3, 3, 9, 445, 4, 5, 10, 369, 4, 4, 11, 221, 3, 3, 12, 588, 5, 6, 13, 473, 4, 4, 14, 470, 4, 5, 15, 185, 3, 3, 16, 486, 4, 5, 17, 556, 5, 5, 18, 424, 4, 5, 
http://espn.go.com/golf/player/scorecards/_/id/551/year/2006/tournamentId/257/thomas-levet, The Honda Classic - (03/09-03/12), 2006, 1, 383, 4, 4, 2, 435, 4, 3, 3, 246, 3, 3, 4, 424, 4, 5, 5, 562, 5, 4, 6, 564, 5, 4, 7, 389, 4, 3, 8, 196, 3, 2, 9, 445, 4, 3, 10, 369, 4, 3, 11, 221, 3, 3, 12, 588, 5, 4, 13, 473, 4, 5, 14, 470, 4, 6, 15, 185, 3, 3, 16, 486, 4, 4, 17, 556, 5, 5, 18, 424, 4, 4, 
http://espn.go.com/golf/player/scorecards/_/id/551/year/2006/tournamentId/257/thomas-levet, The Honda Classic - (03/09-03/12), 2006, 1, 383, 4, 5, 2, 435, 4, 4, 3, 246, 3, 3, 4, 424, 4, 4, 5, 562, 5, 5, 6, 564, 5, 4, 7, 389, 4, 4, 8, 196, 3, 3, 9, 445, 4, 4, 10, 369, 4, 5, 11, 221, 3, 3, 12, 588, 5, 5, 13, 473, 4, 4, 14, 470, 4, 4, 15, 185, 3, 4, 16, 486, 4, 5, 17, 556, 5, 4, 18, 424, 4, 4, 
http://espn.go.com/golf/player/scorecards/_/id/551/year/2006/tournamentId/260/thomas-levet, BellSouth Classic - (03/30-04/02), 2006, 1, 434, 4, 5, 2, 144, 3, 5, 3, 389, 4, 3, 4, 558, 5, 5, 5, 441, 4, 5, 6, 569, 5, 4, 7, 458, 4, 4, 8, 248, 3, 7, 9, 472, 4, 4, 10, 628, 5, 5, 11, 189, 3, 4, 12, 434, 4, 4, 13, 310, 4, 4, 14, 453, 4, 4, 15, 406, 4, 4, 16, 179, 3, 3, 17, 455, 4, 3, 18, 544, 5, 5, 
http://espn.go.com/golf/player/scorecards/_/id/551/year/2006/tournamentId/260/thomas-levet, BellSouth Classic - (03/30-04/02), 2006, 1, 434, 4, 4, 2, 144, 3, 3, 3, 389, 4, 4, 4, 558, 5, 5, 5, 441, 4, 5, 6, 569, 5, 4, 7, 458, 4, 4, 8, 248, 3, 3, 9, 472, 4, 4, 10, 628, 5, 5, 11, 189, 3, 3, 12, 434, 4, 4, 13, 310, 4, 4, 14, 453, 4, 4, 15, 406, 4, 3, 16, 179, 3, 3, 17, 455, 4, 4, 18, 544, 5, 3, 
http://espn.go.com/golf/player/scorecards/_/id/551/year/2006/tournamentId/260/thomas-levet, BellSouth Classic - (03/30-04/02), 2006, 1, 434, 4, 4, 2, 144, 3, 4, 3, 389, 4, 3, 4, 558, 5, 5, 5, 441, 4, 3, 6, 569, 5, 4, 7, 458, 4, 4, 8, 248, 3, 3, 9, 472, 4, 4, 10, 628, 5, 4, 11, 189, 3, 3, 12, 434, 4, 4, 13, 310, 4, 4, 14, 453, 4, 4, 15, 406, 4, 3, 16, 179, 3, 3, 17, 455, 4, 4, 18, 544, 5, 5, 
http://espn.go.com/golf/player/scorecards/_/id/551/year/2006/tournamentId/260/thomas-levet, BellSouth Classic - (03/30-04/02), 2006, 1, 434, 4, 4, 2, 144, 3, 3, 3, 389, 4, 4, 4, 558, 5, 4, 5, 441, 4, 5, 6, 569, 5, 5, 7, 458, 4, 5, 8, 248, 3, 4, 9, 472, 4, 6, 10, 628, 5, 5, 11, 189, 3, 3, 12, 434, 4, 4, 13, 310, 4, 5, 14, 453, 4, 4, 15, 406, 4, 4, 16, 179, 3, 2, 17, 455, 4, 4, 18, 544, 5, 5, 
http://espn.go.com/golf/player/scorecards/_/id/551/year/2006/tournamentId/261/thomas-levet, Masters Tournament - (04/06-04/09), 2006, 1, 445, 4, 4, 2, 575, 5, 4, 3, 350, 4, 4, 4, 240, 3, 2, 5, 455, 4, 4, 6, 180, 3, 4, 7, 450, 4, 5, 8, 570, 5, 4, 9, 460, 4, 4, 10, 495, 4, 4, 11, 505, 4, 5, 12, 155, 3, 3, 13, 510, 5, 5, 14, 440, 4, 4, 15, 530, 5, 4, 16, 170, 3, 3, 17, 440, 4, 4, 18, 465, 4, 4, 
http://espn.go.com/golf/player/scorecards/_/id/551/year/2006/tournamentId/261/thomas-levet, Masters Tournament - (04/06-04/09), 2006, 1, 445, 4, 4, 2, 575, 5, 4, 3, 350, 4, 5, 4, 240, 3, 4, 5, 455, 4, 4, 6, 180, 3, 4, 7, 450, 4, 6, 8, 570, 5, 4, 9, 460, 4, 6, 10, 495, 4, 4, 11, 505, 4, 4, 12, 155, 3, 3, 13, 510, 5, 6, 14, 440, 4, 4, 15, 530, 5, 3, 16, 170, 3, 4, 17, 440, 4, 5, 18, 465, 4, 4, 
http://espn.go.com/golf/player/scorecards/_/id/551/year/2006/tournamentId/262/thomas-levet, Verizon Heritage - (04/13-04/16), 2006, 1, 410, 4, 4, 2, 502, 5, 4, 3, 469, 4, 5, 4, 200, 3, 3, 5, 540, 5, 4, 6, 419, 4, 4, 7, 195, 3, 3, 8, 473, 4, 4, 9, 332, 4, 3, 10, 451, 4, 5, 11, 436, 4, 4, 12, 430, 4, 4, 13, 373, 4, 4, 14, 192, 3, 4, 15, 588, 5, 6, 16, 434, 4, 3, 17, 185, 3, 3, 18, 472, 4, 4, 
http://espn.go.com/golf/player/scorecards/_/id/551/year/2006/tournamentId/262/thomas-levet, Verizon Heritage - (04/13-04/16), 2006, 1, 410, 4, 5, 2, 502, 5, 4, 3, 469, 4, 4, 4, 200, 3, 4, 5, 540, 5, 5, 6, 419, 4, 4, 7, 195, 3, 4, 8, 473, 4, 4, 9, 332, 4, 5, 10, 451, 4, 4, 11, 436, 4, 4, 12, 430, 4, 4, 13, 373, 4, 5, 14, 192, 3, 3, 15, 588, 5, 5, 16, 434, 4, 4, 17, 185, 3, 4, 18, 472, 4, 4, 
http://espn.go.com/golf/player/scorecards/_/id/551/year/2006/tournamentId/262/thomas-levet, Verizon Heritage - (04/13-04/16), 2006, 1, 410, 4, 4, 2, 502, 5, 5, 3, 469, 4, 3, 4, 200, 3, 3, 5, 540, 5, 4, 6, 419, 4, 4, 7, 195, 3, 3, 8, 473, 4, 5, 9, 332, 4, 4, 10, 451, 4, 4, 11, 436, 4, 4, 12, 430, 4, 4, 13, 373, 4, 4, 14, 192, 3, 3, 15, 588, 5, 5, 16, 434, 4, 5, 17, 185, 3, 3, 18, 472, 4, 4, 
http://espn.go.com/golf/player/scorecards/_/id/551/year/2006/tournamentId/262/thomas-levet, Verizon Heritage - (04/13-04/16), 2006, 1, 410, 4, 4, 2, 502, 5, 3, 3, 469, 4, 4, 4, 200, 3, 3, 5, 540, 5, 4, 6, 419, 4, 5, 7, 195, 3, 3, 8, 473, 4, 5, 9, 332, 4, 4, 10, 451, 4, 5, 11, 436, 4, 4, 12, 430, 4, 5, 13, 373, 4, 4, 14, 192, 3, 2, 15, 588, 5, 5, 16, 434, 4, 4, 17, 185, 3, 3, 18, 472, 4, 4, 
http://espn.go.com/golf/player/scorecards/_/id/551/year/2006/tournamentId/263/thomas-levet, Shell Houston Open - (04/20-04/23), 2006, 1, 397, 4, 4, 2, 429, 4, 4, 3, 398, 4, 4, 4, 566, 5, 4, 5, 480, 4, 5, 6, 464, 4, 4, 7, 174, 3, 4, 8, 557, 5, 5, 9, 238, 3, 3, 10, 380, 4, 4, 11, 441, 4, 5, 12, 338, 4, 4, 13, 590, 5, 5, 14, 216, 3, 3, 15, 608, 5, 5, 16, 188, 3, 3, 17, 489, 4, 4, 18, 488, 4, 5, 
http://espn.go.com/golf/player/scorecards/_/id/551/year/2006/tournamentId/263/thomas-levet, Shell Houston Open - (04/20-04/23), 2006, 1, 397, 4, 4, 2, 429, 4, 4, 3, 398, 4, 3, 4, 566, 5, 4, 5, 480, 4, 5, 6, 464, 4, 4, 7, 174, 3, 3, 8, 557, 5, 5, 9, 238, 3, 3, 10, 380, 4, 3, 11, 441, 4, 4, 12, 338, 4, 4, 13, 590, 5, 5, 14, 216, 3, 5, 15, 608, 5, 5, 16, 188, 3, 3, 17, 489, 4, 3, 18, 488, 4, 4, 
http://espn.go.com/golf/player/scorecards/_/id/551/year/2006/tournamentId/282/thomas-levet, Wachovia Championship - (05/04-05/07), 2006, 1, 418, 4, 4, 2, 178, 3, 3, 3, 452, 4, 4, 4, 483, 4, 5, 5, 570, 5, 5, 6, 250, 3, 4, 7, 532, 5, 4, 8, 350, 4, 4, 9, 495, 4, 5, 10, 598, 5, 6, 11, 426, 4, 4, 12, 456, 4, 4, 13, 210, 3, 3, 14, 345, 4, 4, 15, 566, 5, 5, 16, 487, 4, 4, 17, 198, 3, 4, 18, 478, 4, 5, 
http://espn.go.com/golf/player/scorecards/_/id/551/year/2006/tournamentId/282/thomas-levet, Wachovia Championship - (05/04-05/07), 2006, 1, 418, 4, 3, 2, 178, 3, 2, 3, 452, 4, 5, 4, 483, 4, 5, 5, 570, 5, 4, 6, 250, 3, 3, 7, 532, 5, 5, 8, 350, 4, 4, 9, 495, 4, 4, 10, 598, 5, 5, 11, 426, 4, 4, 12, 456, 4, 5, 13, 210, 3, 3, 14, 345, 4, 4, 15, 566, 5, 5, 16, 487, 4, 4, 17, 198, 3, 3, 18, 478, 4, 5, 
http://espn.go.com/golf/player/scorecards/_/id/551/year/2006/tournamentId/264/thomas-levet, EDS Byron Nelson Championship - (05/11-05/14), 2006, 1, 458, 4, , 2, 221, 3, , 3, 528, 4, , 4, 431, 4, , 5, 174, 3, , 6, 448, 4, , 7, 542, 5, , 8, 461, 4, , 9, 427, 4, , 10, 435, 4, , 11, 323, 4, , 12, 455, 4, , 13, 180, 3, , 14, 406, 4, , 15, 504, 4, , 16, 546, 5, , 17, 198, 3, , 18, 429, 4, , 
http://espn.go.com/golf/player/scorecards/_/id/551/year/2006/tournamentId/265/thomas-levet, Bank of America Colonial - (05/18-05/21), 2006, 1, 565, 5, 5, 2, 389, 4, 3, 3, 483, 4, 4, 4, 247, 3, 4, 5, 481, 4, 5, 6, 406, 4, 4, 7, 440, 4, 4, 8, 194, 3, 3, 9, 407, 4, 4, 10, 408, 4, 5, 11, 635, 5, 5, 12, 445, 4, 4, 13, 190, 3, 5, 14, 464, 4, 5, 15, 430, 4, 3, 16, 192, 3, 5, 17, 387, 4, 4, 18, 441, 4, 6, 
http://espn.go.com/golf/player/scorecards/_/id/551/year/2006/tournamentId/265/thomas-levet, Bank of America Colonial - (05/18-05/21), 2006, 1, 565, 5, 5, 2, 389, 4, 4, 3, 483, 4, 4, 4, 247, 3, 3, 5, 481, 4, 5, 6, 406, 4, 4, 7, 440, 4, 4, 8, 194, 3, 3, 9, 407, 4, 4, 10, 408, 4, 4, 11, 635, 5, 5, 12, 445, 4, 4, 13, 190, 3, 3, 14, 464, 4, 4, 15, 430, 4, 5, 16, 192, 3, 2, 17, 387, 4, 3, 18, 441, 4, 4, 
http://espn.go.com/golf/player/scorecards/_/id/551/year/2006/tournamentId/267/thomas-levet, the Memorial Tournament - (06/01-06/04), 2006, 1, 470, 4, 5, 2, 455, 4, 4, 3, 401, 4, 4, 4, 200, 3, 2, 5, 527, 5, 6, 6, 447, 4, 4, 7, 563, 5, 6, 8, 185, 3, 2, 9, 412, 4, 4, 10, 471, 4, 5, 11, 567, 5, 6, 12, 184, 3, 3, 13, 455, 4, 4, 14, 363, 4, 6, 15, 529, 5, 4, 16, 201, 3, 3, 17, 478, 4, 4, 18, 444, 4, 4, 
http://espn.go.com/golf/player/scorecards/_/id/551/year/2006/tournamentId/266/thomas-levet, Booz Allen Classic - (06/22-06/25), 2006, 1, 393, 4, 4, 2, 622, 5, 5, 3, 239, 3, 3, 4, 435, 4, 4, 5, 359, 4, 4, 6, 520, 5, 5, 7, 461, 4, 4, 8, 453, 4, 3, 9, 166, 3, 3, 10, 374, 4, 5, 11, 147, 3, 3, 12, 472, 4, 4, 13, 524, 5, 6, 14, 301, 4, 4, 15, 467, 4, 4, 16, 415, 4, 4, 17, 195, 3, 3, 18, 444, 4, 4, 
http://espn.go.com/golf/player/scorecards/_/id/551/year/2006/tournamentId/266/thomas-levet, Booz Allen Classic - (06/22-06/25), 2006, 1, 393, 4, 4, 2, 622, 5, 5, 3, 239, 3, 3, 4, 435, 4, 3, 5, 359, 4, 3, 6, 520, 5, 4, 7, 461, 4, 4, 8, 453, 4, 5, 9, 166, 3, 4, 10, 374, 4, 4, 11, 147, 3, 3, 12, 472, 4, 4, 13, 524, 5, 4, 14, 301, 4, 3, 15, 467, 4, 3, 16, 415, 4, 4, 17, 195, 3, 2, 18, 444, 4, 5, 
http://espn.go.com/golf/player/scorecards/_/id/551/year/2006/tournamentId/266/thomas-levet, Booz Allen Classic - (06/22-06/25), 2006, 1, 393, 4, 4, 2, 622, 5, 5, 3, 239, 3, 4, 4, 435, 4, 4, 5, 359, 4, 4, 6, 520, 5, 4, 7, 461, 4, 4, 8, 453, 4, 3, 9, 166, 3, 4, 10, 374, 4, 4, 11, 147, 3, 3, 12, 472, 4, 3, 13, 524, 5, 4, 14, 301, 4, 4, 15, 467, 4, 3, 16, 415, 4, 3, 17, 195, 3, 3, 18, 444, 4, 4, 
http://espn.go.com/golf/player/scorecards/_/id/551/year/2006/tournamentId/266/thomas-levet, Booz Allen Classic - (06/22-06/25), 2006, 1, 393, 4, 5, 2, 622, 5, 5, 3, 239, 3, 3, 4, 435, 4, 3, 5, 359, 4, 4, 6, 520, 5, 5, 7, 461, 4, 5, 8, 453, 4, 4, 9, 166, 3, 2, 10, 374, 4, 3, 11, 147, 3, 3, 12, 472, 4, 4, 13, 524, 5, 6, 14, 301, 4, 4, 15, 467, 4, 3, 16, 415, 4, 4, 17, 195, 3, 4, 18, 444, 4, 5, 
http://espn.go.com/golf/player/scorecards/_/id/551/year/2006/tournamentId/273/thomas-levet, Buick Open - (08/03-08/06), 2006, 1, 567, 5, 5, 2, 431, 4, 4, 3, 187, 3, 3, 4, 401, 4, 4, 5, 437, 4, 4, 6, 421, 4, 4, 7, 584, 5, 5, 8, 199, 3, 3, 9, 434, 4, 4, 10, 401, 4, 3, 11, 190, 3, 3, 12, 340, 4, 4, 13, 544, 5, 6, 14, 322, 4, 4, 15, 457, 4, 4, 16, 580, 5, 4, 17, 197, 3, 3, 18, 435, 4, 5, 
http://espn.go.com/golf/player/scorecards/_/id/551/year/2006/tournamentId/273/thomas-levet, Buick Open - (08/03-08/06), 2006, 1, 567, 5, 6, 2, 431, 4, 4, 3, 187, 3, 3, 4, 401, 4, 4, 5, 437, 4, 5, 6, 421, 4, 3, 7, 584, 5, 5, 8, 199, 3, 2, 9, 434, 4, 5, 10, 401, 4, 4, 11, 190, 3, 2, 12, 340, 4, 4, 13, 544, 5, 5, 14, 322, 4, 4, 15, 457, 4, 4, 16, 580, 5, 5, 17, 197, 3, 3, 18, 435, 4, 4, 
http://espn.go.com/golf/player/scorecards/_/id/551/year/2006/tournamentId/275/thomas-levet, The INTERNATIONAL - (08/10-08/13), 2006, 1, 644, 5, , 2, 408, 4, , 3, 462, 4, , 4, 230, 3, , 5, 477, 4, , 6, 417, 4, , 7, 185, 3, , 8, 570, 5, , 9, 458, 4, , 10, 485, 4, , 11, 197, 3, , 12, 440, 4, , 13, 439, 4, , 14, 623, 5, , 15, 403, 4, , 16, 209, 3, , 17, 492, 5, , 18, 480, 4, , 
http://espn.go.com/golf/player/scorecards/_/id/551/year/2006/tournamentId/275/thomas-levet, The INTERNATIONAL - (08/10-08/13), 2006, 1, 644, 5, , 2, 408, 4, , 3, 462, 4, , 4, 230, 3, , 5, 477, 4, , 6, 417, 4, , 7, 185, 3, , 8, 570, 5, , 9, 458, 4, , 10, 485, 4, , 11, 197, 3, , 12, 440, 4, , 13, 439, 4, , 14, 623, 5, , 15, 403, 4, , 16, 209, 3, , 17, 492, 5, , 18, 480, 4, , 
http://espn.go.com/golf/player/scorecards/_/id/551/year/2006/tournamentId/296/thomas-levet, World Golf Championships-Bridgestone Invitational - (08/24-08/27), 2006, 1, 399, 4, 3, 2, 526, 5, 5, 3, 442, 4, 3, 4, 471, 4, 5, 5, 200, 3, 3, 6, 469, 4, 5, 7, 219, 3, 2, 8, 482, 4, 5, 9, 494, 4, 5, 10, 410, 4, 6, 11, 418, 4, 4, 12, 180, 3, 3, 13, 471, 4, 4, 14, 467, 4, 5, 15, 221, 3, 3, 16, 667, 5, 6, 17, 400, 4, 4, 18, 464, 4, 3, 
http://espn.go.com/golf/player/scorecards/_/id/551/year/2006/tournamentId/296/thomas-levet, World Golf Championships-Bridgestone Invitational - (08/24-08/27), 2006, 1, 399, 4, 4, 2, 526, 5, 4, 3, 442, 4, 4, 4, 471, 4, 4, 5, 200, 3, 2, 6, 469, 4, 4, 7, 219, 3, 4, 8, 482, 4, 4, 9, 494, 4, 3, 10, 410, 4, 4, 11, 418, 4, 4, 12, 180, 3, 4, 13, 471, 4, 4, 14, 467, 4, 4, 15, 221, 3, 3, 16, 667, 5, 5, 17, 400, 4, 4, 18, 464, 4, 4, 
http://espn.go.com/golf/player/scorecards/_/id/551/year/2006/tournamentId/296/thomas-levet, World Golf Championships-Bridgestone Invitational - (08/24-08/27), 2006, 1, 399, 4, 4, 2, 526, 5, 5, 3, 442, 4, 4, 4, 471, 4, 3, 5, 200, 3, 2, 6, 469, 4, 5, 7, 219, 3, 3, 8, 482, 4, 4, 9, 494, 4, 5, 10, 410, 4, 4, 11, 418, 4, 4, 12, 180, 3, 3, 13, 471, 4, 4, 14, 467, 4, 4, 15, 221, 3, 3, 16, 667, 5, 5, 17, 400, 4, 3, 18, 464, 4, 4, 
http://espn.go.com/golf/player/scorecards/_/id/551/year/2006/tournamentId/296/thomas-levet, World Golf Championships-Bridgestone Invitational - (08/24-08/27), 2006, 1, 399, 4, 5, 2, 526, 5, 5, 3, 442, 4, 4, 4, 471, 4, 4, 5, 200, 3, 3, 6, 469, 4, 4, 7, 219, 3, 3, 8, 482, 4, 4, 9, 494, 4, 4, 10, 410, 4, 4, 11, 418, 4, 4, 12, 180, 3, 2, 13, 471, 4, 4, 14, 467, 4, 5, 15, 221, 3, 4, 16, 667, 5, 9, 17, 400, 4, 4, 18, 464, 4, 5, 
http://espn.go.com/golf/player/scorecards/_/id/551/year/2007/tournamentId/335/thomas-levet, Mayakoba Golf Classic at Riviera Maya-Cancun - (02/22-02/25), 2007, 1, 438, 4, 6, 2, 428, 4, 3, 3, 389, 4, 5, 4, 116, 3, 4, 5, 554, 5, 4, 6, 416, 4, 5, 7, 554, 5, 2, 8, 151, 3, 4, 9, 462, 4, 4, 10, 200, 3, 3, 11, 360, 4, 4, 12, 451, 4, 5, 13, 532, 5, 5, 14, 452, 4, 6, 15, 155, 3, 3, 16, 485, 4, 4, 17, 386, 4, 4, 18, 458, 4, 3, 
http://espn.go.com/golf/player/scorecards/_/id/551/year/2007/tournamentId/335/thomas-levet, Mayakoba Golf Classic at Riviera Maya-Cancun - (02/22-02/25), 2007, 1, 438, 4, 4, 2, 428, 4, 3, 3, 389, 4, 5, 4, 116, 3, 5, 5, 554, 5, 4, 6, 416, 4, 4, 7, 554, 5, 3, 8, 151, 3, 4, 9, 462, 4, 4, 10, 200, 3, 3, 11, 360, 4, 4, 12, 451, 4, 4, 13, 532, 5, 5, 14, 452, 4, 4, 15, 155, 3, 3, 16, 485, 4, 4, 17, 386, 4, 4, 18, 458, 4, 4, 
http://espn.go.com/golf/player/scorecards/_/id/551/year/2007/tournamentId/311/thomas-levet, Shell Houston Open - (03/29-04/01), 2007, 1, 397, 4, 4, 2, 429, 4, 5, 3, 398, 4, 3, 4, 566, 5, 4, 5, 480, 4, 3, 6, 464, 4, 4, 7, 174, 3, 2, 8, 557, 5, 6, 9, 238, 3, 4, 10, 380, 4, 4, 11, 441, 4, 4, 12, 338, 4, 4, 13, 590, 5, 6, 14, 216, 3, 3, 15, 608, 5, 6, 16, 188, 3, 3, 17, 489, 4, 4, 18, 488, 4, 4, 
http://espn.go.com/golf/player/scorecards/_/id/551/year/2007/tournamentId/311/thomas-levet, Shell Houston Open - (03/29-04/01), 2007, 1, 397, 4, 4, 2, 429, 4, 4, 3, 398, 4, 4, 4, 566, 5, 4, 5, 480, 4, 6, 6, 464, 4, 4, 7, 174, 3, 4, 8, 557, 5, 3, 9, 238, 3, 4, 10, 380, 4, 4, 11, 441, 4, 4, 12, 338, 4, 4, 13, 590, 5, 5, 14, 216, 3, 4, 15, 608, 5, 5, 16, 188, 3, 3, 17, 489, 4, 4, 18, 488, 4, 5, 
http://espn.go.com/golf/player/scorecards/_/id/551/year/2007/tournamentId/306/thomas-levet, Zurich Classic of New Orleans - (04/19-04/22), 2007, 1, 399, 4, 3, 2, 548, 5, 4, 3, 221, 3, 3, 4, 482, 4, 4, 5, 438, 4, 6, 6, 476, 4, 4, 7, 561, 5, 5, 8, 372, 4, 4, 9, 207, 3, 2, 10, 390, 4, 4, 11, 575, 5, 4, 12, 492, 4, 5, 13, 403, 4, 4, 14, 216, 3, 3, 15, 490, 4, 4, 16, 355, 4, 5, 17, 215, 3, 2, 18, 585, 5, 4, 
http://espn.go.com/golf/player/scorecards/_/id/551/year/2007/tournamentId/306/thomas-levet, Zurich Classic of New Orleans - (04/19-04/22), 2007, 1, 399, 4, 4, 2, 548, 5, 4, 3, 221, 3, 3, 4, 482, 4, 4, 5, 438, 4, 4, 6, 476, 4, 7, 7, 561, 5, 4, 8, 372, 4, 4, 9, 207, 3, 4, 10, 390, 4, 4, 11, 575, 5, 5, 12, 492, 4, 4, 13, 403, 4, 4, 14, 216, 3, 3, 15, 490, 4, 5, 16, 355, 4, 4, 17, 215, 3, 3, 18, 585, 5, 4, 
http://espn.go.com/golf/player/scorecards/_/id/551/year/2007/tournamentId/336/thomas-levet, Turning Stone Resort Championship - (09/20-09/23), 2007, 1, 398, 4, 4, 2, 447, 4, 4, 3, 198, 3, 3, 4, 414, 4, 6, 5, 550, 5, 4, 6, 185, 3, 3, 7, 433, 4, 5, 8, 576, 5, 4, 9, 479, 4, 4, 10, 422, 4, 4, 11, 230, 3, 4, 12, 580, 5, 5, 13, 439, 4, 4, 14, 410, 4, 3, 15, 442, 4, 4, 16, 177, 3, 3, 17, 478, 4, 4, 18, 624, 5, 5, 
http://espn.go.com/golf/player/scorecards/_/id/551/year/2007/tournamentId/336/thomas-levet, Turning Stone Resort Championship - (09/20-09/23), 2007, 1, 398, 4, 4, 2, 447, 4, 3, 3, 198, 3, 3, 4, 414, 4, 3, 5, 550, 5, 3, 6, 185, 3, 6, 7, 433, 4, 4, 8, 576, 5, 5, 9, 479, 4, 4, 10, 422, 4, 5, 11, 230, 3, 3, 12, 580, 5, 4, 13, 439, 4, 5, 14, 410, 4, 4, 15, 442, 4, 5, 16, 177, 3, 3, 17, 478, 4, 3, 18, 624, 5, 5, 
http://espn.go.com/golf/player/scorecards/_/id/551/year/2007/tournamentId/340/thomas-levet, Viking Classic - (09/27-09/30), 2007, 1, 385, 4, 4, 2, 213, 3, 4, 3, 406, 4, 4, 4, 465, 4, 5, 5, 522, 5, 6, 6, 424, 4, 3, 7, 556, 5, 6, 8, 209, 3, 3, 9, 450, 4, 4, 10, 410, 4, 4, 11, 579, 5, 5, 12, 171, 3, 3, 13, 414, 4, 5, 14, 473, 4, 4, 15, 176, 3, 3, 16, 408, 4, 4, 17, 409, 4, 5, 18, 532, 5, 5, 
http://espn.go.com/golf/player/scorecards/_/id/551/year/2007/tournamentId/340/thomas-levet, Viking Classic - (09/27-09/30), 2007, 1, 385, 4, 4, 2, 213, 3, 2, 3, 406, 4, 3, 4, 465, 4, 3, 5, 522, 5, 5, 6, 424, 4, 4, 7, 556, 5, 5, 8, 209, 3, 2, 9, 450, 4, 3, 10, 410, 4, 5, 11, 579, 5, 6, 12, 171, 3, 4, 13, 414, 4, 5, 14, 473, 4, 4, 15, 176, 3, 2, 16, 408, 4, 5, 17, 409, 4, 4, 18, 532, 5, 4, 
http://espn.go.com/golf/player/scorecards/_/id/551/year/2008/tournamentId/433/thomas-levet, U.S. Open Championship - (06/12-06/15), 2008, 1, 448, 4, 4, 2, 389, 4, 4, 3, 195, 3, 4, 4, 488, 4, 4, 5, 453, 4, 5, 6, 515, 4, 4, 7, 461, 4, 5, 8, 177, 3, 4, 9, 612, 5, 4, 10, 414, 4, 4, 11, 221, 3, 4, 12, 504, 4, 5, 13, 614, 5, 5, 14, 435, 4, 4, 15, 478, 4, 5, 16, 225, 3, 3, 17, 441, 4, 4, 18, 573, 5, 4, 
http://espn.go.com/golf/player/scorecards/_/id/551/year/2008/tournamentId/433/thomas-levet, U.S. Open Championship - (06/12-06/15), 2008, 1, 448, 4, 4, 2, 389, 4, 5, 3, 195, 3, 3, 4, 488, 4, 3, 5, 453, 4, 4, 6, 515, 4, 4, 7, 461, 4, 4, 8, 177, 3, 3, 9, 612, 5, 7, 10, 414, 4, 5, 11, 221, 3, 2, 12, 504, 4, 4, 13, 614, 5, 4, 14, 435, 4, 4, 15, 478, 4, 4, 16, 225, 3, 3, 17, 441, 4, 4, 18, 573, 5, 7, 
http://espn.go.com/golf/player/scorecards/_/id/551/year/2009/tournamentId/545/thomas-levet, U.S. Open Championship - (06/18-06/22), 2009, 1, 430, 4, 4, 2, 389, 4, 4, 3, 230, 3, 3, 4, 517, 5, 5, 5, 478, 4, 5, 6, 408, 4, 5, 7, 553, 5, 4, 8, 210, 3, 4, 9, 460, 4, 4, 10, 502, 4, 5, 11, 435, 4, 4, 12, 501, 4, 5, 13, 608, 5, 4, 14, 161, 3, 2, 15, 478, 4, 5, 16, 490, 4, 4, 17, 207, 3, 3, 18, 411, 4, 6, 
http://espn.go.com/golf/player/scorecards/_/id/551/year/2009/tournamentId/545/thomas-levet, U.S. Open Championship - (06/18-06/22), 2009, 1, 430, 4, 4, 2, 389, 4, 4, 3, 230, 3, 3, 4, 517, 5, 5, 5, 478, 4, 4, 6, 408, 4, 4, 7, 553, 5, 5, 8, 210, 3, 3, 9, 460, 4, 4, 10, 502, 4, 4, 11, 435, 4, 4, 12, 501, 4, 4, 13, 608, 5, 5, 14, 161, 3, 3, 15, 478, 4, 4, 16, 490, 4, 4, 17, 207, 3, 3, 18, 411, 4, 4, 
http://espn.go.com/golf/player/scorecards/_/id/551/year/2009/tournamentId/545/thomas-levet, U.S. Open Championship - (06/18-06/22), 2009, 1, 430, 4, 4, 2, 389, 4, 3, 3, 230, 3, 3, 4, 517, 5, 5, 5, 478, 4, 5, 6, 408, 4, 4, 7, 553, 5, 4, 8, 210, 3, 3, 9, 460, 4, 4, 10, 502, 4, 5, 11, 435, 4, 4, 12, 501, 4, 5, 13, 608, 5, 5, 14, 161, 3, 2, 15, 478, 4, 5, 16, 490, 4, 4, 17, 207, 3, 3, 18, 411, 4, 4, 
http://espn.go.com/golf/player/scorecards/_/id/551/year/2009/tournamentId/545/thomas-levet, U.S. Open Championship - (06/18-06/22), 2009, 1, 430, 4, 4, 2, 389, 4, 4, 3, 230, 3, 4, 4, 517, 5, 4, 5, 478, 4, 4, 6, 408, 4, 4, 7, 553, 5, 3, 8, 210, 3, 4, 9, 460, 4, 4, 10, 502, 4, 4, 11, 435, 4, 5, 12, 501, 4, 4, 13, 608, 5, 6, 14, 161, 3, 2, 15, 478, 4, 4, 16, 490, 4, 4, 17, 207, 3, 4, 18, 411, 4, 4, 
http://espn.go.com/golf/player/scorecards/_/id/551/year/2009/tournamentId/549/thomas-levet, British Open Championship - (07/16-07/19), 2009, 1, 354, 4, 4, 2, 428, 4, 4, 3, 489, 4, 4, 4, 166, 3, 3, 5, 474, 4, 5, 6, 231, 3, 2, 7, 538, 5, 4, 8, 454, 4, 5, 9, 449, 4, 4, 10, 456, 4, 5, 11, 175, 3, 3, 12, 451, 4, 5, 13, 410, 4, 4, 14, 448, 4, 4, 15, 206, 3, 1, 16, 455, 4, 3, 17, 559, 5, 6, 18, 461, 4, 5, 
http://espn.go.com/golf/player/scorecards/_/id/551/year/2009/tournamentId/549/thomas-levet, British Open Championship - (07/16-07/19), 2009, 1, 354, 4, 6, 2, 428, 4, 4, 3, 489, 4, 4, 4, 166, 3, 3, 5, 474, 4, 5, 6, 231, 3, 3, 7, 538, 5, 4, 8, 454, 4, 4, 9, 449, 4, 4, 10, 456, 4, 3, 11, 175, 3, 3, 12, 451, 4, 3, 13, 410, 4, 4, 14, 448, 4, 5, 15, 206, 3, 4, 16, 455, 4, 4, 17, 559, 5, 4, 18, 461, 4, 4, 
http://espn.go.com/golf/player/scorecards/_/id/551/year/2009/tournamentId/549/thomas-levet, British Open Championship - (07/16-07/19), 2009, 1, 354, 4, 4, 2, 428, 4, 5, 3, 489, 4, 5, 4, 166, 3, 3, 5, 474, 4, 4, 6, 231, 3, 3, 7, 538, 5, 5, 8, 454, 4, 6, 9, 449, 4, 4, 10, 456, 4, 4, 11, 175, 3, 3, 12, 451, 4, 4, 13, 410, 4, 4, 14, 448, 4, 4, 15, 206, 3, 3, 16, 455, 4, 4, 17, 559, 5, 4, 18, 461, 4, 4, 
http://espn.go.com/golf/player/scorecards/_/id/551/year/2009/tournamentId/549/thomas-levet, British Open Championship - (07/16-07/19), 2009, 1, 354, 4, 4, 2, 428, 4, 4, 3, 489, 4, 4, 4, 166, 3, 3, 5, 474, 4, 5, 6, 231, 3, 3, 7, 538, 5, 5, 8, 454, 4, 4, 9, 449, 4, 5, 10, 456, 4, 4, 11, 175, 3, 3, 12, 451, 4, 5, 13, 410, 4, 4, 14, 448, 4, 3, 15, 206, 3, 3, 16, 455, 4, 3, 17, 559, 5, 5, 18, 461, 4, 4, 
http://espn.go.com/golf/player/scorecards/_/id/551/year/2009/tournamentId/551/thomas-levet, PGA Championship - (08/13-08/16), 2009, 1, 490, 4, 4, 2, 431, 4, 4, 3, 633, 5, 5, 4, 210, 3, 4, 5, 448, 4, 4, 6, 405, 4, 3, 7, 572, 5, 5, 8, 176, 3, 3, 9, 432, 4, 4, 10, 452, 4, 5, 11, 606, 5, 4, 12, 518, 4, 4, 13, 248, 3, 3, 14, 352, 4, 3, 15, 642, 5, 6, 16, 402, 4, 4, 17, 182, 3, 3, 18, 475, 4, 4, 
http://espn.go.com/golf/player/scorecards/_/id/551/year/2009/tournamentId/551/thomas-levet, PGA Championship - (08/13-08/16), 2009, 1, 490, 4, 5, 2, 431, 4, 3, 3, 633, 5, 4, 4, 210, 3, 4, 5, 448, 4, 4, 6, 405, 4, 4, 7, 572, 5, 5, 8, 176, 3, 4, 9, 432, 4, 4, 10, 452, 4, 4, 11, 606, 5, 5, 12, 518, 4, 6, 13, 248, 3, 3, 14, 352, 4, 4, 15, 642, 5, 5, 16, 402, 4, 5, 17, 182, 3, 3, 18, 475, 4, 4, 
http://espn.go.com/golf/player/scorecards/_/id/551/year/2009/tournamentId/551/thomas-levet, PGA Championship - (08/13-08/16), 2009, 1, 490, 4, 5, 2, 431, 4, 4, 3, 633, 5, 5, 4, 210, 3, 3, 5, 448, 4, 5, 6, 405, 4, 4, 7, 572, 5, 3, 8, 176, 3, 3, 9, 432, 4, 5, 10, 452, 4, 3, 11, 606, 5, 5, 12, 518, 4, 4, 13, 248, 3, 3, 14, 352, 4, 5, 15, 642, 5, 5, 16, 402, 4, 5, 17, 182, 3, 3, 18, 475, 4, 5, 
http://espn.go.com/golf/player/scorecards/_/id/551/year/2009/tournamentId/551/thomas-levet, PGA Championship - (08/13-08/16), 2009, 1, 490, 4, 4, 2, 431, 4, 5, 3, 633, 5, 6, 4, 210, 3, 3, 5, 448, 4, 4, 6, 405, 4, 3, 7, 572, 5, 5, 8, 176, 3, 3, 9, 432, 4, 4, 10, 452, 4, 3, 11, 606, 5, 5, 12, 518, 4, 4, 13, 248, 3, 3, 14, 352, 4, 4, 15, 642, 5, 4, 16, 402, 4, 5, 17, 182, 3, 3, 18, 475, 4, 4, 
http://espn.go.com/golf/player/scorecards/_/id/551/year/2010/tournamentId/793/thomas-levet, Mayakoba Golf Classic at Riviera Maya-Cancun - (02/18-02/21), 2010, 1, 438, 4, 4, 2, 428, 4, 3, 3, 389, 4, 4, 4, 116, 3, 4, 5, 554, 5, 4, 6, 416, 4, 4, 7, 554, 5, 3, 8, 151, 3, 4, 9, 462, 4, 4, 10, 200, 3, 3, 11, 360, 4, 4, 12, 451, 4, 4, 13, 532, 5, 4, 14, 452, 4, 9, 15, 155, 3, 3, 16, 485, 4, 6, 17, 386, 4, 4, 18, 458, 4, 5, 
http://espn.go.com/golf/player/scorecards/_/id/551/year/2010/tournamentId/793/thomas-levet, Mayakoba Golf Classic at Riviera Maya-Cancun - (02/18-02/21), 2010, 1, 438, 4, 5, 2, 428, 4, 2, 3, 389, 4, 4, 4, 116, 3, 3, 5, 554, 5, 4, 6, 416, 4, 4, 7, 554, 5, 3, 8, 151, 3, 4, 9, 462, 4, 4, 10, 200, 3, 3, 11, 360, 4, 4, 12, 451, 4, 4, 13, 532, 5, 5, 14, 452, 4, 5, 15, 155, 3, 3, 16, 485, 4, 4, 17, 386, 4, 4, 18, 458, 4, 4, 
http://espn.go.com/golf/player/scorecards/_/id/551/year/2010/tournamentId/793/thomas-levet, Mayakoba Golf Classic at Riviera Maya-Cancun - (02/18-02/21), 2010, 1, 438, 4, 5, 2, 428, 4, 2, 3, 389, 4, 4, 4, 116, 3, 4, 5, 554, 5, 3, 6, 416, 4, 4, 7, 554, 5, 3, 8, 151, 3, 5, 9, 462, 4, 4, 10, 200, 3, 3, 11, 360, 4, 3, 12, 451, 4, 4, 13, 532, 5, 4, 14, 452, 4, 6, 15, 155, 3, 3, 16, 485, 4, 4, 17, 386, 4, 4, 18, 458, 4, 5, 
http://espn.go.com/golf/player/scorecards/_/id/551/year/2010/tournamentId/793/thomas-levet, Mayakoba Golf Classic at Riviera Maya-Cancun - (02/18-02/21), 2010, 1, 438, 4, 4, 2, 428, 4, 3, 3, 389, 4, 4, 4, 116, 3, 4, 5, 554, 5, 4, 6, 416, 4, 4, 7, 554, 5, 2, 8, 151, 3, 4, 9, 462, 4, 4, 10, 200, 3, 2, 11, 360, 4, 4, 12, 451, 4, 4, 13, 532, 5, 4, 14, 452, 4, 4, 15, 155, 3, 3, 16, 485, 4, 4, 17, 386, 4, 4, 18, 458, 4, 4, 
http://espn.go.com/golf/player/scorecards/_/id/551/year/2010/tournamentId/798/thomas-levet, The Open Championship - (07/15-07/18), 2010, 1, 376, 4, 4, 2, 453, 4, 4, 3, 397, 4, 4, 4, 480, 4, 6, 5, 568, 5, 5, 6, 412, 4, 4, 7, 371, 4, 5, 8, 175, 3, 3, 9, 352, 4, 4, 10, 386, 4, 6, 11, 174, 3, 3, 12, 348, 4, 6, 13, 465, 4, 5, 14, 618, 5, 6, 15, 455, 4, 4, 16, 423, 4, 4, 17, 495, 4, 4, 18, 357, 4, 4, 
http://espn.go.com/golf/player/scorecards/_/id/551/year/2010/tournamentId/798/thomas-levet, The Open Championship - (07/15-07/18), 2010, 1, 376, 4, 4, 2, 453, 4, 3, 3, 397, 4, 4, 4, 480, 4, 5, 5, 568, 5, 4, 6, 412, 4, 4, 7, 371, 4, 4, 8, 175, 3, 3, 9, 352, 4, 4, 10, 386, 4, 4, 11, 174, 3, 3, 12, 348, 4, 4, 13, 465, 4, 5, 14, 618, 5, 4, 15, 455, 4, 4, 16, 423, 4, 5, 17, 495, 4, 5, 18, 357, 4, 4, 
http://espn.go.com/golf/player/scorecards/_/id/551/year/2011/tournamentId/981/thomas-levet, U.S. Open - (06/16-06/19), 2011, 1, 402, 4, 6, 2, 233, 3, 2, 3, 466, 4, 4, 4, 470, 4, 5, 5, 413, 4, 4, 6, 555, 5, 5, 7, 173, 3, 3, 8, 354, 4, 4, 9, 636, 5, 5, 10, 218, 3, 3, 11, 489, 4, 5, 12, 471, 4, 4, 13, 193, 3, 3, 14, 467, 4, 5, 15, 490, 4, 4, 16, 579, 5, 5, 17, 437, 4, 5, 18, 523, 4, 4, 
http://espn.go.com/golf/player/scorecards/_/id/551/year/2011/tournamentId/981/thomas-levet, U.S. Open - (06/16-06/19), 2011, 1, 402, 4, 4, 2, 233, 3, 3, 3, 466, 4, 5, 4, 470, 4, 4, 5, 413, 4, 4, 6, 555, 5, 5, 7, 173, 3, 4, 8, 354, 4, 4, 9, 636, 5, 5, 10, 218, 3, 5, 11, 489, 4, 4, 12, 471, 4, 4, 13, 193, 3, 4, 14, 467, 4, 4, 15, 490, 4, 3, 16, 579, 5, 5, 17, 437, 4, 4, 18, 523, 4, 4, 
