http://espn.go.com/golf/player/scorecards/_/id/337/year/2004/tournamentId/168/craig-parry, the Memorial Tournament - (06/03-06/06), 2004, 1, 470, 4, 5, 2, 455, 4, 5, 3, 401, 4, 4, 4, 200, 3, 4, 5, 527, 5, 6, 6, 447, 4, 4, 7, 563, 5, 6, 8, 185, 3, 2, 9, 412, 4, 4, 10, 471, 4, 4, 11, 567, 5, 4, 12, 184, 3, 4, 13, 455, 4, 4, 14, 363, 4, 4, 15, 529, 5, 6, 16, 201, 3, 5, 17, 478, 4, 4, 18, 444, 4, 4, 
http://espn.go.com/golf/player/scorecards/_/id/337/year/2004/tournamentId/168/craig-parry, the Memorial Tournament - (06/03-06/06), 2004, 1, 470, 4, 4, 2, 455, 4, 5, 3, 401, 4, 4, 4, 200, 3, 3, 5, 527, 5, 4, 6, 447, 4, 4, 7, 563, 5, 5, 8, 185, 3, 3, 9, 412, 4, 6, 10, 471, 4, 4, 11, 567, 5, 5, 12, 184, 3, 3, 13, 455, 4, 4, 14, 363, 4, 5, 15, 529, 5, 5, 16, 201, 3, 3, 17, 478, 4, 4, 18, 444, 4, 4, 
http://espn.go.com/golf/player/scorecards/_/id/337/year/2004/tournamentId/168/craig-parry, the Memorial Tournament - (06/03-06/06), 2004, 1, 470, 4, 5, 2, 455, 4, 4, 3, 401, 4, 3, 4, 200, 3, 3, 5, 527, 5, 5, 6, 447, 4, 4, 7, 563, 5, 6, 8, 185, 3, 3, 9, 412, 4, 4, 10, 471, 4, 4, 11, 567, 5, 5, 12, 184, 3, 4, 13, 455, 4, 4, 14, 363, 4, 4, 15, 529, 5, 4, 16, 201, 3, 3, 17, 478, 4, 4, 18, 444, 4, 3, 
http://espn.go.com/golf/player/scorecards/_/id/337/year/2004/tournamentId/168/craig-parry, the Memorial Tournament - (06/03-06/06), 2004, 1, 470, 4, 4, 2, 455, 4, 5, 3, 401, 4, 3, 4, 200, 3, 4, 5, 527, 5, 4, 6, 447, 4, 3, 7, 563, 5, 5, 8, 185, 3, 3, 9, 412, 4, 4, 10, 471, 4, 4, 11, 567, 5, 5, 12, 184, 3, 3, 13, 455, 4, 5, 14, 363, 4, 3, 15, 529, 5, 5, 16, 201, 3, 3, 17, 478, 4, 4, 18, 444, 4, 4, 
http://espn.go.com/golf/player/scorecards/_/id/337/year/2004/tournamentId/169/craig-parry, Buick Classic - (06/10-06/13), 2004, 1, 190, 3, 4, 2, 384, 4, 3, 3, 408, 4, 5, 4, 419, 4, 4, 5, 575, 5, 4, 6, 151, 3, 4, 7, 350, 4, 4, 8, 471, 4, 4, 9, 505, 5, 4, 10, 314, 4, 4, 11, 447, 4, 5, 12, 485, 4, 4, 13, 410, 4, 4, 14, 154, 3, 2, 15, 462, 4, 4, 16, 214, 3, 3, 17, 374, 4, 4, 18, 526, 5, 5, 
http://espn.go.com/golf/player/scorecards/_/id/337/year/2004/tournamentId/169/craig-parry, Buick Classic - (06/10-06/13), 2004, 1, 190, 3, 3, 2, 384, 4, 4, 3, 408, 4, 4, 4, 419, 4, 4, 5, 575, 5, 4, 6, 151, 3, 3, 7, 350, 4, 3, 8, 471, 4, 4, 9, 505, 5, 5, 10, 314, 4, 4, 11, 447, 4, 4, 12, 485, 4, 4, 13, 410, 4, 5, 14, 154, 3, 3, 15, 462, 4, 4, 16, 214, 3, 3, 17, 374, 4, 4, 18, 526, 5, 4, 
http://espn.go.com/golf/player/scorecards/_/id/337/year/2004/tournamentId/169/craig-parry, Buick Classic - (06/10-06/13), 2004, 1, 190, 3, 3, 2, 384, 4, 4, 3, 408, 4, 4, 4, 419, 4, 4, 5, 575, 5, 4, 6, 151, 3, 3, 7, 350, 4, 3, 8, 471, 4, 4, 9, 505, 5, 4, 10, 314, 4, 3, 11, 447, 4, 5, 12, 485, 4, 4, 13, 410, 4, 4, 14, 154, 3, 3, 15, 462, 4, 4, 16, 214, 3, 2, 17, 374, 4, 4, 18, 526, 5, 4, 
http://espn.go.com/golf/player/scorecards/_/id/337/year/2004/tournamentId/169/craig-parry, Buick Classic - (06/10-06/13), 2004, 1, 190, 3, 3, 2, 384, 4, 4, 3, 408, 4, 4, 4, 419, 4, 4, 5, 575, 5, 5, 6, 151, 3, 3, 7, 350, 4, 4, 8, 471, 4, 4, 9, 505, 5, 5, 10, 314, 4, 3, 11, 447, 4, 4, 12, 485, 4, 5, 13, 410, 4, 4, 14, 154, 3, 5, 15, 462, 4, 4, 16, 214, 3, 4, 17, 374, 4, 4, 18, 526, 5, 4, 
http://espn.go.com/golf/player/scorecards/_/id/337/year/2004/tournamentId/178/craig-parry, The INTERNATIONAL - (08/05-08/08), 2004, 1, 644, 5, , 2, 408, 4, , 3, 462, 4, , 4, 230, 3, , 5, 477, 4, , 6, 417, 4, , 7, 185, 3, , 8, 570, 5, , 9, 458, 4, , 10, 485, 4, , 11, 197, 3, , 12, 440, 4, , 13, 439, 4, , 14, 623, 5, , 15, 403, 4, , 16, 209, 3, , 17, 492, 5, , 18, 480, 4, , 
http://espn.go.com/golf/player/scorecards/_/id/337/year/2004/tournamentId/178/craig-parry, The INTERNATIONAL - (08/05-08/08), 2004, 1, 644, 5, , 2, 408, 4, , 3, 462, 4, , 4, 230, 3, , 5, 477, 4, , 6, 417, 4, , 7, 185, 3, , 8, 570, 5, , 9, 458, 4, , 10, 485, 4, , 11, 197, 3, , 12, 440, 4, , 13, 439, 4, , 14, 623, 5, , 15, 403, 4, , 16, 209, 3, , 17, 492, 5, , 18, 480, 4, , 
http://espn.go.com/golf/player/scorecards/_/id/337/year/2004/tournamentId/179/craig-parry, WGC-NEC Invitational - (08/19-08/22), 2004, 1, 399, 4, 4, 2, 526, 5, 4, 3, 442, 4, 5, 4, 471, 4, 4, 5, 200, 3, 3, 6, 469, 4, 4, 7, 219, 3, 3, 8, 482, 4, 4, 9, 494, 4, 4, 10, 410, 4, 4, 11, 418, 4, 4, 12, 180, 3, 4, 13, 471, 4, 4, 14, 467, 4, 5, 15, 221, 3, 3, 16, 667, 5, 5, 17, 400, 4, 4, 18, 464, 4, 6, 
http://espn.go.com/golf/player/scorecards/_/id/337/year/2004/tournamentId/179/craig-parry, WGC-NEC Invitational - (08/19-08/22), 2004, 1, 399, 4, 4, 2, 526, 5, 5, 3, 442, 4, 4, 4, 471, 4, 4, 5, 200, 3, 2, 6, 469, 4, 4, 7, 219, 3, 3, 8, 482, 4, 4, 9, 494, 4, 4, 10, 410, 4, 4, 11, 418, 4, 5, 12, 180, 3, 3, 13, 471, 4, 5, 14, 467, 4, 4, 15, 221, 3, 2, 16, 667, 5, 4, 17, 400, 4, 5, 18, 464, 4, 5, 
http://espn.go.com/golf/player/scorecards/_/id/337/year/2004/tournamentId/179/craig-parry, WGC-NEC Invitational - (08/19-08/22), 2004, 1, 399, 4, 4, 2, 526, 5, 4, 3, 442, 4, 4, 4, 471, 4, 4, 5, 200, 3, 2, 6, 469, 4, 4, 7, 219, 3, 3, 8, 482, 4, 4, 9, 494, 4, 4, 10, 410, 4, 5, 11, 418, 4, 4, 12, 180, 3, 3, 13, 471, 4, 4, 14, 467, 4, 3, 15, 221, 3, 3, 16, 667, 5, 7, 17, 400, 4, 3, 18, 464, 4, 4, 
http://espn.go.com/golf/player/scorecards/_/id/337/year/2004/tournamentId/179/craig-parry, WGC-NEC Invitational - (08/19-08/22), 2004, 1, 399, 4, 4, 2, 526, 5, 5, 3, 442, 4, 7, 4, 471, 4, 3, 5, 200, 3, 3, 6, 469, 4, 5, 7, 219, 3, 4, 8, 482, 4, 4, 9, 494, 4, 4, 10, 410, 4, 5, 11, 418, 4, 4, 12, 180, 3, 3, 13, 471, 4, 6, 14, 467, 4, 4, 15, 221, 3, 3, 16, 667, 5, 5, 17, 400, 4, 5, 18, 464, 4, 5, 
http://espn.go.com/golf/player/scorecards/_/id/337/year/2004/tournamentId/163/craig-parry, Chrysler Classic of Greensboro - (10/14-10/17), 2004, 1, 375, 4, 4, 2, 557, 5, 5, 3, 443, 4, 5, 4, 203, 3, 3, 5, 360, 4, 5, 6, 455, 4, 5, 7, 376, 4, 4, 8, 226, 3, 3, 9, 584, 5, 5, 10, 437, 4, 4, 11, 442, 4, 5, 12, 189, 3, 4, 13, 529, 5, 5, 14, 462, 4, 4, 15, 555, 5, 5, 16, 467, 4, 4, 17, 222, 3, 3, 18, 451, 4, 3, 
http://espn.go.com/golf/player/scorecards/_/id/337/year/2004/tournamentId/163/craig-parry, Chrysler Classic of Greensboro - (10/14-10/17), 2004, 1, 375, 4, 5, 2, 557, 5, 5, 3, 443, 4, 5, 4, 203, 3, 3, 5, 360, 4, 5, 6, 455, 4, 3, 7, 376, 4, 4, 8, 226, 3, 3, 9, 584, 5, 4, 10, 437, 4, 4, 11, 442, 4, 5, 12, 189, 3, 3, 13, 529, 5, 4, 14, 462, 4, 4, 15, 555, 5, 5, 16, 467, 4, 5, 17, 222, 3, 3, 18, 451, 4, 5, 
http://espn.go.com/golf/player/scorecards/_/id/337/year/2004/tournamentId/163/craig-parry, Chrysler Classic of Greensboro - (10/14-10/17), 2004, 1, 375, 4, 5, 2, 557, 5, 5, 3, 443, 4, 4, 4, 203, 3, 3, 5, 360, 4, 4, 6, 455, 4, 4, 7, 376, 4, 4, 8, 226, 3, 2, 9, 584, 5, 4, 10, 437, 4, 4, 11, 442, 4, 5, 12, 189, 3, 3, 13, 529, 5, 4, 14, 462, 4, 3, 15, 555, 5, 4, 16, 467, 4, 4, 17, 222, 3, 3, 18, 451, 4, 4, 
http://espn.go.com/golf/player/scorecards/_/id/337/year/2004/tournamentId/163/craig-parry, Chrysler Classic of Greensboro - (10/14-10/17), 2004, 1, 375, 4, 4, 2, 557, 5, 5, 3, 443, 4, 4, 4, 203, 3, 3, 5, 360, 4, 3, 6, 455, 4, 4, 7, 376, 4, 3, 8, 226, 3, 3, 9, 584, 5, 4, 10, 437, 4, 3, 11, 442, 4, 4, 12, 189, 3, 3, 13, 529, 5, 4, 14, 462, 4, 5, 15, 555, 5, 5, 16, 467, 4, 4, 17, 222, 3, 4, 18, 451, 4, 4, 
http://espn.go.com/golf/player/scorecards/_/id/337/year/2004/tournamentId/185/craig-parry, FUNAI Classic at the WALT DISNEY WORLD Resort - (10/21-10/24), 2004, 1, 428, 4, 5, 2, 417, 4, 4, 3, 170, 3, 3, 4, 542, 5, 5, 5, 492, 4, 4, 6, 231, 3, 3, 7, 422, 4, 4, 8, 614, 5, 5, 9, 500, 4, 5, 10, 526, 5, 4, 11, 399, 4, 4, 12, 169, 3, 3, 13, 384, 4, 4, 14, 592, 5, 5, 15, 203, 3, 3, 16, 450, 4, 5, 17, 485, 4, 3, 18, 492, 4, 4, 
http://espn.go.com/golf/player/scorecards/_/id/337/year/2004/tournamentId/185/craig-parry, FUNAI Classic at the WALT DISNEY WORLD Resort - (10/21-10/24), 2004, 1, 498, 5, 5, 2, 424, 4, 4, 3, 167, 3, 2, 4, 422, 4, 5, 5, 410, 4, 4, 6, 411, 4, 4, 7, 524, 5, 5, 8, 205, 3, 3, 9, 380, 4, 4, 10, 441, 4, 4, 11, 544, 5, 5, 12, 206, 3, 2, 13, 358, 4, 3, 14, 547, 5, 4, 15, 422, 4, 4, 16, 195, 3, 3, 17, 399, 4, 4, 18, 458, 4, 4, 
http://espn.go.com/golf/player/scorecards/_/id/337/year/2004/tournamentId/188/craig-parry, Chrysler Championship - (10/28-10/31), 2004, 1, 560, 5, 4, 2, 435, 4, 4, 3, 455, 4, 4, 4, 195, 3, 2, 5, 605, 5, 5, 6, 465, 4, 3, 7, 420, 4, 4, 8, 235, 3, 3, 9, 430, 4, 4, 10, 445, 4, 4, 11, 575, 5, 5, 12, 380, 4, 4, 13, 200, 3, 4, 14, 590, 5, 4, 15, 215, 3, 3, 16, 475, 4, 4, 17, 215, 3, 4, 18, 445, 4, 4, 
http://espn.go.com/golf/player/scorecards/_/id/337/year/2004/tournamentId/188/craig-parry, Chrysler Championship - (10/28-10/31), 2004, 1, 560, 5, 4, 2, 435, 4, 5, 3, 455, 4, 4, 4, 195, 3, 2, 5, 605, 5, 6, 6, 465, 4, 3, 7, 420, 4, 4, 8, 235, 3, 3, 9, 430, 4, 4, 10, 445, 4, 4, 11, 575, 5, 4, 12, 380, 4, 3, 13, 200, 3, 3, 14, 590, 5, 5, 15, 215, 3, 3, 16, 475, 4, 5, 17, 215, 3, 3, 18, 445, 4, 4, 
http://espn.go.com/golf/player/scorecards/_/id/337/year/2004/tournamentId/188/craig-parry, Chrysler Championship - (10/28-10/31), 2004, 1, 560, 5, 4, 2, 435, 4, 5, 3, 455, 4, 5, 4, 195, 3, 4, 5, 605, 5, 4, 6, 465, 4, 3, 7, 420, 4, 4, 8, 235, 3, 3, 9, 430, 4, 4, 10, 445, 4, 4, 11, 575, 5, 5, 12, 380, 4, 4, 13, 200, 3, 3, 14, 590, 5, 5, 15, 215, 3, 3, 16, 475, 4, 4, 17, 215, 3, 4, 18, 445, 4, 4, 
http://espn.go.com/golf/player/scorecards/_/id/337/year/2004/tournamentId/188/craig-parry, Chrysler Championship - (10/28-10/31), 2004, 1, 560, 5, 5, 2, 435, 4, 4, 3, 455, 4, 4, 4, 195, 3, 2, 5, 605, 5, 5, 6, 465, 4, 4, 7, 420, 4, 3, 8, 235, 3, 3, 9, 430, 4, 4, 10, 445, 4, 4, 11, 575, 5, 4, 12, 380, 4, 4, 13, 200, 3, 3, 14, 590, 5, 5, 15, 215, 3, 3, 16, 475, 4, 4, 17, 215, 3, 3, 18, 445, 4, 4, 
http://espn.go.com/golf/player/scorecards/_/id/337/year/2005/tournamentId/196/craig-parry, Mercedes Championships - (01/06-01/09), 2005, 1, 520, 4, 4, 2, 218, 3, 3, 3, 380, 4, 3, 4, 382, 4, 4, 5, 532, 5, 4, 6, 398, 4, 4, 7, 516, 4, 4, 8, 203, 3, 3, 9, 521, 5, 5, 10, 354, 4, 4, 11, 164, 3, 2, 12, 420, 4, 4, 13, 407, 4, 4, 14, 305, 4, 4, 15, 555, 5, 5, 16, 365, 4, 4, 17, 549, 4, 4, 18, 663, 5, 6, 
http://espn.go.com/golf/player/scorecards/_/id/337/year/2005/tournamentId/196/craig-parry, Mercedes Championships - (01/06-01/09), 2005, 1, 520, 4, 4, 2, 218, 3, 3, 3, 380, 4, 4, 4, 382, 4, 3, 5, 532, 5, 4, 6, 398, 4, 4, 7, 516, 4, 4, 8, 203, 3, 3, 9, 521, 5, 5, 10, 354, 4, 4, 11, 164, 3, 2, 12, 420, 4, 4, 13, 407, 4, 4, 14, 305, 4, 3, 15, 555, 5, 4, 16, 365, 4, 4, 17, 549, 4, 4, 18, 663, 5, 5, 
http://espn.go.com/golf/player/scorecards/_/id/337/year/2005/tournamentId/196/craig-parry, Mercedes Championships - (01/06-01/09), 2005, 1, 520, 4, 4, 2, 218, 3, 3, 3, 380, 4, 5, 4, 382, 4, 4, 5, 532, 5, 4, 6, 398, 4, 4, 7, 516, 4, 3, 8, 203, 3, 3, 9, 521, 5, 5, 10, 354, 4, 4, 11, 164, 3, 3, 12, 420, 4, 4, 13, 407, 4, 4, 14, 305, 4, 4, 15, 555, 5, 5, 16, 365, 4, 5, 17, 549, 4, 4, 18, 663, 5, 4, 
http://espn.go.com/golf/player/scorecards/_/id/337/year/2005/tournamentId/196/craig-parry, Mercedes Championships - (01/06-01/09), 2005, 1, 520, 4, 4, 2, 218, 3, 3, 3, 380, 4, 3, 4, 382, 4, 3, 5, 532, 5, 4, 6, 398, 4, 4, 7, 516, 4, 3, 8, 203, 3, 3, 9, 521, 5, 4, 10, 354, 4, 3, 11, 164, 3, 3, 12, 420, 4, 5, 13, 407, 4, 4, 14, 305, 4, 4, 15, 555, 5, 5, 16, 365, 4, 4, 17, 549, 4, 4, 18, 663, 5, 4, 
http://espn.go.com/golf/player/scorecards/_/id/337/year/2005/tournamentId/202/craig-parry, Sony Open in Hawaii - (01/13-01/16), 2005, 1, 480, 4, 4, 2, 423, 4, 4, 3, 422, 4, 3, 4, 204, 3, 3, 5, 467, 4, 4, 6, 460, 4, 4, 7, 176, 3, 3, 8, 454, 4, 4, 9, 506, 5, 4, 10, 351, 4, 3, 11, 194, 3, 4, 12, 440, 4, 3, 13, 477, 4, 6, 14, 430, 4, 5, 15, 398, 4, 3, 16, 417, 4, 4, 17, 194, 3, 3, 18, 551, 5, 5, 
http://espn.go.com/golf/player/scorecards/_/id/337/year/2005/tournamentId/202/craig-parry, Sony Open in Hawaii - (01/13-01/16), 2005, 1, 480, 4, 4, 2, 423, 4, 4, 3, 422, 4, 4, 4, 204, 3, 3, 5, 467, 4, 3, 6, 460, 4, 4, 7, 176, 3, 3, 8, 454, 4, 4, 9, 506, 5, 5, 10, 351, 4, 4, 11, 194, 3, 3, 12, 440, 4, 4, 13, 477, 4, 4, 14, 430, 4, 4, 15, 398, 4, 5, 16, 417, 4, 4, 17, 194, 3, 3, 18, 551, 5, 5, 
http://espn.go.com/golf/player/scorecards/_/id/337/year/2005/tournamentId/202/craig-parry, Sony Open in Hawaii - (01/13-01/16), 2005, 1, 480, 4, 5, 2, 423, 4, 4, 3, 422, 4, 4, 4, 204, 3, 3, 5, 467, 4, 4, 6, 460, 4, 4, 7, 176, 3, 2, 8, 454, 4, 4, 9, 506, 5, 4, 10, 351, 4, 3, 11, 194, 3, 3, 12, 440, 4, 4, 13, 477, 4, 5, 14, 430, 4, 4, 15, 398, 4, 4, 16, 417, 4, 5, 17, 194, 3, 3, 18, 551, 5, 5, 
http://espn.go.com/golf/player/scorecards/_/id/337/year/2005/tournamentId/202/craig-parry, Sony Open in Hawaii - (01/13-01/16), 2005, 1, 480, 4, 5, 2, 423, 4, 4, 3, 422, 4, 4, 4, 204, 3, 4, 5, 467, 4, 4, 6, 460, 4, 4, 7, 176, 3, 3, 8, 454, 4, 3, 9, 506, 5, 4, 10, 351, 4, 4, 11, 194, 3, 3, 12, 440, 4, 5, 13, 477, 4, 4, 14, 430, 4, 3, 15, 398, 4, 4, 16, 417, 4, 3, 17, 194, 3, 4, 18, 551, 5, 4, 
http://espn.go.com/golf/player/scorecards/_/id/337/year/2005/tournamentId/204/craig-parry, Ford Championship at Doral - (03/03-03/06), 2005, 1, 529, 5, 5, 2, 418, 4, 4, 3, 438, 4, 4, 4, 236, 3, 3, 5, 394, 4, 4, 6, 442, 4, 4, 7, 454, 4, 4, 8, 560, 5, 4, 9, 169, 3, 3, 10, 551, 5, 5, 11, 402, 4, 3, 12, 603, 5, 5, 13, 245, 3, 3, 14, 460, 4, 3, 15, 175, 3, 3, 16, 372, 4, 4, 17, 419, 4, 4, 18, 467, 4, 5, 
http://espn.go.com/golf/player/scorecards/_/id/337/year/2005/tournamentId/204/craig-parry, Ford Championship at Doral - (03/03-03/06), 2005, 1, 529, 5, 5, 2, 418, 4, 4, 3, 438, 4, 5, 4, 236, 3, 3, 5, 394, 4, 3, 6, 442, 4, 3, 7, 454, 4, 4, 8, 560, 5, 4, 9, 169, 3, 2, 10, 551, 5, 4, 11, 402, 4, 4, 12, 603, 5, 5, 13, 245, 3, 3, 14, 460, 4, 4, 15, 175, 3, 3, 16, 372, 4, 3, 17, 419, 4, 4, 18, 467, 4, 4, 
http://espn.go.com/golf/player/scorecards/_/id/337/year/2005/tournamentId/204/craig-parry, Ford Championship at Doral - (03/03-03/06), 2005, 1, 529, 5, 4, 2, 418, 4, 3, 3, 438, 4, 4, 4, 236, 3, 3, 5, 394, 4, 4, 6, 442, 4, 4, 7, 454, 4, 4, 8, 560, 5, 4, 9, 169, 3, 3, 10, 551, 5, 4, 11, 402, 4, 3, 12, 603, 5, 4, 13, 245, 3, 3, 14, 460, 4, 4, 15, 175, 3, 3, 16, 372, 4, 4, 17, 419, 4, 4, 18, 467, 4, 4, 
http://espn.go.com/golf/player/scorecards/_/id/337/year/2005/tournamentId/204/craig-parry, Ford Championship at Doral - (03/03-03/06), 2005, 1, 529, 5, 5, 2, 418, 4, 4, 3, 438, 4, 3, 4, 236, 3, 3, 5, 394, 4, 4, 6, 442, 4, 4, 7, 454, 4, 4, 8, 560, 5, 5, 9, 169, 3, 3, 10, 551, 5, 4, 11, 402, 4, 4, 12, 603, 5, 4, 13, 245, 3, 3, 14, 460, 4, 4, 15, 175, 3, 3, 16, 372, 4, 4, 17, 419, 4, 4, 18, 467, 4, 4, 
http://espn.go.com/golf/player/scorecards/_/id/337/year/2005/tournamentId/205/craig-parry, The Honda Classic - (03/10-03/13), 2005, 1, 383, 4, 4, 2, 435, 4, 3, 3, 246, 3, 3, 4, 424, 4, 3, 5, 562, 5, 5, 6, 564, 5, 5, 7, 389, 4, 4, 8, 196, 3, 3, 9, 445, 4, 4, 10, 369, 4, 4, 11, 221, 3, 3, 12, 588, 5, 5, 13, 473, 4, 5, 14, 470, 4, 4, 15, 185, 3, 4, 16, 486, 4, 4, 17, 556, 5, 5, 18, 424, 4, 4, 
http://espn.go.com/golf/player/scorecards/_/id/337/year/2005/tournamentId/205/craig-parry, The Honda Classic - (03/10-03/13), 2005, 1, 383, 4, 4, 2, 435, 4, 4, 3, 246, 3, 2, 4, 424, 4, 3, 5, 562, 5, 5, 6, 564, 5, 5, 7, 389, 4, 4, 8, 196, 3, 4, 9, 445, 4, 5, 10, 369, 4, 4, 11, 221, 3, 3, 12, 588, 5, 6, 13, 473, 4, 6, 14, 470, 4, 4, 15, 185, 3, 3, 16, 486, 4, 4, 17, 556, 5, 5, 18, 424, 4, 4, 
http://espn.go.com/golf/player/scorecards/_/id/337/year/2005/tournamentId/205/craig-parry, The Honda Classic - (03/10-03/13), 2005, 1, 383, 4, 4, 2, 435, 4, 4, 3, 246, 3, 3, 4, 424, 4, 4, 5, 562, 5, 5, 6, 564, 5, 5, 7, 389, 4, 5, 8, 196, 3, 3, 9, 445, 4, 3, 10, 369, 4, 4, 11, 221, 3, 3, 12, 588, 5, 5, 13, 473, 4, 5, 14, 470, 4, 3, 15, 185, 3, 3, 16, 486, 4, 4, 17, 556, 5, 4, 18, 424, 4, 5, 
http://espn.go.com/golf/player/scorecards/_/id/337/year/2005/tournamentId/205/craig-parry, The Honda Classic - (03/10-03/13), 2005, 1, 383, 4, 4, 2, 435, 4, 3, 3, 246, 3, 4, 4, 424, 4, 4, 5, 562, 5, 5, 6, 564, 5, 5, 7, 389, 4, 4, 8, 196, 3, 3, 9, 445, 4, 4, 10, 369, 4, 4, 11, 221, 3, 4, 12, 588, 5, 5, 13, 473, 4, 3, 14, 470, 4, 5, 15, 185, 3, 3, 16, 486, 4, 4, 17, 556, 5, 5, 18, 424, 4, 3, 
http://espn.go.com/golf/player/scorecards/_/id/337/year/2005/tournamentId/206/craig-parry, Bay Hill Invitational Presented by MasterCard - (03/17-03/20), 2005, 1, 461, 4, 4, 2, 231, 3, 4, 3, 434, 4, 4, 4, 561, 5, 6, 5, 390, 4, 4, 6, 555, 5, 4, 7, 199, 3, 3, 8, 460, 4, 4, 9, 474, 4, 3, 10, 400, 4, 4, 11, 438, 4, 4, 12, 574, 5, 5, 13, 370, 4, 4, 14, 215, 3, 3, 15, 467, 4, 4, 16, 511, 5, 5, 17, 221, 3, 5, 18, 458, 4, 4, 
http://espn.go.com/golf/player/scorecards/_/id/337/year/2005/tournamentId/206/craig-parry, Bay Hill Invitational Presented by MasterCard - (03/17-03/20), 2005, 1, 461, 4, 3, 2, 231, 3, 3, 3, 434, 4, 4, 4, 561, 5, 5, 5, 390, 4, 4, 6, 555, 5, 5, 7, 199, 3, 3, 8, 460, 4, 4, 9, 474, 4, 4, 10, 400, 4, 4, 11, 438, 4, 4, 12, 574, 5, 5, 13, 370, 4, 4, 14, 215, 3, 3, 15, 467, 4, 4, 16, 511, 5, 4, 17, 221, 3, 3, 18, 458, 4, 5, 
http://espn.go.com/golf/player/scorecards/_/id/337/year/2005/tournamentId/206/craig-parry, Bay Hill Invitational Presented by MasterCard - (03/17-03/20), 2005, 1, 461, 4, 4, 2, 231, 3, 3, 3, 434, 4, 4, 4, 561, 5, 5, 5, 390, 4, 4, 6, 555, 5, 6, 7, 199, 3, 4, 8, 460, 4, 4, 9, 474, 4, 4, 10, 400, 4, 3, 11, 438, 4, 3, 12, 574, 5, 5, 13, 370, 4, 4, 14, 215, 3, 3, 15, 467, 4, 4, 16, 511, 5, 5, 17, 221, 3, 3, 18, 458, 4, 4, 
http://espn.go.com/golf/player/scorecards/_/id/337/year/2005/tournamentId/206/craig-parry, Bay Hill Invitational Presented by MasterCard - (03/17-03/20), 2005, 1, 461, 4, 4, 2, 231, 3, 3, 3, 434, 4, 4, 4, 561, 5, 4, 5, 390, 4, 4, 6, 555, 5, 5, 7, 199, 3, 4, 8, 460, 4, 4, 9, 474, 4, 4, 10, 400, 4, 4, 11, 438, 4, 4, 12, 574, 5, 5, 13, 370, 4, 4, 14, 215, 3, 4, 15, 467, 4, 3, 16, 511, 5, 5, 17, 221, 3, 5, 18, 458, 4, 4, 
http://espn.go.com/golf/player/scorecards/_/id/337/year/2005/tournamentId/208/craig-parry, THE PLAYERS Championship - (03/24-03/27), 2005, 1, 423, 4, 5, 2, 532, 5, 6, 3, 177, 3, 4, 4, 384, 4, 5, 5, 471, 4, 4, 6, 393, 4, 3, 7, 442, 4, 5, 8, 237, 3, 3, 9, 583, 5, 5, 10, 424, 4, 3, 11, 558, 5, 4, 12, 358, 4, 4, 13, 181, 3, 6, 14, 481, 4, 5, 15, 449, 4, 4, 16, 523, 5, 5, 17, 137, 3, 4, 18, 462, 4, 6, 
http://espn.go.com/golf/player/scorecards/_/id/337/year/2005/tournamentId/208/craig-parry, THE PLAYERS Championship - (03/24-03/27), 2005, 1, 423, 4, 3, 2, 532, 5, 4, 3, 177, 3, 3, 4, 384, 4, 5, 5, 471, 4, 4, 6, 393, 4, 4, 7, 442, 4, 3, 8, 237, 3, 3, 9, 583, 5, 6, 10, 424, 4, 4, 11, 558, 5, 5, 12, 358, 4, 4, 13, 181, 3, 3, 14, 481, 4, 5, 15, 449, 4, 4, 16, 523, 5, 4, 17, 137, 3, 3, 18, 462, 4, 4, 
http://espn.go.com/golf/player/scorecards/_/id/337/year/2005/tournamentId/208/craig-parry, THE PLAYERS Championship - (03/24-03/27), 2005, 1, 423, 4, 5, 2, 532, 5, 5, 3, 177, 3, 3, 4, 384, 4, 3, 5, 471, 4, 3, 6, 393, 4, 4, 7, 442, 4, 4, 8, 237, 3, 3, 9, 583, 5, 5, 10, 424, 4, 4, 11, 558, 5, 4, 12, 358, 4, 4, 13, 181, 3, 3, 14, 481, 4, 5, 15, 449, 4, 5, 16, 523, 5, 4, 17, 137, 3, 3, 18, 462, 4, 3, 
http://espn.go.com/golf/player/scorecards/_/id/337/year/2005/tournamentId/208/craig-parry, THE PLAYERS Championship - (03/24-03/27), 2005, 1, 423, 4, 3, 2, 532, 5, 4, 3, 177, 3, 4, 4, 384, 4, 4, 5, 471, 4, 4, 6, 393, 4, 3, 7, 442, 4, 4, 8, 237, 3, 3, 9, 583, 5, 5, 10, 424, 4, 4, 11, 558, 5, 3, 12, 358, 4, 4, 13, 181, 3, 3, 14, 481, 4, 4, 15, 449, 4, 5, 16, 523, 5, 5, 17, 137, 3, 3, 18, 462, 4, 3, 
http://espn.go.com/golf/player/scorecards/_/id/337/year/2005/tournamentId/210/craig-parry, Masters Tournament - (04/07-04/10), 2005, 1, 445, 4, 5, 2, 575, 5, 5, 3, 350, 4, 5, 4, 240, 3, 3, 5, 455, 4, 5, 6, 180, 3, 3, 7, 450, 4, 4, 8, 570, 5, 4, 9, 460, 4, 4, 10, 495, 4, 4, 11, 505, 4, 5, 12, 155, 3, 3, 13, 510, 5, 7, 14, 440, 4, 4, 15, 530, 5, 4, 16, 170, 3, 2, 17, 440, 4, 3, 18, 465, 4, 4, 
http://espn.go.com/golf/player/scorecards/_/id/337/year/2005/tournamentId/210/craig-parry, Masters Tournament - (04/07-04/10), 2005, 1, 445, 4, 4, 2, 575, 5, 4, 3, 350, 4, 3, 4, 240, 3, 3, 5, 455, 4, 5, 6, 180, 3, 4, 7, 450, 4, 4, 8, 570, 5, 5, 9, 460, 4, 4, 10, 495, 4, 4, 11, 505, 4, 3, 12, 155, 3, 3, 13, 510, 5, 4, 14, 440, 4, 4, 15, 530, 5, 4, 16, 170, 3, 3, 17, 440, 4, 4, 18, 465, 4, 4, 
http://espn.go.com/golf/player/scorecards/_/id/337/year/2005/tournamentId/210/craig-parry, Masters Tournament - (04/07-04/10), 2005, 1, 445, 4, 4, 2, 575, 5, 4, 3, 350, 4, 5, 4, 240, 3, 3, 5, 455, 4, 4, 6, 180, 3, 3, 7, 450, 4, 5, 8, 570, 5, 5, 9, 460, 4, 5, 10, 495, 4, 4, 11, 505, 4, 4, 12, 155, 3, 4, 13, 510, 5, 5, 14, 440, 4, 3, 15, 530, 5, 5, 16, 170, 3, 4, 17, 440, 4, 4, 18, 465, 4, 4, 
http://espn.go.com/golf/player/scorecards/_/id/337/year/2005/tournamentId/210/craig-parry, Masters Tournament - (04/07-04/10), 2005, 1, 445, 4, 4, 2, 575, 5, 5, 3, 350, 4, 4, 4, 240, 3, 3, 5, 455, 4, 3, 6, 180, 3, 3, 7, 450, 4, 4, 8, 570, 5, 5, 9, 460, 4, 4, 10, 495, 4, 4, 11, 505, 4, 5, 12, 155, 3, 3, 13, 510, 5, 4, 14, 440, 4, 4, 15, 530, 5, 5, 16, 170, 3, 3, 17, 440, 4, 5, 18, 465, 4, 4, 
http://espn.go.com/golf/player/scorecards/_/id/337/year/2005/tournamentId/217/craig-parry, the Memorial Tournament - (06/02-06/05), 2005, 1, 470, 4, 4, 2, 455, 4, 3, 3, 401, 4, 4, 4, 200, 3, 4, 5, 527, 5, 5, 6, 447, 4, 4, 7, 563, 5, 5, 8, 185, 3, 3, 9, 412, 4, 3, 10, 471, 4, 3, 11, 567, 5, 4, 12, 184, 3, 3, 13, 455, 4, 4, 14, 363, 4, 3, 15, 529, 5, 4, 16, 201, 3, 3, 17, 478, 4, 5, 18, 444, 4, 3, 
http://espn.go.com/golf/player/scorecards/_/id/337/year/2005/tournamentId/217/craig-parry, the Memorial Tournament - (06/02-06/05), 2005, 1, 470, 4, 4, 2, 455, 4, 5, 3, 401, 4, 4, 4, 200, 3, 2, 5, 527, 5, 5, 6, 447, 4, 5, 7, 563, 5, 5, 8, 185, 3, 3, 9, 412, 4, 4, 10, 471, 4, 5, 11, 567, 5, 6, 12, 184, 3, 2, 13, 455, 4, 5, 14, 363, 4, 4, 15, 529, 5, 5, 16, 201, 3, 3, 17, 478, 4, 5, 18, 444, 4, 5, 
http://espn.go.com/golf/player/scorecards/_/id/337/year/2005/tournamentId/217/craig-parry, the Memorial Tournament - (06/02-06/05), 2005, 1, 470, 4, 5, 2, 455, 4, 4, 3, 401, 4, 4, 4, 200, 3, 3, 5, 527, 5, 5, 6, 447, 4, 4, 7, 563, 5, 5, 8, 185, 3, 4, 9, 412, 4, 3, 10, 471, 4, 4, 11, 567, 5, 4, 12, 184, 3, 3, 13, 455, 4, 5, 14, 363, 4, 4, 15, 529, 5, 6, 16, 201, 3, 3, 17, 478, 4, 4, 18, 444, 4, 4, 
http://espn.go.com/golf/player/scorecards/_/id/337/year/2005/tournamentId/217/craig-parry, the Memorial Tournament - (06/02-06/05), 2005, 1, 470, 4, 4, 2, 455, 4, 4, 3, 401, 4, 4, 4, 200, 3, 3, 5, 527, 5, 4, 6, 447, 4, 4, 7, 563, 5, 5, 8, 185, 3, 3, 9, 412, 4, 4, 10, 471, 4, 4, 11, 567, 5, 4, 12, 184, 3, 2, 13, 455, 4, 5, 14, 363, 4, 4, 15, 529, 5, 4, 16, 201, 3, 3, 17, 478, 4, 4, 18, 444, 4, 4, 
http://espn.go.com/golf/player/scorecards/_/id/337/year/2005/tournamentId/219/craig-parry, U.S. Open Championship - (06/16-06/19), 2005, 1, 401, 4, 4, 2, 469, 4, 4, 3, 336, 4, 4, 4, 565, 5, 6, 5, 472, 4, 4, 6, 220, 3, 3, 7, 404, 4, 5, 8, 467, 4, 4, 9, 175, 3, 2, 10, 607, 5, 6, 11, 476, 4, 4, 12, 449, 4, 4, 13, 378, 4, 6, 14, 468, 4, 4, 15, 203, 3, 3, 16, 492, 4, 5, 17, 190, 3, 3, 18, 442, 4, 4, 
http://espn.go.com/golf/player/scorecards/_/id/337/year/2005/tournamentId/219/craig-parry, U.S. Open Championship - (06/16-06/19), 2005, 1, 401, 4, 4, 2, 469, 4, 6, 3, 336, 4, 4, 4, 565, 5, 4, 5, 472, 4, 6, 6, 220, 3, 3, 7, 404, 4, 4, 8, 467, 4, 5, 9, 175, 3, 3, 10, 607, 5, 5, 11, 476, 4, 4, 12, 449, 4, 3, 13, 378, 4, 5, 14, 468, 4, 4, 15, 203, 3, 4, 16, 492, 4, 4, 17, 190, 3, 4, 18, 442, 4, 5, 
http://espn.go.com/golf/player/scorecards/_/id/337/year/2005/tournamentId/218/craig-parry, Barclays Classic - (06/23-06/26), 2005, 1, 190, 3, 3, 2, 384, 4, 4, 3, 408, 4, 5, 4, 419, 4, 5, 5, 575, 5, 4, 6, 151, 3, 3, 7, 350, 4, 5, 8, 471, 4, 6, 9, 505, 5, 5, 10, 314, 4, 4, 11, 447, 4, 4, 12, 485, 4, 5, 13, 410, 4, 4, 14, 154, 3, 2, 15, 462, 4, 5, 16, 214, 3, 3, 17, 374, 4, 4, 18, 526, 5, 5, 
http://espn.go.com/golf/player/scorecards/_/id/337/year/2005/tournamentId/218/craig-parry, Barclays Classic - (06/23-06/26), 2005, 1, 190, 3, 3, 2, 384, 4, 4, 3, 408, 4, 4, 4, 419, 4, 4, 5, 575, 5, 4, 6, 151, 3, 3, 7, 350, 4, 5, 8, 471, 4, 4, 9, 505, 5, 5, 10, 314, 4, 4, 11, 447, 4, 5, 12, 485, 4, 5, 13, 410, 4, 5, 14, 154, 3, 4, 15, 462, 4, 4, 16, 214, 3, 3, 17, 374, 4, 4, 18, 526, 5, 5, 
http://espn.go.com/golf/player/scorecards/_/id/337/year/2005/tournamentId/222/craig-parry, Cialis Western Open - (06/30-07/03), 2005, 1, 462, 4, 5, 2, 228, 3, 4, 3, 446, 4, 4, 4, 465, 4, 4, 5, 509, 4, 4, 6, 244, 3, 3, 7, 434, 4, 4, 8, 383, 4, 4, 9, 615, 5, 6, 10, 386, 4, 4, 11, 610, 5, 5, 12, 221, 3, 3, 13, 486, 4, 5, 14, 218, 3, 3, 15, 526, 5, 4, 16, 459, 4, 6, 17, 427, 4, 3, 18, 497, 4, 4, 
http://espn.go.com/golf/player/scorecards/_/id/337/year/2005/tournamentId/222/craig-parry, Cialis Western Open - (06/30-07/03), 2005, 1, 462, 4, 5, 2, 228, 3, 3, 3, 446, 4, 4, 4, 465, 4, 4, 5, 509, 4, 5, 6, 244, 3, 3, 7, 434, 4, 4, 8, 383, 4, 4, 9, 615, 5, 5, 10, 386, 4, 4, 11, 610, 5, 5, 12, 221, 3, 3, 13, 486, 4, 4, 14, 218, 3, 3, 15, 526, 5, 4, 16, 459, 4, 4, 17, 427, 4, 4, 18, 497, 4, 4, 
http://espn.go.com/golf/player/scorecards/_/id/337/year/2005/tournamentId/223/craig-parry, British Open Championship - (07/14-07/17), 2005, 1, 376, 4, 4, 2, 453, 4, 5, 3, 397, 4, 4, 4, 480, 4, 5, 5, 568, 5, 4, 6, 412, 4, 5, 7, 371, 4, 4, 8, 175, 3, 3, 9, 352, 4, 3, 10, 386, 4, 4, 11, 174, 3, 3, 12, 348, 4, 3, 13, 465, 4, 5, 14, 618, 5, 5, 15, 455, 4, 4, 16, 423, 4, 4, 17, 495, 4, 5, 18, 357, 4, 4, 
http://espn.go.com/golf/player/scorecards/_/id/337/year/2005/tournamentId/223/craig-parry, British Open Championship - (07/14-07/17), 2005, 1, 376, 4, 4, 2, 453, 4, 5, 3, 397, 4, 4, 4, 480, 4, 5, 5, 568, 5, 6, 6, 412, 4, 4, 7, 371, 4, 4, 8, 175, 3, 3, 9, 352, 4, 4, 10, 386, 4, 4, 11, 174, 3, 3, 12, 348, 4, 5, 13, 465, 4, 4, 14, 618, 5, 6, 15, 455, 4, 4, 16, 423, 4, 4, 17, 495, 4, 4, 18, 357, 4, 5, 
http://espn.go.com/golf/player/scorecards/_/id/337/year/2005/tournamentId/226/craig-parry, PGA Championship - (08/11-08/14), 2005, 1, 478, 4, 3, 2, 379, 4, 4, 3, 503, 4, 6, 4, 194, 3, 3, 5, 423, 4, 4, 6, 482, 4, 4, 7, 505, 4, 4, 8, 380, 4, 4, 9, 212, 3, 5, 10, 460, 4, 4, 11, 440, 4, 4, 12, 218, 3, 3, 13, 424, 4, 5, 14, 430, 4, 4, 15, 430, 4, 4, 16, 230, 3, 4, 17, 650, 5, 5, 18, 554, 5, 4, 
http://espn.go.com/golf/player/scorecards/_/id/337/year/2005/tournamentId/226/craig-parry, PGA Championship - (08/11-08/14), 2005, 1, 478, 4, 3, 2, 379, 4, 4, 3, 503, 4, 5, 4, 194, 3, 4, 5, 423, 4, 4, 6, 482, 4, 5, 7, 505, 4, 5, 8, 380, 4, 5, 9, 212, 3, 3, 10, 460, 4, 4, 11, 440, 4, 5, 12, 218, 3, 3, 13, 424, 4, 4, 14, 430, 4, 5, 15, 430, 4, 4, 16, 230, 3, 3, 17, 650, 5, 5, 18, 554, 5, 5, 
http://espn.go.com/golf/player/scorecards/_/id/337/year/2005/tournamentId/228/craig-parry, WGC-NEC Invitational - (08/18-08/21), 2005, 1, 399, 4, 4, 2, 526, 5, 5, 3, 442, 4, 3, 4, 471, 4, 4, 5, 200, 3, 2, 6, 469, 4, 3, 7, 219, 3, 4, 8, 482, 4, 4, 9, 494, 4, 5, 10, 410, 4, 5, 11, 418, 4, 4, 12, 180, 3, 2, 13, 471, 4, 4, 14, 467, 4, 4, 15, 221, 3, 3, 16, 667, 5, 5, 17, 400, 4, 4, 18, 464, 4, 5, 
http://espn.go.com/golf/player/scorecards/_/id/337/year/2005/tournamentId/228/craig-parry, WGC-NEC Invitational - (08/18-08/21), 2005, 1, 399, 4, 4, 2, 526, 5, 4, 3, 442, 4, 4, 4, 471, 4, 5, 5, 200, 3, 3, 6, 469, 4, 4, 7, 219, 3, 3, 8, 482, 4, 4, 9, 494, 4, 5, 10, 410, 4, 5, 11, 418, 4, 3, 12, 180, 3, 3, 13, 471, 4, 4, 14, 467, 4, 5, 15, 221, 3, 4, 16, 667, 5, 5, 17, 400, 4, 4, 18, 464, 4, 4, 
http://espn.go.com/golf/player/scorecards/_/id/337/year/2005/tournamentId/228/craig-parry, WGC-NEC Invitational - (08/18-08/21), 2005, 1, 399, 4, 4, 2, 526, 5, 4, 3, 442, 4, 3, 4, 471, 4, 3, 5, 200, 3, 3, 6, 469, 4, 5, 7, 219, 3, 3, 8, 482, 4, 4, 9, 494, 4, 5, 10, 410, 4, 5, 11, 418, 4, 4, 12, 180, 3, 3, 13, 471, 4, 4, 14, 467, 4, 5, 15, 221, 3, 3, 16, 667, 5, 5, 17, 400, 4, 4, 18, 464, 4, 4, 
http://espn.go.com/golf/player/scorecards/_/id/337/year/2005/tournamentId/228/craig-parry, WGC-NEC Invitational - (08/18-08/21), 2005, 1, 399, 4, 4, 2, 526, 5, 6, 3, 442, 4, 6, 4, 471, 4, 5, 5, 200, 3, 3, 6, 469, 4, 5, 7, 219, 3, 4, 8, 482, 4, 5, 9, 494, 4, 5, 10, 410, 4, 4, 11, 418, 4, 4, 12, 180, 3, 3, 13, 471, 4, 4, 14, 467, 4, 5, 15, 221, 3, 4, 16, 667, 5, 4, 17, 400, 4, 4, 18, 464, 4, 4, 
http://espn.go.com/golf/player/scorecards/_/id/337/year/2006/tournamentId/256/craig-parry, Ford Championship at Doral - (03/02-03/05), 2006, 1, 529, 5, 5, 2, 418, 4, 4, 3, 438, 4, 4, 4, 236, 3, 4, 5, 394, 4, 4, 6, 442, 4, 5, 7, 454, 4, 4, 8, 560, 5, 5, 9, 169, 3, 3, 10, 551, 5, 5, 11, 402, 4, 4, 12, 603, 5, 5, 13, 245, 3, 3, 14, 460, 4, 4, 15, 175, 3, 3, 16, 372, 4, 4, 17, 419, 4, 4, 18, 467, 4, 5, 
http://espn.go.com/golf/player/scorecards/_/id/337/year/2006/tournamentId/256/craig-parry, Ford Championship at Doral - (03/02-03/05), 2006, 1, 529, 5, 5, 2, 418, 4, 4, 3, 438, 4, 4, 4, 236, 3, 3, 5, 394, 4, 4, 6, 442, 4, 6, 7, 454, 4, 4, 8, 560, 5, 5, 9, 169, 3, 3, 10, 551, 5, 5, 11, 402, 4, 3, 12, 603, 5, 5, 13, 245, 3, 3, 14, 460, 4, 4, 15, 175, 3, 4, 16, 372, 4, 3, 17, 419, 4, 4, 18, 467, 4, 3, 
http://espn.go.com/golf/player/scorecards/_/id/337/year/2006/tournamentId/257/craig-parry, The Honda Classic - (03/09-03/12), 2006, 1, 383, 4, 4, 2, 435, 4, 4, 3, 246, 3, 3, 4, 424, 4, 4, 5, 562, 5, 5, 6, 564, 5, 4, 7, 389, 4, 4, 8, 196, 3, 3, 9, 445, 4, 4, 10, 369, 4, 4, 11, 221, 3, 2, 12, 588, 5, 4, 13, 473, 4, 4, 14, 470, 4, 5, 15, 185, 3, 5, 16, 486, 4, 5, 17, 556, 5, 5, 18, 424, 4, 6, 
http://espn.go.com/golf/player/scorecards/_/id/337/year/2006/tournamentId/257/craig-parry, The Honda Classic - (03/09-03/12), 2006, 1, 383, 4, 5, 2, 435, 4, 4, 3, 246, 3, 3, 4, 424, 4, 4, 5, 562, 5, 5, 6, 564, 5, 5, 7, 389, 4, 5, 8, 196, 3, 3, 9, 445, 4, 4, 10, 369, 4, 4, 11, 221, 3, 4, 12, 588, 5, 5, 13, 473, 4, 4, 14, 470, 4, 5, 15, 185, 3, 3, 16, 486, 4, 4, 17, 556, 5, 5, 18, 424, 4, 5, 
http://espn.go.com/golf/player/scorecards/_/id/337/year/2006/tournamentId/259/craig-parry, THE PLAYERS Championship - (03/23-03/26), 2006, 1, 423, 4, 4, 2, 532, 5, 4, 3, 177, 3, 4, 4, 384, 4, 4, 5, 471, 4, 5, 6, 393, 4, 4, 7, 442, 4, 6, 8, 237, 3, 4, 9, 583, 5, 5, 10, 424, 4, 5, 11, 558, 5, 4, 12, 358, 4, 3, 13, 181, 3, 4, 14, 481, 4, 4, 15, 449, 4, 4, 16, 523, 5, 5, 17, 137, 3, 3, 18, 462, 4, 4, 
http://espn.go.com/golf/player/scorecards/_/id/337/year/2006/tournamentId/259/craig-parry, THE PLAYERS Championship - (03/23-03/26), 2006, 1, 423, 4, 4, 2, 532, 5, 4, 3, 177, 3, 3, 4, 384, 4, 4, 5, 471, 4, 5, 6, 393, 4, 3, 7, 442, 4, 4, 8, 237, 3, 4, 9, 583, 5, 5, 10, 424, 4, 4, 11, 558, 5, 4, 12, 358, 4, 3, 13, 181, 3, 3, 14, 481, 4, 5, 15, 449, 4, 3, 16, 523, 5, 4, 17, 137, 3, 3, 18, 462, 4, 5, 
http://espn.go.com/golf/player/scorecards/_/id/337/year/2006/tournamentId/259/craig-parry, THE PLAYERS Championship - (03/23-03/26), 2006, 1, 423, 4, 4, 2, 532, 5, 3, 3, 177, 3, 4, 4, 384, 4, 5, 5, 471, 4, 5, 6, 393, 4, 6, 7, 442, 4, 3, 8, 237, 3, 3, 9, 583, 5, 5, 10, 424, 4, 4, 11, 558, 5, 5, 12, 358, 4, 3, 13, 181, 3, 3, 14, 481, 4, 4, 15, 449, 4, 5, 16, 523, 5, 3, 17, 137, 3, 3, 18, 462, 4, 5, 
http://espn.go.com/golf/player/scorecards/_/id/337/year/2006/tournamentId/259/craig-parry, THE PLAYERS Championship - (03/23-03/26), 2006, 1, 423, 4, 4, 2, 532, 5, 4, 3, 177, 3, 4, 4, 384, 4, 4, 5, 471, 4, 5, 6, 393, 4, 4, 7, 442, 4, 3, 8, 237, 3, 4, 9, 583, 5, 4, 10, 424, 4, 4, 11, 558, 5, 5, 12, 358, 4, 4, 13, 181, 3, 3, 14, 481, 4, 3, 15, 449, 4, 4, 16, 523, 5, 5, 17, 137, 3, 3, 18, 462, 4, 3, 
http://espn.go.com/golf/player/scorecards/_/id/337/year/2006/tournamentId/260/craig-parry, BellSouth Classic - (03/30-04/02), 2006, 1, 434, 4, 4, 2, 144, 3, 3, 3, 389, 4, 6, 4, 558, 5, 5, 5, 441, 4, 4, 6, 569, 5, 5, 7, 458, 4, 4, 8, 248, 3, 5, 9, 472, 4, 5, 10, 628, 5, 5, 11, 189, 3, 3, 12, 434, 4, 4, 13, 310, 4, 3, 14, 453, 4, 4, 15, 406, 4, 5, 16, 179, 3, 2, 17, 455, 4, 4, 18, 544, 5, 4, 
http://espn.go.com/golf/player/scorecards/_/id/337/year/2006/tournamentId/260/craig-parry, BellSouth Classic - (03/30-04/02), 2006, 1, 434, 4, 3, 2, 144, 3, 3, 3, 389, 4, 3, 4, 558, 5, 6, 5, 441, 4, 4, 6, 569, 5, 5, 7, 458, 4, 4, 8, 248, 3, 4, 9, 472, 4, 4, 10, 628, 5, 4, 11, 189, 3, 3, 12, 434, 4, 6, 13, 310, 4, 3, 14, 453, 4, 4, 15, 406, 4, 4, 16, 179, 3, 3, 17, 455, 4, 5, 18, 544, 5, 5, 
http://espn.go.com/golf/player/scorecards/_/id/337/year/2006/tournamentId/270/craig-parry, FedEx St. Jude Classic - (05/25-05/28), 2006, 1, 434, 4, 4, 2, 401, 4, 4, 3, 554, 5, 5, 4, 196, 3, 4, 5, 485, 4, 5, 6, 445, 4, 4, 7, 482, 4, 4, 8, 178, 3, 4, 9, 457, 4, 4, 10, 465, 4, 4, 11, 157, 3, 4, 12, 406, 4, 6, 13, 472, 4, 5, 14, 239, 3, 3, 15, 395, 4, 3, 16, 530, 5, 4, 17, 490, 4, 7, 18, 453, 4, 3, 
http://espn.go.com/golf/player/scorecards/_/id/337/year/2006/tournamentId/270/craig-parry, FedEx St. Jude Classic - (05/25-05/28), 2006, 1, 434, 4, 4, 2, 401, 4, 4, 3, 554, 5, 5, 4, 196, 3, 3, 5, 485, 4, 5, 6, 445, 4, 3, 7, 482, 4, 4, 8, 178, 3, 3, 9, 457, 4, 3, 10, 465, 4, 4, 11, 157, 3, 3, 12, 406, 4, 4, 13, 472, 4, 3, 14, 239, 3, 4, 15, 395, 4, 4, 16, 530, 5, 7, 17, 490, 4, 4, 18, 453, 4, 5, 
http://espn.go.com/golf/player/scorecards/_/id/337/year/2006/tournamentId/267/craig-parry, the Memorial Tournament - (06/01-06/04), 2006, 1, 470, 4, 4, 2, 455, 4, 3, 3, 401, 4, 5, 4, 200, 3, 2, 5, 527, 5, 5, 6, 447, 4, 3, 7, 563, 5, 5, 8, 185, 3, 2, 9, 412, 4, 5, 10, 471, 4, 4, 11, 567, 5, 4, 12, 184, 3, 3, 13, 455, 4, 5, 14, 363, 4, 4, 15, 529, 5, 4, 16, 201, 3, 3, 17, 478, 4, 4, 18, 444, 4, 5, 
http://espn.go.com/golf/player/scorecards/_/id/337/year/2006/tournamentId/267/craig-parry, the Memorial Tournament - (06/01-06/04), 2006, 1, 470, 4, 4, 2, 455, 4, 4, 3, 401, 4, 4, 4, 200, 3, 3, 5, 527, 5, 4, 6, 447, 4, 4, 7, 563, 5, 6, 8, 185, 3, 3, 9, 412, 4, 5, 10, 471, 4, 4, 11, 567, 5, 5, 12, 184, 3, 2, 13, 455, 4, 4, 14, 363, 4, 4, 15, 529, 5, 5, 16, 201, 3, 4, 17, 478, 4, 4, 18, 444, 4, 4, 
http://espn.go.com/golf/player/scorecards/_/id/337/year/2006/tournamentId/267/craig-parry, the Memorial Tournament - (06/01-06/04), 2006, 1, 470, 4, 4, 2, 455, 4, 4, 3, 401, 4, 4, 4, 200, 3, 3, 5, 527, 5, 5, 6, 447, 4, 4, 7, 563, 5, 5, 8, 185, 3, 3, 9, 412, 4, 4, 10, 471, 4, 4, 11, 567, 5, 5, 12, 184, 3, 3, 13, 455, 4, 4, 14, 363, 4, 4, 15, 529, 5, 5, 16, 201, 3, 3, 17, 478, 4, 4, 18, 444, 4, 4, 
http://espn.go.com/golf/player/scorecards/_/id/337/year/2006/tournamentId/267/craig-parry, the Memorial Tournament - (06/01-06/04), 2006, 1, 470, 4, 5, 2, 455, 4, 4, 3, 401, 4, 3, 4, 200, 3, 3, 5, 527, 5, 5, 6, 447, 4, 3, 7, 563, 5, 6, 8, 185, 3, 2, 9, 412, 4, 4, 10, 471, 4, 4, 11, 567, 5, 5, 12, 184, 3, 3, 13, 455, 4, 3, 14, 363, 4, 5, 15, 529, 5, 4, 16, 201, 3, 2, 17, 478, 4, 3, 18, 444, 4, 5, 
http://espn.go.com/golf/player/scorecards/_/id/337/year/2006/tournamentId/268/craig-parry, Barclays Classic - (06/08-06/11), 2006, 1, 190, 3, 2, 2, 384, 4, 4, 3, 408, 4, 4, 4, 419, 4, 4, 5, 575, 5, 4, 6, 151, 3, 3, 7, 350, 4, 4, 8, 471, 4, 4, 9, 505, 5, 6, 10, 314, 4, 4, 11, 447, 4, 5, 12, 485, 4, 5, 13, 410, 4, 4, 14, 154, 3, 4, 15, 462, 4, 5, 16, 214, 3, 3, 17, 374, 4, 3, 18, 526, 5, 4, 
http://espn.go.com/golf/player/scorecards/_/id/337/year/2006/tournamentId/268/craig-parry, Barclays Classic - (06/08-06/11), 2006, 1, 190, 3, 3, 2, 384, 4, 3, 3, 408, 4, 4, 4, 419, 4, 5, 5, 575, 5, 5, 6, 151, 3, 3, 7, 350, 4, 3, 8, 471, 4, 4, 9, 505, 5, 5, 10, 314, 4, 4, 11, 447, 4, 5, 12, 485, 4, 5, 13, 410, 4, 5, 14, 154, 3, 4, 15, 462, 4, 4, 16, 214, 3, 3, 17, 374, 4, 4, 18, 526, 5, 6, 
http://espn.go.com/golf/player/scorecards/_/id/337/year/2006/tournamentId/266/craig-parry, Booz Allen Classic - (06/22-06/25), 2006, 1, 393, 4, 4, 2, 622, 5, 4, 3, 239, 3, 3, 4, 435, 4, 3, 5, 359, 4, 3, 6, 520, 5, 5, 7, 461, 4, 4, 8, 453, 4, 4, 9, 166, 3, 2, 10, 374, 4, 5, 11, 147, 3, 3, 12, 472, 4, 3, 13, 524, 5, 5, 14, 301, 4, 4, 15, 467, 4, 4, 16, 415, 4, 4, 17, 195, 3, 2, 18, 444, 4, 3, 
http://espn.go.com/golf/player/scorecards/_/id/337/year/2006/tournamentId/266/craig-parry, Booz Allen Classic - (06/22-06/25), 2006, 1, 393, 4, 4, 2, 622, 5, 5, 3, 239, 3, 3, 4, 435, 4, 4, 5, 359, 4, 3, 6, 520, 5, 5, 7, 461, 4, 4, 8, 453, 4, 4, 9, 166, 3, 4, 10, 374, 4, 4, 11, 147, 3, 4, 12, 472, 4, 5, 13, 524, 5, 5, 14, 301, 4, 4, 15, 467, 4, 4, 16, 415, 4, 4, 17, 195, 3, 4, 18, 444, 4, 3, 
http://espn.go.com/golf/player/scorecards/_/id/337/year/2006/tournamentId/266/craig-parry, Booz Allen Classic - (06/22-06/25), 2006, 1, 393, 4, 5, 2, 622, 5, 4, 3, 239, 3, 4, 4, 435, 4, 4, 5, 359, 4, 3, 6, 520, 5, 5, 7, 461, 4, 4, 8, 453, 4, 3, 9, 166, 3, 3, 10, 374, 4, 4, 11, 147, 3, 3, 12, 472, 4, 7, 13, 524, 5, 4, 14, 301, 4, 4, 15, 467, 4, 4, 16, 415, 4, 4, 17, 195, 3, 3, 18, 444, 4, 3, 
http://espn.go.com/golf/player/scorecards/_/id/337/year/2006/tournamentId/266/craig-parry, Booz Allen Classic - (06/22-06/25), 2006, 1, 393, 4, 4, 2, 622, 5, 4, 3, 239, 3, 3, 4, 435, 4, 4, 5, 359, 4, 3, 6, 520, 5, 4, 7, 461, 4, 4, 8, 453, 4, 4, 9, 166, 3, 4, 10, 374, 4, 4, 11, 147, 3, 3, 12, 472, 4, 4, 13, 524, 5, 5, 14, 301, 4, 3, 15, 467, 4, 4, 16, 415, 4, 3, 17, 195, 3, 3, 18, 444, 4, 4, 
http://espn.go.com/golf/player/scorecards/_/id/337/year/2006/tournamentId/278/craig-parry, John Deere Classic - (07/13-07/16), 2006, 1, 395, 4, 4, 2, 561, 5, 4, 3, 186, 3, 3, 4, 454, 4, 4, 5, 433, 4, 4, 6, 367, 4, 3, 7, 226, 3, 3, 8, 428, 4, 5, 9, 503, 4, 4, 10, 596, 5, 6, 11, 432, 4, 4, 12, 215, 3, 3, 13, 424, 4, 4, 14, 361, 4, 4, 15, 484, 4, 5, 16, 158, 3, 3, 17, 569, 5, 5, 18, 476, 4, 5, 
http://espn.go.com/golf/player/scorecards/_/id/337/year/2006/tournamentId/278/craig-parry, John Deere Classic - (07/13-07/16), 2006, 1, 395, 4, 3, 2, 561, 5, 4, 3, 186, 3, 3, 4, 454, 4, 4, 5, 433, 4, 4, 6, 367, 4, 4, 7, 226, 3, 5, 8, 428, 4, 4, 9, 503, 4, 5, 10, 596, 5, 5, 11, 432, 4, 7, 12, 215, 3, 3, 13, 424, 4, 4, 14, 361, 4, 3, 15, 484, 4, 4, 16, 158, 3, 4, 17, 569, 5, 5, 18, 476, 4, 4, 
http://espn.go.com/golf/player/scorecards/_/id/337/year/2006/tournamentId/279/craig-parry, B.C. Open presented by Turning Stone Resort - (07/20-07/23), 2006, 1, 398, 4, 3, 2, 447, 4, 4, 3, 198, 3, 3, 4, 414, 4, 4, 5, 550, 5, 5, 6, 185, 3, 3, 7, 433, 4, 3, 8, 576, 5, 4, 9, 479, 4, 5, 10, 422, 4, 4, 11, 230, 3, 3, 12, 580, 5, 4, 13, 439, 4, 4, 14, 410, 4, 3, 15, 442, 4, 4, 16, 177, 3, 4, 17, 478, 4, 5, 18, 624, 5, 4, 
http://espn.go.com/golf/player/scorecards/_/id/337/year/2006/tournamentId/279/craig-parry, B.C. Open presented by Turning Stone Resort - (07/20-07/23), 2006, 1, 398, 4, 3, 2, 447, 4, 5, 3, 198, 3, 3, 4, 414, 4, 4, 5, 550, 5, 4, 6, 185, 3, 4, 7, 433, 4, 3, 8, 576, 5, 5, 9, 479, 4, 5, 10, 422, 4, 4, 11, 230, 3, 4, 12, 580, 5, 4, 13, 439, 4, 5, 14, 410, 4, 4, 15, 442, 4, 4, 16, 177, 3, 3, 17, 478, 4, 5, 18, 624, 5, 6, 
http://espn.go.com/golf/player/scorecards/_/id/337/year/2006/tournamentId/279/craig-parry, B.C. Open presented by Turning Stone Resort - (07/20-07/23), 2006, 1, 398, 4, 4, 2, 447, 4, 5, 3, 198, 3, 4, 4, 414, 4, 4, 5, 550, 5, 4, 6, 185, 3, 3, 7, 433, 4, 4, 8, 576, 5, 5, 9, 479, 4, 5, 10, 422, 4, 4, 11, 230, 3, 4, 12, 580, 5, 4, 13, 439, 4, 3, 14, 410, 4, 4, 15, 442, 4, 4, 16, 177, 3, 3, 17, 478, 4, 3, 18, 624, 5, 5, 
http://espn.go.com/golf/player/scorecards/_/id/337/year/2006/tournamentId/279/craig-parry, B.C. Open presented by Turning Stone Resort - (07/20-07/23), 2006, 1, 398, 4, 4, 2, 447, 4, 4, 3, 198, 3, 4, 4, 414, 4, 3, 5, 550, 5, 5, 6, 185, 3, 3, 7, 433, 4, 4, 8, 576, 5, 5, 9, 479, 4, 4, 10, 422, 4, 2, 11, 230, 3, 3, 12, 580, 5, 4, 13, 439, 4, 4, 14, 410, 4, 3, 15, 442, 4, 4, 16, 177, 3, 3, 17, 478, 4, 4, 18, 624, 5, 5, 
http://espn.go.com/golf/player/scorecards/_/id/337/year/2006/tournamentId/276/craig-parry, U.S. Bank Championship in Milwaukee - (07/27-07/30), 2006, 1, 461, 4, 4, 2, 417, 4, 3, 3, 171, 3, 3, 4, 485, 4, 5, 5, 164, 3, 3, 6, 556, 5, 5, 7, 215, 3, 3, 8, 436, 4, 3, 9, 359, 4, 4, 10, 447, 4, 5, 11, 196, 3, 4, 12, 381, 4, 4, 13, 437, 4, 3, 14, 188, 3, 4, 15, 531, 5, 5, 16, 371, 4, 4, 17, 387, 4, 4, 18, 557, 5, 4, 
http://espn.go.com/golf/player/scorecards/_/id/337/year/2006/tournamentId/276/craig-parry, U.S. Bank Championship in Milwaukee - (07/27-07/30), 2006, 1, 461, 4, 5, 2, 417, 4, 4, 3, 171, 3, 3, 4, 485, 4, 3, 5, 164, 3, 3, 6, 556, 5, 4, 7, 215, 3, 4, 8, 436, 4, 4, 9, 359, 4, 5, 10, 447, 4, 4, 11, 196, 3, 3, 12, 381, 4, 5, 13, 437, 4, 4, 14, 188, 3, 3, 15, 531, 5, 4, 16, 371, 4, 4, 17, 387, 4, 4, 18, 557, 5, 5, 
http://espn.go.com/golf/player/scorecards/_/id/337/year/2006/tournamentId/293/craig-parry, World Golf Championships-American Express Champion - (09/28-10/01), 2006, 1, 379, 4, 4, 2, 537, 5, 5, 3, 462, 4, 4, 4, 244, 3, 3, 5, 388, 4, 3, 6, 408, 4, 5, 7, 184, 3, 4, 8, 435, 4, 4, 9, 452, 4, 4, 10, 351, 4, 4, 11, 445, 4, 4, 12, 446, 4, 3, 13, 210, 3, 3, 14, 436, 4, 4, 15, 559, 5, 7, 16, 150, 3, 4, 17, 435, 4, 4, 18, 567, 5, 6, 
http://espn.go.com/golf/player/scorecards/_/id/337/year/2006/tournamentId/293/craig-parry, World Golf Championships-American Express Champion - (09/28-10/01), 2006, 1, 379, 4, 3, 2, 537, 5, 4, 3, 462, 4, 4, 4, 244, 3, 3, 5, 388, 4, 4, 6, 408, 4, 4, 7, 184, 3, 3, 8, 435, 4, 4, 9, 452, 4, 5, 10, 351, 4, 4, 11, 445, 4, 4, 12, 446, 4, 4, 13, 210, 3, 3, 14, 436, 4, 5, 15, 559, 5, 5, 16, 150, 3, 3, 17, 435, 4, 4, 18, 567, 5, 4, 
http://espn.go.com/golf/player/scorecards/_/id/337/year/2006/tournamentId/293/craig-parry, World Golf Championships-American Express Champion - (09/28-10/01), 2006, 1, 379, 4, 4, 2, 537, 5, 5, 3, 462, 4, 5, 4, 244, 3, 3, 5, 388, 4, 3, 6, 408, 4, 5, 7, 184, 3, 3, 8, 435, 4, 4, 9, 452, 4, 5, 10, 351, 4, 4, 11, 445, 4, 5, 12, 446, 4, 4, 13, 210, 3, 3, 14, 436, 4, 4, 15, 559, 5, 5, 16, 150, 3, 3, 17, 435, 4, 4, 18, 567, 5, 5, 
http://espn.go.com/golf/player/scorecards/_/id/337/year/2006/tournamentId/293/craig-parry, World Golf Championships-American Express Champion - (09/28-10/01), 2006, 1, 379, 4, 4, 2, 537, 5, 4, 3, 462, 4, 4, 4, 244, 3, 4, 5, 388, 4, 5, 6, 408, 4, 4, 7, 184, 3, 3, 8, 435, 4, 4, 9, 452, 4, 4, 10, 351, 4, 5, 11, 445, 4, 4, 12, 446, 4, 4, 13, 210, 3, 3, 14, 436, 4, 5, 15, 559, 5, 5, 16, 150, 3, 3, 17, 435, 4, 4, 18, 567, 5, 5, 
http://espn.go.com/golf/player/scorecards/_/id/337/year/2006/tournamentId/286/craig-parry, Frys.com Open - (10/12-10/15), 2006, 1, 408, 4, 4, 2, 469, 4, 4, 3, 492, 4, 4, 4, 450, 4, 3, 5, 197, 3, 3, 6, 430, 4, 4, 7, 382, 4, 4, 8, 239, 3, 3, 9, 563, 5, 5, 10, 420, 4, 4, 11, 448, 4, 5, 12, 442, 4, 4, 13, 606, 5, 5, 14, 156, 3, 3, 15, 341, 4, 3, 16, 560, 5, 4, 17, 196, 3, 3, 18, 444, 4, 4, 
http://espn.go.com/golf/player/scorecards/_/id/337/year/2006/tournamentId/286/craig-parry, Frys.com Open - (10/12-10/15), 2006, 1, 408, 4, 4, 2, 469, 4, 4, 3, 492, 4, 4, 4, 450, 4, 4, 5, 197, 3, 4, 6, 430, 4, 5, 7, 382, 4, 3, 8, 239, 3, 3, 9, 563, 5, 4, 10, 420, 4, 3, 11, 448, 4, 3, 12, 442, 4, 5, 13, 606, 5, 6, 14, 156, 3, 3, 15, 341, 4, 3, 16, 560, 5, 4, 17, 196, 3, 3, 18, 444, 4, 4, 
http://espn.go.com/golf/player/scorecards/_/id/337/year/2006/tournamentId/286/craig-parry, Frys.com Open - (10/12-10/15), 2006, 1, 408, 4, 4, 2, 469, 4, 4, 3, 492, 4, 6, 4, 450, 4, 4, 5, 197, 3, 3, 6, 430, 4, 5, 7, 382, 4, 3, 8, 239, 3, 3, 9, 563, 5, 4, 10, 420, 4, 4, 11, 448, 4, 4, 12, 442, 4, 6, 13, 606, 5, 4, 14, 156, 3, 3, 15, 341, 4, 3, 16, 560, 5, 4, 17, 196, 3, 3, 18, 444, 4, 3, 
http://espn.go.com/golf/player/scorecards/_/id/337/year/2006/tournamentId/286/craig-parry, Frys.com Open - (10/12-10/15), 2006, 1, 359, 4, 4, 2, 196, 3, 3, 3, 466, 4, 5, 4, 544, 5, 4, 5, 378, 4, 4, 6, 604, 5, 5, 7, 209, 3, 2, 8, 458, 4, 4, 9, 349, 4, 3, 10, 419, 4, 3, 11, 444, 4, 3, 12, 145, 3, 2, 13, 423, 4, 5, 14, 365, 4, 4, 15, 612, 5, 5, 16, 202, 3, 4, 17, 443, 4, 3, 18, 447, 4, 4, 
http://espn.go.com/golf/player/scorecards/_/id/337/year/2006/tournamentId/288/craig-parry, FUNAI Classic at the WALT DISNEY WORLD Resort - (10/19-10/22), 2006, 1, 498, 5, 5, 2, 424, 4, 3, 3, 167, 3, 3, 4, 422, 4, 4, 5, 410, 4, 4, 6, 411, 4, 4, 7, 524, 5, 5, 8, 205, 3, 3, 9, 380, 4, 4, 10, 441, 4, 5, 11, 544, 5, 4, 12, 206, 3, 4, 13, 358, 4, 4, 14, 547, 5, 4, 15, 422, 4, 4, 16, 195, 3, 3, 17, 399, 4, 4, 18, 458, 4, 4, 
http://espn.go.com/golf/player/scorecards/_/id/337/year/2006/tournamentId/288/craig-parry, FUNAI Classic at the WALT DISNEY WORLD Resort - (10/19-10/22), 2006, 1, 428, 4, 4, 2, 417, 4, 4, 3, 170, 3, 3, 4, 542, 5, 4, 5, 492, 4, 4, 6, 231, 3, 3, 7, 422, 4, 4, 8, 614, 5, 4, 9, 500, 4, 4, 10, 526, 5, 5, 11, 399, 4, 4, 12, 169, 3, 4, 13, 384, 4, 4, 14, 592, 5, 5, 15, 203, 3, 4, 16, 450, 4, 5, 17, 485, 4, 4, 18, 492, 4, 6, 
http://espn.go.com/golf/player/scorecards/_/id/337/year/2006/tournamentId/291/craig-parry, Chrysler Championship - (10/26-10/29), 2006, 1, 560, 5, 4, 2, 435, 4, 4, 3, 455, 4, 4, 4, 195, 3, 4, 5, 605, 5, 5, 6, 465, 4, 4, 7, 420, 4, 4, 8, 235, 3, 4, 9, 430, 4, 4, 10, 445, 4, 5, 11, 575, 5, 5, 12, 380, 4, 4, 13, 200, 3, 4, 14, 590, 5, 5, 15, 215, 3, 3, 16, 475, 4, 4, 17, 215, 3, 3, 18, 445, 4, 4, 
http://espn.go.com/golf/player/scorecards/_/id/337/year/2006/tournamentId/291/craig-parry, Chrysler Championship - (10/26-10/29), 2006, 1, 560, 5, 6, 2, 435, 4, 5, 3, 455, 4, 6, 4, 195, 3, 3, 5, 605, 5, 5, 6, 465, 4, 4, 7, 420, 4, 4, 8, 235, 3, 3, 9, 430, 4, 4, 10, 445, 4, 4, 11, 575, 5, 4, 12, 380, 4, 4, 13, 200, 3, 3, 14, 590, 5, 5, 15, 215, 3, 3, 16, 475, 4, 5, 17, 215, 3, 3, 18, 445, 4, 4, 
http://espn.go.com/golf/player/scorecards/_/id/337/year/2006/tournamentId/291/craig-parry, Chrysler Championship - (10/26-10/29), 2006, 1, 560, 5, 4, 2, 435, 4, 4, 3, 455, 4, 4, 4, 195, 3, 4, 5, 605, 5, 5, 6, 465, 4, 4, 7, 420, 4, 5, 8, 235, 3, 4, 9, 430, 4, 4, 10, 445, 4, 3, 11, 575, 5, 5, 12, 380, 4, 5, 13, 200, 3, 3, 14, 590, 5, 5, 15, 215, 3, 4, 16, 475, 4, 4, 17, 215, 3, 3, 18, 445, 4, 4, 
http://espn.go.com/golf/player/scorecards/_/id/337/year/2006/tournamentId/291/craig-parry, Chrysler Championship - (10/26-10/29), 2006, 1, 560, 5, 4, 2, 435, 4, 4, 3, 455, 4, 5, 4, 195, 3, 3, 5, 605, 5, 5, 6, 465, 4, 3, 7, 420, 4, 4, 8, 235, 3, 3, 9, 430, 4, 4, 10, 445, 4, 4, 11, 575, 5, 4, 12, 380, 4, 4, 13, 200, 3, 3, 14, 590, 5, 5, 15, 215, 3, 3, 16, 475, 4, 4, 17, 215, 3, 4, 18, 445, 4, 4, 
http://espn.go.com/golf/player/scorecards/_/id/337/year/2008/tournamentId/451/craig-parry, World Golf Championships-CA Championship - (03/20-03/23), 2008, 1, 529, 5, 4, 2, 418, 4, 4, 3, 438, 4, 4, 4, 236, 3, 3, 5, 394, 4, 4, 6, 442, 4, 4, 7, 454, 4, 5, 8, 560, 5, 6, 9, 169, 3, 3, 10, 551, 5, 5, 11, 402, 4, 4, 12, 603, 5, 4, 13, 245, 3, 4, 14, 460, 4, 5, 15, 175, 3, 4, 16, 372, 4, 3, 17, 419, 4, 3, 18, 467, 4, 6, 
http://espn.go.com/golf/player/scorecards/_/id/337/year/2008/tournamentId/451/craig-parry, World Golf Championships-CA Championship - (03/20-03/23), 2008, 1, 529, 5, 5, 2, 418, 4, 4, 3, 438, 4, 4, 4, 236, 3, 3, 5, 394, 4, 4, 6, 442, 4, 4, 7, 454, 4, 4, 8, 560, 5, 5, 9, 169, 3, 3, 10, 551, 5, 4, 11, 402, 4, 4, 12, 603, 5, 5, 13, 245, 3, 3, 14, 460, 4, 4, 15, 175, 3, 3, 16, 372, 4, 4, 17, 419, 4, 4, 18, 467, 4, 5, 
http://espn.go.com/golf/player/scorecards/_/id/337/year/2008/tournamentId/451/craig-parry, World Golf Championships-CA Championship - (03/20-03/23), 2008, 1, 529, 5, 4, 2, 418, 4, 5, 3, 438, 4, 4, 4, 236, 3, 3, 5, 394, 4, 5, 6, 442, 4, 4, 7, 454, 4, 4, 8, 560, 5, 5, 9, 169, 3, 3, 10, 551, 5, 5, 11, 402, 4, 4, 12, 603, 5, 5, 13, 245, 3, 4, 14, 460, 4, 4, 15, 175, 3, 3, 16, 372, 4, 4, 17, 419, 4, 5, 18, 467, 4, 4, 
http://espn.go.com/golf/player/scorecards/_/id/337/year/2008/tournamentId/451/craig-parry, World Golf Championships-CA Championship - (03/20-03/23), 2008, 1, 529, 5, 5, 2, 418, 4, 4, 3, 438, 4, 4, 4, 236, 3, 3, 5, 394, 4, 4, 6, 442, 4, 4, 7, 454, 4, 4, 8, 560, 5, 6, 9, 169, 3, 2, 10, 551, 5, 5, 11, 402, 4, 3, 12, 603, 5, 4, 13, 245, 3, 4, 14, 460, 4, 4, 15, 175, 3, 3, 16, 372, 4, 4, 17, 419, 4, 5, 18, 467, 4, 5, 
http://espn.go.com/golf/player/scorecards/_/id/337/year/2008/tournamentId/433/craig-parry, U.S. Open Championship - (06/12-06/15), 2008, 1, 448, 4, 5, 2, 389, 4, 4, 3, 195, 3, 4, 4, 488, 4, 4, 5, 453, 4, 4, 6, 515, 4, 4, 7, 461, 4, 5, 8, 177, 3, 4, 9, 612, 5, 5, 10, 414, 4, 4, 11, 221, 3, 4, 12, 504, 4, 5, 13, 614, 5, 5, 14, 435, 4, 5, 15, 478, 4, 5, 16, 225, 3, 4, 17, 441, 4, 5, 18, 573, 5, 5, 
http://espn.go.com/golf/player/scorecards/_/id/337/year/2008/tournamentId/433/craig-parry, U.S. Open Championship - (06/12-06/15), 2008, 1, 448, 4, 4, 2, 389, 4, 4, 3, 195, 3, 3, 4, 488, 4, 5, 5, 453, 4, 4, 6, 515, 4, 5, 7, 461, 4, 4, 8, 177, 3, 3, 9, 612, 5, 5, 10, 414, 4, 4, 11, 221, 3, 3, 12, 504, 4, 5, 13, 614, 5, 5, 14, 435, 4, 4, 15, 478, 4, 5, 16, 225, 3, 4, 17, 441, 4, 4, 18, 573, 5, 4, 
http://espn.go.com/golf/player/scorecards/_/id/337/year/2008/tournamentId/411/craig-parry, British Open Championship - (07/17-07/20), 2008, 1, 450, 4, 6, 2, 421, 4, 4, 3, 451, 4, 4, 4, 201, 3, 3, 5, 346, 4, 4, 6, 499, 4, 5, 7, 178, 3, 3, 8, 457, 4, 4, 9, 414, 4, 5, 10, 408, 4, 4, 11, 436, 4, 4, 12, 184, 3, 3, 13, 499, 4, 5, 14, 201, 3, 3, 15, 544, 5, 6, 16, 439, 4, 5, 17, 572, 5, 5, 18, 473, 4, 4, 
http://espn.go.com/golf/player/scorecards/_/id/337/year/2008/tournamentId/411/craig-parry, British Open Championship - (07/17-07/20), 2008, 1, 450, 4, 4, 2, 421, 4, 5, 3, 451, 4, 4, 4, 201, 3, 4, 5, 346, 4, 4, 6, 499, 4, 4, 7, 178, 3, 4, 8, 457, 4, 4, 9, 414, 4, 4, 10, 408, 4, 5, 11, 436, 4, 4, 12, 184, 3, 3, 13, 499, 4, 6, 14, 201, 3, 3, 15, 544, 5, 6, 16, 439, 4, 4, 17, 572, 5, 5, 18, 473, 4, 4, 
http://espn.go.com/golf/player/scorecards/_/id/337/year/2008/tournamentId/411/craig-parry, British Open Championship - (07/17-07/20), 2008, 1, 450, 4, 4, 2, 421, 4, 3, 3, 451, 4, 3, 4, 201, 3, 3, 5, 346, 4, 4, 6, 499, 4, 4, 7, 178, 3, 3, 8, 457, 4, 5, 9, 414, 4, 4, 10, 408, 4, 4, 11, 436, 4, 5, 12, 184, 3, 3, 13, 499, 4, 4, 14, 201, 3, 3, 15, 544, 5, 5, 16, 439, 4, 4, 17, 572, 5, 5, 18, 473, 4, 4, 
http://espn.go.com/golf/player/scorecards/_/id/337/year/2008/tournamentId/411/craig-parry, British Open Championship - (07/17-07/20), 2008, 1, 450, 4, 4, 2, 421, 4, 5, 3, 451, 4, 4, 4, 201, 3, 3, 5, 346, 4, 5, 6, 499, 4, 5, 7, 178, 3, 3, 8, 457, 4, 4, 9, 414, 4, 4, 10, 408, 4, 5, 11, 436, 4, 5, 12, 184, 3, 2, 13, 499, 4, 4, 14, 201, 3, 4, 15, 544, 5, 6, 16, 439, 4, 4, 17, 572, 5, 5, 18, 473, 4, 5, 
http://espn.go.com/golf/player/scorecards/_/id/337/year/2008/tournamentId/440/craig-parry, World Golf Championships-Bridgestone Invitational - (07/31-08/03), 2008, 1, 399, 4, 5, 2, 526, 5, 5, 3, 442, 4, 4, 4, 471, 4, 4, 5, 200, 3, 3, 6, 469, 4, 4, 7, 219, 3, 4, 8, 482, 4, 4, 9, 494, 4, 5, 10, 410, 4, 4, 11, 418, 4, 4, 12, 180, 3, 4, 13, 471, 4, 5, 14, 467, 4, 4, 15, 221, 3, 4, 16, 667, 5, 7, 17, 400, 4, 3, 18, 464, 4, 4, 
http://espn.go.com/golf/player/scorecards/_/id/337/year/2008/tournamentId/440/craig-parry, World Golf Championships-Bridgestone Invitational - (07/31-08/03), 2008, 1, 399, 4, 4, 2, 526, 5, 6, 3, 442, 4, 4, 4, 471, 4, 4, 5, 200, 3, 2, 6, 469, 4, 5, 7, 219, 3, 3, 8, 482, 4, 4, 9, 494, 4, 5, 10, 410, 4, 4, 11, 418, 4, 4, 12, 180, 3, 3, 13, 471, 4, 5, 14, 467, 4, 4, 15, 221, 3, 4, 16, 667, 5, 5, 17, 400, 4, 4, 18, 464, 4, 5, 
http://espn.go.com/golf/player/scorecards/_/id/337/year/2008/tournamentId/440/craig-parry, World Golf Championships-Bridgestone Invitational - (07/31-08/03), 2008, 1, 399, 4, 4, 2, 526, 5, 6, 3, 442, 4, 4, 4, 471, 4, 4, 5, 200, 3, 3, 6, 469, 4, 5, 7, 219, 3, 3, 8, 482, 4, 4, 9, 494, 4, 4, 10, 410, 4, 4, 11, 418, 4, 4, 12, 180, 3, 3, 13, 471, 4, 4, 14, 467, 4, 5, 15, 221, 3, 3, 16, 667, 5, 7, 17, 400, 4, 4, 18, 464, 4, 4, 
http://espn.go.com/golf/player/scorecards/_/id/337/year/2008/tournamentId/440/craig-parry, World Golf Championships-Bridgestone Invitational - (07/31-08/03), 2008, 1, 399, 4, 4, 2, 526, 5, 4, 3, 442, 4, 4, 4, 471, 4, 3, 5, 200, 3, 2, 6, 469, 4, 5, 7, 219, 3, 3, 8, 482, 4, 4, 9, 494, 4, 4, 10, 410, 4, 4, 11, 418, 4, 4, 12, 180, 3, 3, 13, 471, 4, 5, 14, 467, 4, 5, 15, 221, 3, 3, 16, 667, 5, 5, 17, 400, 4, 4, 18, 464, 4, 4, 
