http://espn.go.com/golf/player/scorecards/_/id/370/year/2004/tournamentId/169/john-riegger, Buick Classic - (06/10-06/13), 2004, 1, 190, 3, 3, 2, 384, 4, 4, 3, 408, 4, 4, 4, 419, 4, 4, 5, 575, 5, 5, 6, 151, 3, 3, 7, 350, 4, 6, 8, 471, 4, 4, 9, 505, 5, 4, 10, 314, 4, 4, 11, 447, 4, 4, 12, 485, 4, 4, 13, 410, 4, 6, 14, 154, 3, 3, 15, 462, 4, 4, 16, 214, 3, 5, 17, 374, 4, 4, 18, 526, 5, 4, 
http://espn.go.com/golf/player/scorecards/_/id/370/year/2004/tournamentId/169/john-riegger, Buick Classic - (06/10-06/13), 2004, 1, 190, 3, 3, 2, 384, 4, 4, 3, 408, 4, 4, 4, 419, 4, 4, 5, 575, 5, 5, 6, 151, 3, 3, 7, 350, 4, 4, 8, 471, 4, 4, 9, 505, 5, 3, 10, 314, 4, 5, 11, 447, 4, 4, 12, 485, 4, 4, 13, 410, 4, 4, 14, 154, 3, 3, 15, 462, 4, 4, 16, 214, 3, 4, 17, 374, 4, 4, 18, 526, 5, 6, 
http://espn.go.com/golf/player/scorecards/_/id/370/year/2004/tournamentId/173/john-riegger, Cialis Western Open - (07/01-07/04), 2004, 1, 462, 4, 4, 2, 228, 3, 2, 3, 446, 4, 5, 4, 465, 4, 4, 5, 509, 4, 4, 6, 244, 3, 4, 7, 434, 4, 5, 8, 383, 4, 4, 9, 615, 5, 5, 10, 386, 4, 4, 11, 610, 5, 5, 12, 221, 3, 4, 13, 486, 4, 5, 14, 218, 3, 3, 15, 526, 5, 4, 16, 459, 4, 5, 17, 427, 4, 3, 18, 497, 4, 3, 
http://espn.go.com/golf/player/scorecards/_/id/370/year/2005/tournamentId/202/john-riegger, Sony Open in Hawaii - (01/13-01/16), 2005, 1, 480, 4, 5, 2, 423, 4, 4, 3, 422, 4, 4, 4, 204, 3, 3, 5, 467, 4, 5, 6, 460, 4, 4, 7, 176, 3, 3, 8, 454, 4, 5, 9, 506, 5, 4, 10, 351, 4, 4, 11, 194, 3, 2, 12, 440, 4, 5, 13, 477, 4, 4, 14, 430, 4, 3, 15, 398, 4, 3, 16, 417, 4, 3, 17, 194, 3, 4, 18, 551, 5, 4, 
http://espn.go.com/golf/player/scorecards/_/id/370/year/2005/tournamentId/202/john-riegger, Sony Open in Hawaii - (01/13-01/16), 2005, 1, 480, 4, 4, 2, 423, 4, 5, 3, 422, 4, 6, 4, 204, 3, 4, 5, 467, 4, 4, 6, 460, 4, 4, 7, 176, 3, 3, 8, 454, 4, 4, 9, 506, 5, 4, 10, 351, 4, 3, 11, 194, 3, 2, 12, 440, 4, 3, 13, 477, 4, 4, 14, 430, 4, 5, 15, 398, 4, 4, 16, 417, 4, 5, 17, 194, 3, 4, 18, 551, 5, 5, 
http://espn.go.com/golf/player/scorecards/_/id/370/year/2005/tournamentId/202/john-riegger, Sony Open in Hawaii - (01/13-01/16), 2005, 1, 480, 4, 5, 2, 423, 4, 3, 3, 422, 4, 4, 4, 204, 3, 3, 5, 467, 4, 4, 6, 460, 4, 4, 7, 176, 3, 3, 8, 454, 4, 4, 9, 506, 5, 3, 10, 351, 4, 4, 11, 194, 3, 2, 12, 440, 4, 4, 13, 477, 4, 4, 14, 430, 4, 5, 15, 398, 4, 4, 16, 417, 4, 3, 17, 194, 3, 4, 18, 551, 5, 5, 
http://espn.go.com/golf/player/scorecards/_/id/370/year/2005/tournamentId/202/john-riegger, Sony Open in Hawaii - (01/13-01/16), 2005, 1, 480, 4, 4, 2, 423, 4, 5, 3, 422, 4, 4, 4, 204, 3, 3, 5, 467, 4, 4, 6, 460, 4, 3, 7, 176, 3, 4, 8, 454, 4, 5, 9, 506, 5, 4, 10, 351, 4, 4, 11, 194, 3, 3, 12, 440, 4, 5, 13, 477, 4, 4, 14, 430, 4, 4, 15, 398, 4, 4, 16, 417, 4, 4, 17, 194, 3, 4, 18, 551, 5, 4, 
http://espn.go.com/golf/player/scorecards/_/id/370/year/2005/tournamentId/198/john-riegger, Bob Hope Chrysler Classic - (01/26-01/30), 2005, 1, 541, 5, 5, 2, 427, 4, 4, 3, 395, 4, 4, 4, 228, 3, 3, 5, 435, 4, 5, 6, 371, 4, 4, 7, 176, 3, 3, 8, 540, 5, 5, 9, 390, 4, 4, 10, 414, 4, 4, 11, 402, 4, 4, 12, 160, 3, 2, 13, 564, 5, 4, 14, 390, 4, 4, 15, 404, 4, 4, 16, 451, 4, 7, 17, 215, 3, 3, 18, 514, 5, 4, 
http://espn.go.com/golf/player/scorecards/_/id/370/year/2005/tournamentId/198/john-riegger, Bob Hope Chrysler Classic - (01/26-01/30), 2005, 1, 426, 4, 5, 2, 514, 5, 5, 3, 180, 3, 3, 4, 396, 4, 4, 5, 233, 3, 4, 6, 562, 5, 4, 7, 439, 4, 4, 8, 358, 4, 4, 9, 461, 4, 4, 10, 453, 4, 5, 11, 512, 5, 3, 12, 207, 3, 3, 13, 447, 4, 7, 14, 569, 5, 5, 15, 156, 3, 3, 16, 364, 4, 4, 17, 130, 3, 3, 18, 543, 5, 5, 
http://espn.go.com/golf/player/scorecards/_/id/370/year/2005/tournamentId/198/john-riegger, Bob Hope Chrysler Classic - (01/26-01/30), 2005, 1, 382, 4, 4, 2, 434, 4, 4, 3, 202, 3, 3, 4, 384, 4, 4, 5, 516, 5, 4, 6, 527, 5, 4, 7, 168, 3, 2, 8, 389, 4, 4, 9, 399, 4, 3, 10, 405, 4, 4, 11, 543, 5, 5, 12, 202, 3, 4, 13, 547, 5, 4, 14, 469, 4, 5, 15, 206, 3, 3, 16, 454, 4, 4, 17, 421, 4, 4, 18, 412, 4, 4, 
http://espn.go.com/golf/player/scorecards/_/id/370/year/2005/tournamentId/198/john-riegger, Bob Hope Chrysler Classic - (01/26-01/30), 2005, 1, 482, 5, 4, 2, 171, 3, 3, 3, 443, 4, 4, 4, 509, 5, 5, 5, 199, 3, 2, 6, 375, 4, 4, 7, 331, 4, 5, 8, 393, 4, 4, 9, 439, 4, 4, 10, 407, 4, 4, 11, 191, 3, 3, 12, 550, 5, 4, 13, 417, 4, 4, 14, 225, 3, 3, 15, 423, 4, 5, 16, 404, 4, 5, 17, 395, 4, 4, 18, 527, 5, 5, 
http://espn.go.com/golf/player/scorecards/_/id/370/year/2005/tournamentId/203/john-riegger, Nissan Open - (02/17-02/20), 2005, 1, 503, 5, 5, 2, 471, 4, 4, 3, 434, 4, 4, 4, 236, 3, 4, 5, 434, 4, 4, 6, 199, 3, 3, 7, 408, 4, 5, 8, 460, 4, 5, 9, 458, 4, 4, 10, 315, 4, 4, 11, 583, 5, 5, 12, 479, 4, 3, 13, 459, 4, 4, 14, 192, 3, 3, 15, 487, 4, 5, 16, 166, 3, 3, 17, 590, 5, 5, 18, 475, 4, 5, 
http://espn.go.com/golf/player/scorecards/_/id/370/year/2005/tournamentId/204/john-riegger, Ford Championship at Doral - (03/03-03/06), 2005, 1, 529, 5, 4, 2, 418, 4, 5, 3, 438, 4, 4, 4, 236, 3, 4, 5, 394, 4, 4, 6, 442, 4, 3, 7, 454, 4, 4, 8, 560, 5, 4, 9, 169, 3, 3, 10, 551, 5, 4, 11, 402, 4, 4, 12, 603, 5, 5, 13, 245, 3, 3, 14, 460, 4, 4, 15, 175, 3, 4, 16, 372, 4, 4, 17, 419, 4, 4, 18, 467, 4, 4, 
http://espn.go.com/golf/player/scorecards/_/id/370/year/2005/tournamentId/204/john-riegger, Ford Championship at Doral - (03/03-03/06), 2005, 1, 529, 5, 4, 2, 418, 4, 5, 3, 438, 4, 4, 4, 236, 3, 5, 5, 394, 4, 3, 6, 442, 4, 4, 7, 454, 4, 4, 8, 560, 5, 5, 9, 169, 3, 3, 10, 551, 5, 5, 11, 402, 4, 4, 12, 603, 5, 5, 13, 245, 3, 3, 14, 460, 4, 5, 15, 175, 3, 3, 16, 372, 4, 4, 17, 419, 4, 4, 18, 467, 4, 5, 
http://espn.go.com/golf/player/scorecards/_/id/370/year/2005/tournamentId/204/john-riegger, Ford Championship at Doral - (03/03-03/06), 2005, 1, 529, 5, 6, 2, 418, 4, 4, 3, 438, 4, 4, 4, 236, 3, 3, 5, 394, 4, 4, 6, 442, 4, 4, 7, 454, 4, 4, 8, 560, 5, 5, 9, 169, 3, 3, 10, 551, 5, 4, 11, 402, 4, 4, 12, 603, 5, 4, 13, 245, 3, 3, 14, 460, 4, 4, 15, 175, 3, 2, 16, 372, 4, 4, 17, 419, 4, 4, 18, 467, 4, 3, 
http://espn.go.com/golf/player/scorecards/_/id/370/year/2005/tournamentId/204/john-riegger, Ford Championship at Doral - (03/03-03/06), 2005, 1, 529, 5, 4, 2, 418, 4, 5, 3, 438, 4, 3, 4, 236, 3, 4, 5, 394, 4, 4, 6, 442, 4, 4, 7, 454, 4, 4, 8, 560, 5, 5, 9, 169, 3, 3, 10, 551, 5, 4, 11, 402, 4, 4, 12, 603, 5, 4, 13, 245, 3, 3, 14, 460, 4, 3, 15, 175, 3, 3, 16, 372, 4, 4, 17, 419, 4, 3, 18, 467, 4, 5, 
http://espn.go.com/golf/player/scorecards/_/id/370/year/2006/tournamentId/254/john-riegger, Sony Open in Hawaii - (01/12-01/15), 2006, 1, 480, 4, 4, 2, 423, 4, 4, 3, 422, 4, 4, 4, 204, 3, 3, 5, 467, 4, 4, 6, 460, 4, 5, 7, 176, 3, 3, 8, 454, 4, 4, 9, 506, 5, 4, 10, 351, 4, 3, 11, 194, 3, 3, 12, 440, 4, 3, 13, 477, 4, 4, 14, 430, 4, 4, 15, 398, 4, 4, 16, 417, 4, 3, 17, 194, 3, 3, 18, 551, 5, 4, 
http://espn.go.com/golf/player/scorecards/_/id/370/year/2006/tournamentId/254/john-riegger, Sony Open in Hawaii - (01/12-01/15), 2006, 1, 480, 4, 4, 2, 423, 4, 4, 3, 422, 4, 4, 4, 204, 3, 3, 5, 467, 4, 4, 6, 460, 4, 4, 7, 176, 3, 2, 8, 454, 4, 4, 9, 506, 5, 3, 10, 351, 4, 4, 11, 194, 3, 3, 12, 440, 4, 3, 13, 477, 4, 5, 14, 430, 4, 5, 15, 398, 4, 5, 16, 417, 4, 4, 17, 194, 3, 3, 18, 551, 5, 4, 
http://espn.go.com/golf/player/scorecards/_/id/370/year/2006/tournamentId/254/john-riegger, Sony Open in Hawaii - (01/12-01/15), 2006, 1, 480, 4, 4, 2, 423, 4, 6, 3, 422, 4, 4, 4, 204, 3, 4, 5, 467, 4, 4, 6, 460, 4, 3, 7, 176, 3, 3, 8, 454, 4, 3, 9, 506, 5, 4, 10, 351, 4, 4, 11, 194, 3, 3, 12, 440, 4, 5, 13, 477, 4, 4, 14, 430, 4, 4, 15, 398, 4, 4, 16, 417, 4, 5, 17, 194, 3, 3, 18, 551, 5, 4, 
http://espn.go.com/golf/player/scorecards/_/id/370/year/2006/tournamentId/254/john-riegger, Sony Open in Hawaii - (01/12-01/15), 2006, 1, 480, 4, 4, 2, 423, 4, 4, 3, 422, 4, 4, 4, 204, 3, 4, 5, 467, 4, 5, 6, 460, 4, 5, 7, 176, 3, 3, 8, 454, 4, 4, 9, 506, 5, 5, 10, 351, 4, 4, 11, 194, 3, 4, 12, 440, 4, 4, 13, 477, 4, 4, 14, 430, 4, 4, 15, 398, 4, 4, 16, 417, 4, 4, 17, 194, 3, 3, 18, 551, 5, 3, 
http://espn.go.com/golf/player/scorecards/_/id/370/year/2006/tournamentId/250/john-riegger, Bob Hope Chrysler Classic - (01/18-01/22), 2006, 1, 426, 4, 4, 2, 514, 5, 5, 3, 180, 3, 4, 4, 396, 4, 4, 5, 233, 3, 4, 6, 562, 5, 5, 7, 439, 4, 4, 8, 358, 4, 4, 9, 461, 4, 4, 10, 453, 4, 5, 11, 512, 5, 5, 12, 207, 3, 3, 13, 447, 4, 5, 14, 569, 5, 5, 15, 156, 3, 3, 16, 364, 4, 6, 17, 130, 3, 2, 18, 543, 5, 4, 
http://espn.go.com/golf/player/scorecards/_/id/370/year/2006/tournamentId/250/john-riegger, Bob Hope Chrysler Classic - (01/18-01/22), 2006, 1, 382, 4, 4, 2, 434, 4, 5, 3, 202, 3, 4, 4, 384, 4, 4, 5, 516, 5, 5, 6, 527, 5, 5, 7, 168, 3, 3, 8, 389, 4, 4, 9, 399, 4, 4, 10, 405, 4, 5, 11, 543, 5, 5, 12, 202, 3, 3, 13, 547, 5, 5, 14, 469, 4, 4, 15, 206, 3, 3, 16, 454, 4, 3, 17, 421, 4, 3, 18, 412, 4, 4, 
http://espn.go.com/golf/player/scorecards/_/id/370/year/2006/tournamentId/250/john-riegger, Bob Hope Chrysler Classic - (01/18-01/22), 2006, 1, 541, 5, 4, 2, 427, 4, 5, 3, 395, 4, 4, 4, 228, 3, 4, 5, 435, 4, 4, 6, 371, 4, 4, 7, 176, 3, 2, 8, 540, 5, 5, 9, 390, 4, 3, 10, 414, 4, 4, 11, 402, 4, 4, 12, 160, 3, 4, 13, 564, 5, 4, 14, 390, 4, 3, 15, 404, 4, 4, 16, 451, 4, 4, 17, 215, 3, 3, 18, 514, 5, 6, 
http://espn.go.com/golf/player/scorecards/_/id/370/year/2006/tournamentId/251/john-riegger, FBR Open - (02/02-02/05), 2006, 1, 410, 4, 4, 2, 416, 4, 3, 3, 554, 5, 5, 4, 175, 3, 3, 5, 453, 4, 4, 6, 436, 4, 4, 7, 215, 3, 3, 8, 470, 4, 6, 9, 464, 4, 4, 10, 403, 4, 4, 11, 469, 4, 4, 12, 195, 3, 3, 13, 595, 5, 4, 14, 477, 4, 5, 15, 552, 5, 4, 16, 162, 3, 3, 17, 332, 4, 4, 18, 438, 4, 4, 
http://espn.go.com/golf/player/scorecards/_/id/370/year/2006/tournamentId/251/john-riegger, FBR Open - (02/02-02/05), 2006, 1, 410, 4, 4, 2, 416, 4, 4, 3, 554, 5, 5, 4, 175, 3, 5, 5, 453, 4, 4, 6, 436, 4, 4, 7, 215, 3, 3, 8, 470, 4, 4, 9, 464, 4, 3, 10, 403, 4, 4, 11, 469, 4, 4, 12, 195, 3, 4, 13, 595, 5, 4, 14, 477, 4, 4, 15, 552, 5, 5, 16, 162, 3, 3, 17, 332, 4, 4, 18, 438, 4, 4, 
http://espn.go.com/golf/player/scorecards/_/id/370/year/2006/tournamentId/255/john-riegger, Nissan Open - (02/16-02/19), 2006, 1, 503, 5, 5, 2, 471, 4, 5, 3, 434, 4, 5, 4, 236, 3, 4, 5, 434, 4, 5, 6, 199, 3, 4, 7, 408, 4, 4, 8, 460, 4, 4, 9, 458, 4, 4, 10, 315, 4, 4, 11, 583, 5, 4, 12, 479, 4, 3, 13, 459, 4, 4, 14, 192, 3, 3, 15, 487, 4, 5, 16, 166, 3, 2, 17, 590, 5, 4, 18, 475, 4, 4, 
http://espn.go.com/golf/player/scorecards/_/id/370/year/2006/tournamentId/255/john-riegger, Nissan Open - (02/16-02/19), 2006, 1, 503, 5, 5, 2, 471, 4, 4, 3, 434, 4, 5, 4, 236, 3, 3, 5, 434, 4, 3, 6, 199, 3, 2, 7, 408, 4, 4, 8, 460, 4, 5, 9, 458, 4, 5, 10, 315, 4, 3, 11, 583, 5, 5, 12, 479, 4, 4, 13, 459, 4, 5, 14, 192, 3, 3, 15, 487, 4, 4, 16, 166, 3, 3, 17, 590, 5, 5, 18, 475, 4, 5, 
http://espn.go.com/golf/player/scorecards/_/id/370/year/2006/tournamentId/249/john-riegger, Chrysler Classic of Tucson - (02/23-02/26), 2006, 1, 410, 4, 4, 2, 495, 5, 4, 3, 377, 4, 4, 4, 170, 3, 4, 5, 395, 4, 4, 6, 426, 4, 4, 7, 247, 3, 4, 8, 587, 5, 5, 9, 440, 4, 5, 10, 501, 5, 5, 11, 431, 4, 4, 12, 182, 3, 3, 13, 406, 4, 5, 14, 405, 4, 4, 15, 663, 5, 6, 16, 427, 4, 4, 17, 186, 3, 3, 18, 465, 4, 3, 
http://espn.go.com/golf/player/scorecards/_/id/370/year/2006/tournamentId/249/john-riegger, Chrysler Classic of Tucson - (02/23-02/26), 2006, 1, 410, 4, 3, 2, 495, 5, 4, 3, 377, 4, 3, 4, 170, 3, 3, 5, 395, 4, 3, 6, 426, 4, 4, 7, 247, 3, 2, 8, 587, 5, 5, 9, 440, 4, 4, 10, 501, 5, 5, 11, 431, 4, 3, 12, 182, 3, 3, 13, 406, 4, 4, 14, 405, 4, 4, 15, 663, 5, 4, 16, 427, 4, 5, 17, 186, 3, 3, 18, 465, 4, 4, 
http://espn.go.com/golf/player/scorecards/_/id/370/year/2006/tournamentId/256/john-riegger, Ford Championship at Doral - (03/02-03/05), 2006, 1, 529, 5, 5, 2, 418, 4, 4, 3, 438, 4, 4, 4, 236, 3, 3, 5, 394, 4, 4, 6, 442, 4, 4, 7, 454, 4, 4, 8, 560, 5, 7, 9, 169, 3, 3, 10, 551, 5, 5, 11, 402, 4, 4, 12, 603, 5, 5, 13, 245, 3, 3, 14, 460, 4, 4, 15, 175, 3, 3, 16, 372, 4, 4, 17, 419, 4, 5, 18, 467, 4, 4, 
http://espn.go.com/golf/player/scorecards/_/id/370/year/2006/tournamentId/256/john-riegger, Ford Championship at Doral - (03/02-03/05), 2006, 1, 529, 5, 4, 2, 418, 4, 4, 3, 438, 4, 4, 4, 236, 3, 3, 5, 394, 4, 4, 6, 442, 4, 4, 7, 454, 4, 3, 8, 560, 5, 5, 9, 169, 3, 3, 10, 551, 5, 5, 11, 402, 4, 4, 12, 603, 5, 5, 13, 245, 3, 3, 14, 460, 4, 4, 15, 175, 3, 2, 16, 372, 4, 4, 17, 419, 4, 3, 18, 467, 4, 3, 
http://espn.go.com/golf/player/scorecards/_/id/370/year/2006/tournamentId/262/john-riegger, Verizon Heritage - (04/13-04/16), 2006, 1, 410, 4, 5, 2, 502, 5, 5, 3, 469, 4, 4, 4, 200, 3, 4, 5, 540, 5, 4, 6, 419, 4, 4, 7, 195, 3, 3, 8, 473, 4, 4, 9, 332, 4, 5, 10, 451, 4, 4, 11, 436, 4, 3, 12, 430, 4, 4, 13, 373, 4, 3, 14, 192, 3, 3, 15, 588, 5, 5, 16, 434, 4, 5, 17, 185, 3, 3, 18, 472, 4, 3, 
http://espn.go.com/golf/player/scorecards/_/id/370/year/2006/tournamentId/262/john-riegger, Verizon Heritage - (04/13-04/16), 2006, 1, 410, 4, 5, 2, 502, 5, 5, 3, 469, 4, 4, 4, 200, 3, 2, 5, 540, 5, 6, 6, 419, 4, 3, 7, 195, 3, 3, 8, 473, 4, 4, 9, 332, 4, 5, 10, 451, 4, 5, 11, 436, 4, 4, 12, 430, 4, 6, 13, 373, 4, 4, 14, 192, 3, 3, 15, 588, 5, 5, 16, 434, 4, 4, 17, 185, 3, 3, 18, 472, 4, 5, 
http://espn.go.com/golf/player/scorecards/_/id/370/year/2006/tournamentId/263/john-riegger, Shell Houston Open - (04/20-04/23), 2006, 1, 397, 4, 4, 2, 429, 4, 4, 3, 398, 4, 4, 4, 566, 5, 4, 5, 480, 4, 4, 6, 464, 4, 4, 7, 174, 3, 3, 8, 557, 5, 4, 9, 238, 3, 3, 10, 380, 4, 4, 11, 441, 4, 4, 12, 338, 4, 4, 13, 590, 5, 5, 14, 216, 3, 4, 15, 608, 5, 4, 16, 188, 3, 3, 17, 489, 4, 5, 18, 488, 4, 5, 
http://espn.go.com/golf/player/scorecards/_/id/370/year/2006/tournamentId/263/john-riegger, Shell Houston Open - (04/20-04/23), 2006, 1, 397, 4, 4, 2, 429, 4, 5, 3, 398, 4, 3, 4, 566, 5, 5, 5, 480, 4, 4, 6, 464, 4, 5, 7, 174, 3, 2, 8, 557, 5, 5, 9, 238, 3, 3, 10, 380, 4, 5, 11, 441, 4, 5, 12, 338, 4, 3, 13, 590, 5, 5, 14, 216, 3, 4, 15, 608, 5, 5, 16, 188, 3, 3, 17, 489, 4, 5, 18, 488, 4, 4, 
http://espn.go.com/golf/player/scorecards/_/id/370/year/2006/tournamentId/294/john-riegger, Zurich Classic of New Orleans - (04/27-04/30), 2006, 1, 398, 4, 4, 2, 539, 5, 5, 3, 199, 3, 2, 4, 345, 4, 4, 5, 445, 4, 4, 6, 554, 5, 5, 7, 446, 4, 3, 8, 176, 3, 2, 9, 371, 4, 3, 10, 423, 4, 3, 11, 534, 5, 5, 12, 158, 3, 3, 13, 376, 4, 4, 14, 467, 4, 4, 15, 540, 5, 5, 16, 430, 4, 4, 17, 206, 3, 3, 18, 471, 4, 5, 
http://espn.go.com/golf/player/scorecards/_/id/370/year/2006/tournamentId/294/john-riegger, Zurich Classic of New Orleans - (04/27-04/30), 2006, 1, 398, 4, 4, 2, 539, 5, 7, 3, 199, 3, 3, 4, 345, 4, 3, 5, 445, 4, 4, 6, 554, 5, 5, 7, 446, 4, 4, 8, 176, 3, 3, 9, 371, 4, 4, 10, 423, 4, 4, 11, 534, 5, 4, 12, 158, 3, 4, 13, 376, 4, 4, 14, 467, 4, 4, 15, 540, 5, 5, 16, 430, 4, 4, 17, 206, 3, 3, 18, 471, 4, 5, 
http://espn.go.com/golf/player/scorecards/_/id/370/year/2006/tournamentId/270/john-riegger, FedEx St. Jude Classic - (05/25-05/28), 2006, 1, 434, 4, 5, 2, 401, 4, 4, 3, 554, 5, 5, 4, 196, 3, 3, 5, 485, 4, 5, 6, 445, 4, 4, 7, 482, 4, 4, 8, 178, 3, 3, 9, 457, 4, 4, 10, 465, 4, 3, 11, 157, 3, 3, 12, 406, 4, 4, 13, 472, 4, 4, 14, 239, 3, 3, 15, 395, 4, 4, 16, 530, 5, 5, 17, 490, 4, 5, 18, 453, 4, 6, 
http://espn.go.com/golf/player/scorecards/_/id/370/year/2006/tournamentId/270/john-riegger, FedEx St. Jude Classic - (05/25-05/28), 2006, 1, 434, 4, 4, 2, 401, 4, 4, 3, 554, 5, 5, 4, 196, 3, 3, 5, 485, 4, 5, 6, 445, 4, 4, 7, 482, 4, 4, 8, 178, 3, 4, 9, 457, 4, 4, 10, 465, 4, 4, 11, 157, 3, 5, 12, 406, 4, 3, 13, 472, 4, 4, 14, 239, 3, 3, 15, 395, 4, 5, 16, 530, 5, 5, 17, 490, 4, 5, 18, 453, 4, 5, 
http://espn.go.com/golf/player/scorecards/_/id/370/year/2006/tournamentId/266/john-riegger, Booz Allen Classic - (06/22-06/25), 2006, 1, 393, 4, 5, 2, 622, 5, 5, 3, 239, 3, 3, 4, 435, 4, 4, 5, 359, 4, 4, 6, 520, 5, 5, 7, 461, 4, 3, 8, 453, 4, 5, 9, 166, 3, 2, 10, 374, 4, 3, 11, 147, 3, 3, 12, 472, 4, 4, 13, 524, 5, 5, 14, 301, 4, 5, 15, 467, 4, 4, 16, 415, 4, 4, 17, 195, 3, 3, 18, 444, 4, 4, 
http://espn.go.com/golf/player/scorecards/_/id/370/year/2006/tournamentId/266/john-riegger, Booz Allen Classic - (06/22-06/25), 2006, 1, 393, 4, 4, 2, 622, 5, 4, 3, 239, 3, 4, 4, 435, 4, 4, 5, 359, 4, 5, 6, 520, 5, 5, 7, 461, 4, 4, 8, 453, 4, 5, 9, 166, 3, 3, 10, 374, 4, 3, 11, 147, 3, 2, 12, 472, 4, 4, 13, 524, 5, 5, 14, 301, 4, 4, 15, 467, 4, 3, 16, 415, 4, 4, 17, 195, 3, 3, 18, 444, 4, 4, 
http://espn.go.com/golf/player/scorecards/_/id/370/year/2006/tournamentId/271/john-riegger, Buick Championship - (06/29-07/02), 2006, 1, 434, 4, 4, 2, 341, 4, 3, 3, 431, 4, 4, 4, 481, 4, 5, 5, 223, 3, 3, 6, 574, 5, 5, 7, 443, 4, 4, 8, 202, 3, 3, 9, 406, 4, 4, 10, 462, 4, 5, 11, 158, 3, 4, 12, 411, 4, 3, 13, 523, 5, 5, 14, 421, 4, 5, 15, 296, 4, 4, 16, 171, 3, 3, 17, 433, 4, 4, 18, 444, 4, 5, 
http://espn.go.com/golf/player/scorecards/_/id/370/year/2006/tournamentId/271/john-riegger, Buick Championship - (06/29-07/02), 2006, 1, 434, 4, 4, 2, 341, 4, 3, 3, 431, 4, 4, 4, 481, 4, 5, 5, 223, 3, 3, 6, 574, 5, 5, 7, 443, 4, 4, 8, 202, 3, 3, 9, 406, 4, 3, 10, 462, 4, 5, 11, 158, 3, 5, 12, 411, 4, 4, 13, 523, 5, 5, 14, 421, 4, 4, 15, 296, 4, 3, 16, 171, 3, 2, 17, 433, 4, 4, 18, 444, 4, 4, 
http://espn.go.com/golf/player/scorecards/_/id/370/year/2006/tournamentId/278/john-riegger, John Deere Classic - (07/13-07/16), 2006, 1, 395, 4, 3, 2, 561, 5, 5, 3, 186, 3, 2, 4, 454, 4, 4, 5, 433, 4, 5, 6, 367, 4, 4, 7, 226, 3, 2, 8, 428, 4, 3, 9, 503, 4, 4, 10, 596, 5, 4, 11, 432, 4, 4, 12, 215, 3, 3, 13, 424, 4, 4, 14, 361, 4, 3, 15, 484, 4, 5, 16, 158, 3, 2, 17, 569, 5, 3, 18, 476, 4, 4, 
http://espn.go.com/golf/player/scorecards/_/id/370/year/2006/tournamentId/278/john-riegger, John Deere Classic - (07/13-07/16), 2006, 1, 395, 4, 2, 2, 561, 5, 5, 3, 186, 3, 5, 4, 454, 4, 4, 5, 433, 4, 4, 6, 367, 4, 3, 7, 226, 3, 4, 8, 428, 4, 4, 9, 503, 4, 4, 10, 596, 5, 5, 11, 432, 4, 4, 12, 215, 3, 3, 13, 424, 4, 4, 14, 361, 4, 4, 15, 484, 4, 4, 16, 158, 3, 3, 17, 569, 5, 4, 18, 476, 4, 3, 
http://espn.go.com/golf/player/scorecards/_/id/370/year/2006/tournamentId/278/john-riegger, John Deere Classic - (07/13-07/16), 2006, 1, 395, 4, 5, 2, 561, 5, 5, 3, 186, 3, 3, 4, 454, 4, 4, 5, 433, 4, 4, 6, 367, 4, 3, 7, 226, 3, 2, 8, 428, 4, 4, 9, 503, 4, 4, 10, 596, 5, 5, 11, 432, 4, 3, 12, 215, 3, 3, 13, 424, 4, 4, 14, 361, 4, 4, 15, 484, 4, 4, 16, 158, 3, 3, 17, 569, 5, 5, 18, 476, 4, 4, 
http://espn.go.com/golf/player/scorecards/_/id/370/year/2006/tournamentId/278/john-riegger, John Deere Classic - (07/13-07/16), 2006, 1, 395, 4, 4, 2, 561, 5, 4, 3, 186, 3, 4, 4, 454, 4, 4, 5, 433, 4, 4, 6, 367, 4, 4, 7, 226, 3, 2, 8, 428, 4, 3, 9, 503, 4, 5, 10, 596, 5, 5, 11, 432, 4, 4, 12, 215, 3, 3, 13, 424, 4, 3, 14, 361, 4, 3, 15, 484, 4, 4, 16, 158, 3, 3, 17, 569, 5, 4, 18, 476, 4, 4, 
http://espn.go.com/golf/player/scorecards/_/id/370/year/2006/tournamentId/279/john-riegger, B.C. Open presented by Turning Stone Resort - (07/20-07/23), 2006, 1, 398, 4, , 2, 447, 4, , 3, 198, 3, , 4, 414, 4, , 5, 550, 5, , 6, 185, 3, , 7, 433, 4, , 8, 576, 5, , 9, 479, 4, , 10, 422, 4, 5, 11, 230, 3, 4, 12, 580, 5, 7, 13, 439, 4, 4, 14, 410, 4, 5, 15, 442, 4, 4, 16, 177, 3, 4, 17, 478, 4, 4, 18, 624, 5, 5, 
http://espn.go.com/golf/player/scorecards/_/id/370/year/2006/tournamentId/279/john-riegger, B.C. Open presented by Turning Stone Resort - (07/20-07/23), 2006, 1, 398, 4, 3, 2, 447, 4, 3, 3, 198, 3, 3, 4, 414, 4, 4, 5, 550, 5, 4, 6, 185, 3, 3, 7, 433, 4, 4, 8, 576, 5, 4, 9, 479, 4, 5, 10, 422, 4, 4, 11, 230, 3, 4, 12, 580, 5, 5, 13, 439, 4, 4, 14, 410, 4, 4, 15, 442, 4, 4, 16, 177, 3, 2, 17, 478, 4, 5, 18, 624, 5, 4, 
http://espn.go.com/golf/player/scorecards/_/id/370/year/2006/tournamentId/276/john-riegger, U.S. Bank Championship in Milwaukee - (07/27-07/30), 2006, 1, 461, 4, 4, 2, 417, 4, 4, 3, 171, 3, 3, 4, 485, 4, 5, 5, 164, 3, 4, 6, 556, 5, 4, 7, 215, 3, 3, 8, 436, 4, 4, 9, 359, 4, 4, 10, 447, 4, 4, 11, 196, 3, 3, 12, 381, 4, 4, 13, 437, 4, 4, 14, 188, 3, 3, 15, 531, 5, 5, 16, 371, 4, 3, 17, 387, 4, 5, 18, 557, 5, 5, 
http://espn.go.com/golf/player/scorecards/_/id/370/year/2006/tournamentId/276/john-riegger, U.S. Bank Championship in Milwaukee - (07/27-07/30), 2006, 1, 461, 4, 4, 2, 417, 4, 4, 3, 171, 3, 3, 4, 485, 4, 4, 5, 164, 3, 3, 6, 556, 5, 5, 7, 215, 3, 3, 8, 436, 4, 3, 9, 359, 4, 3, 10, 447, 4, 3, 11, 196, 3, 3, 12, 381, 4, 4, 13, 437, 4, 5, 14, 188, 3, 3, 15, 531, 5, 4, 16, 371, 4, 4, 17, 387, 4, 3, 18, 557, 5, 4, 
http://espn.go.com/golf/player/scorecards/_/id/370/year/2006/tournamentId/276/john-riegger, U.S. Bank Championship in Milwaukee - (07/27-07/30), 2006, 1, 461, 4, 4, 2, 417, 4, 4, 3, 171, 3, 3, 4, 485, 4, 4, 5, 164, 3, 4, 6, 556, 5, 6, 7, 215, 3, 4, 8, 436, 4, 3, 9, 359, 4, 5, 10, 447, 4, 3, 11, 196, 3, 4, 12, 381, 4, 3, 13, 437, 4, 4, 14, 188, 3, 2, 15, 531, 5, 4, 16, 371, 4, 4, 17, 387, 4, 4, 18, 557, 5, 6, 
http://espn.go.com/golf/player/scorecards/_/id/370/year/2006/tournamentId/276/john-riegger, U.S. Bank Championship in Milwaukee - (07/27-07/30), 2006, 1, 461, 4, 4, 2, 417, 4, 4, 3, 171, 3, 3, 4, 485, 4, 3, 5, 164, 3, 3, 6, 556, 5, 4, 7, 215, 3, 2, 8, 436, 4, 4, 9, 359, 4, 4, 10, 447, 4, 4, 11, 196, 3, 2, 12, 381, 4, 4, 13, 437, 4, 4, 14, 188, 3, 3, 15, 531, 5, 5, 16, 371, 4, 5, 17, 387, 4, 4, 18, 557, 5, 4, 
http://espn.go.com/golf/player/scorecards/_/id/370/year/2006/tournamentId/273/john-riegger, Buick Open - (08/03-08/06), 2006, 1, 567, 5, 5, 2, 431, 4, 5, 3, 187, 3, 4, 4, 401, 4, 4, 5, 437, 4, 4, 6, 421, 4, 4, 7, 584, 5, 5, 8, 199, 3, 3, 9, 434, 4, 4, 10, 401, 4, 4, 11, 190, 3, 4, 12, 340, 4, 5, 13, 544, 5, 4, 14, 322, 4, 4, 15, 457, 4, 4, 16, 580, 5, 4, 17, 197, 3, 4, 18, 435, 4, 4, 
http://espn.go.com/golf/player/scorecards/_/id/370/year/2006/tournamentId/273/john-riegger, Buick Open - (08/03-08/06), 2006, 1, 567, 5, 4, 2, 431, 4, 5, 3, 187, 3, 3, 4, 401, 4, 5, 5, 437, 4, 4, 6, 421, 4, 4, 7, 584, 5, 5, 8, 199, 3, 3, 9, 434, 4, 4, 10, 401, 4, 4, 11, 190, 3, 2, 12, 340, 4, 4, 13, 544, 5, 4, 14, 322, 4, 4, 15, 457, 4, 4, 16, 580, 5, 5, 17, 197, 3, 4, 18, 435, 4, 4, 
http://espn.go.com/golf/player/scorecards/_/id/370/year/2006/tournamentId/273/john-riegger, Buick Open - (08/03-08/06), 2006, 1, 567, 5, 5, 2, 431, 4, 4, 3, 187, 3, 3, 4, 401, 4, 3, 5, 437, 4, 3, 6, 421, 4, 4, 7, 584, 5, 5, 8, 199, 3, 4, 9, 434, 4, 4, 10, 401, 4, 4, 11, 190, 3, 3, 12, 340, 4, 4, 13, 544, 5, 6, 14, 322, 4, 4, 15, 457, 4, 5, 16, 580, 5, 4, 17, 197, 3, 3, 18, 435, 4, 4, 
http://espn.go.com/golf/player/scorecards/_/id/370/year/2006/tournamentId/273/john-riegger, Buick Open - (08/03-08/06), 2006, 1, 567, 5, 5, 2, 431, 4, 4, 3, 187, 3, 3, 4, 401, 4, 4, 5, 437, 4, 4, 6, 421, 4, 3, 7, 584, 5, 5, 8, 199, 3, 4, 9, 434, 4, 3, 10, 401, 4, 5, 11, 190, 3, 2, 12, 340, 4, 4, 13, 544, 5, 5, 14, 322, 4, 3, 15, 457, 4, 4, 16, 580, 5, 4, 17, 197, 3, 3, 18, 435, 4, 4, 
http://espn.go.com/golf/player/scorecards/_/id/370/year/2006/tournamentId/281/john-riegger, Reno-Tahoe Open - (08/24-08/27), 2006, 1, 494, 4, 4, 2, 584, 5, 3, 3, 186, 3, 4, 4, 355, 4, 5, 5, 491, 4, 4, 6, 477, 4, 3, 7, 183, 3, 4, 8, 636, 5, 4, 9, 429, 4, 6, 10, 413, 4, 4, 11, 171, 3, 6, 12, 429, 4, 3, 13, 518, 5, 5, 14, 367, 4, 5, 15, 439, 4, 4, 16, 220, 3, 3, 17, 464, 4, 5, 18, 616, 5, 5, 
http://espn.go.com/golf/player/scorecards/_/id/370/year/2006/tournamentId/281/john-riegger, Reno-Tahoe Open - (08/24-08/27), 2006, 1, 494, 4, 4, 2, 584, 5, 4, 3, 186, 3, 4, 4, 355, 4, 4, 5, 491, 4, 6, 6, 477, 4, 5, 7, 183, 3, 3, 8, 636, 5, 5, 9, 429, 4, 4, 10, 413, 4, 4, 11, 171, 3, 5, 12, 429, 4, 3, 13, 518, 5, 4, 14, 367, 4, 5, 15, 439, 4, 3, 16, 220, 3, 3, 17, 464, 4, 5, 18, 616, 5, 4, 
http://espn.go.com/golf/player/scorecards/_/id/370/year/2006/tournamentId/283/john-riegger, Deutsche Bank Championship - (09/01-09/04), 2006, 1, 365, 4, 4, 2, 542, 5, 4, 3, 208, 3, 4, 4, 298, 4, 3, 5, 466, 4, 4, 6, 465, 4, 3, 7, 600, 5, 6, 8, 213, 3, 3, 9, 472, 4, 4, 10, 425, 4, 5, 11, 231, 3, 3, 12, 461, 4, 5, 13, 451, 4, 4, 14, 495, 4, 4, 15, 421, 4, 5, 16, 161, 3, 3, 17, 412, 4, 4, 18, 530, 5, 5, 
http://espn.go.com/golf/player/scorecards/_/id/370/year/2006/tournamentId/283/john-riegger, Deutsche Bank Championship - (09/01-09/04), 2006, 1, 365, 4, 4, 2, 542, 5, 6, 3, 208, 3, 3, 4, 298, 4, 3, 5, 466, 4, 4, 6, 465, 4, 4, 7, 600, 5, 5, 8, 213, 3, 3, 9, 472, 4, 4, 10, 425, 4, 4, 11, 231, 3, 3, 12, 461, 4, 4, 13, 451, 4, 6, 14, 495, 4, 4, 15, 421, 4, 4, 16, 161, 3, 4, 17, 412, 4, 3, 18, 530, 5, 5, 
http://espn.go.com/golf/player/scorecards/_/id/370/year/2006/tournamentId/283/john-riegger, Deutsche Bank Championship - (09/01-09/04), 2006, 1, 365, 4, 5, 2, 542, 5, 6, 3, 208, 3, 3, 4, 298, 4, 4, 5, 466, 4, 4, 6, 465, 4, 4, 7, 600, 5, 4, 8, 213, 3, 3, 9, 472, 4, 5, 10, 425, 4, 4, 11, 231, 3, 3, 12, 461, 4, 3, 13, 451, 4, 4, 14, 495, 4, 4, 15, 421, 4, 4, 16, 161, 3, 3, 17, 412, 4, 3, 18, 530, 5, 4, 
http://espn.go.com/golf/player/scorecards/_/id/370/year/2006/tournamentId/283/john-riegger, Deutsche Bank Championship - (09/01-09/04), 2006, 1, 365, 4, 4, 2, 542, 5, 5, 3, 208, 3, 3, 4, 298, 4, 4, 5, 466, 4, 4, 6, 465, 4, 4, 7, 600, 5, 5, 8, 213, 3, 3, 9, 472, 4, 5, 10, 425, 4, 5, 11, 231, 3, 3, 12, 461, 4, 3, 13, 451, 4, 3, 14, 495, 4, 5, 15, 421, 4, 5, 16, 161, 3, 3, 17, 412, 4, 4, 18, 530, 5, 5, 
http://espn.go.com/golf/player/scorecards/_/id/370/year/2006/tournamentId/287/john-riegger, Valero Texas Open - (09/21-09/24), 2006, 1, 665, 5, 6, 2, 448, 4, 5, 3, 202, 3, 3, 4, 444, 4, 4, 5, 494, 4, 5, 6, 162, 3, 2, 7, 316, 4, 5, 8, 361, 4, 4, 9, 380, 4, 4, 10, 460, 4, 3, 11, 427, 4, 3, 12, 415, 4, 4, 13, 142, 3, 4, 14, 527, 5, 5, 15, 446, 4, 5, 16, 380, 4, 4, 17, 186, 3, 3, 18, 426, 4, 6, 
http://espn.go.com/golf/player/scorecards/_/id/370/year/2006/tournamentId/285/john-riegger, Southern Farm Bureau Classic - (09/28-10/01), 2006, 1, 385, 4, 5, 2, 213, 3, 5, 3, 406, 4, 3, 4, 465, 4, 4, 5, 522, 5, 4, 6, 424, 4, 4, 7, 556, 5, 5, 8, 209, 3, 4, 9, 450, 4, 4, 10, 410, 4, 3, 11, 579, 5, 5, 12, 171, 3, 4, 13, 414, 4, 4, 14, 473, 4, 3, 15, 176, 3, 3, 16, 408, 4, 3, 17, 409, 4, 4, 18, 532, 5, 4, 
http://espn.go.com/golf/player/scorecards/_/id/370/year/2006/tournamentId/285/john-riegger, Southern Farm Bureau Classic - (09/28-10/01), 2006, 1, 385, 4, 4, 2, 213, 3, 4, 3, 406, 4, 4, 4, 465, 4, 4, 5, 522, 5, 5, 6, 424, 4, 5, 7, 556, 5, 5, 8, 209, 3, 3, 9, 450, 4, 4, 10, 410, 4, 4, 11, 579, 5, 4, 12, 171, 3, 4, 13, 414, 4, 4, 14, 473, 4, 4, 15, 176, 3, 3, 16, 408, 4, 5, 17, 409, 4, 4, 18, 532, 5, 5, 
http://espn.go.com/golf/player/scorecards/_/id/370/year/2008/tournamentId/418/john-riegger, Sony Open in Hawaii - (01/10-01/13), 2008, 1, 480, 4, 4, 2, 423, 4, 5, 3, 422, 4, 4, 4, 204, 3, 4, 5, 467, 4, 4, 6, 460, 4, 5, 7, 176, 3, 3, 8, 454, 4, 4, 9, 506, 5, 5, 10, 351, 4, 5, 11, 194, 3, 3, 12, 440, 4, 6, 13, 477, 4, 4, 14, 430, 4, 5, 15, 398, 4, 4, 16, 417, 4, 4, 17, 194, 3, 3, 18, 551, 5, 4, 
http://espn.go.com/golf/player/scorecards/_/id/370/year/2008/tournamentId/418/john-riegger, Sony Open in Hawaii - (01/10-01/13), 2008, 1, 480, 4, 5, 2, 423, 4, 4, 3, 422, 4, 4, 4, 204, 3, 3, 5, 467, 4, 4, 6, 460, 4, 5, 7, 176, 3, 3, 8, 454, 4, 5, 9, 506, 5, 4, 10, 351, 4, 4, 11, 194, 3, 4, 12, 440, 4, 4, 13, 477, 4, 5, 14, 430, 4, 4, 15, 398, 4, 4, 16, 417, 4, 4, 17, 194, 3, 3, 18, 551, 5, 5, 
http://espn.go.com/golf/player/scorecards/_/id/370/year/2008/tournamentId/418/john-riegger, Sony Open in Hawaii - (01/10-01/13), 2008, 1, 480, 4, 5, 2, 423, 4, 4, 3, 422, 4, 4, 4, 204, 3, 4, 5, 467, 4, 3, 6, 460, 4, 5, 7, 176, 3, 3, 8, 454, 4, 3, 9, 506, 5, 5, 10, 351, 4, 3, 11, 194, 3, 3, 12, 440, 4, 3, 13, 477, 4, 5, 14, 430, 4, 5, 15, 398, 4, 3, 16, 417, 4, 3, 17, 194, 3, 3, 18, 551, 5, 5, 
http://espn.go.com/golf/player/scorecards/_/id/370/year/2008/tournamentId/416/john-riegger, AT&T Pebble Beach National Pro-Am - (02/07-02/10), 2008, 1, 381, 4, 4, 2, 502, 5, 5, 3, 390, 4, 4, 4, 331, 4, 4, 5, 188, 3, 4, 6, 513, 5, 5, 7, 106, 3, 2, 8, 418, 4, 4, 9, 466, 4, 5, 10, 446, 4, 4, 11, 380, 4, 3, 12, 202, 3, 4, 13, 399, 4, 4, 14, 573, 5, 5, 15, 397, 4, 4, 16, 403, 4, 5, 17, 178, 3, 3, 18, 543, 5, 5, 
http://espn.go.com/golf/player/scorecards/_/id/370/year/2008/tournamentId/416/john-riegger, AT&T Pebble Beach National Pro-Am - (02/07-02/10), 2008, 1, 595, 5, 4, 2, 349, 4, 4, 3, 165, 3, 3, 4, 370, 4, 3, 5, 197, 3, 3, 6, 446, 4, 4, 7, 529, 5, 6, 8, 399, 4, 4, 9, 431, 4, 4, 10, 407, 4, 4, 11, 528, 5, 4, 12, 178, 3, 3, 13, 460, 4, 5, 14, 560, 5, 4, 15, 130, 3, 3, 16, 476, 4, 4, 17, 325, 4, 5, 18, 408, 4, 3, 
http://espn.go.com/golf/player/scorecards/_/id/370/year/2008/tournamentId/416/john-riegger, AT&T Pebble Beach National Pro-Am - (02/07-02/10), 2008, 1, 413, 4, 4, 2, 172, 3, 4, 3, 406, 4, 4, 4, 603, 5, 5, 5, 428, 4, 4, 6, 180, 3, 3, 7, 395, 4, 4, 8, 383, 4, 3, 9, 555, 5, 4, 10, 516, 5, 6, 11, 210, 3, 3, 12, 531, 5, 3, 13, 396, 4, 3, 14, 415, 4, 4, 15, 230, 3, 3, 16, 439, 4, 4, 17, 170, 3, 3, 18, 502, 5, 6, 
http://espn.go.com/golf/player/scorecards/_/id/370/year/2008/tournamentId/418/john-riegger, Sony Open in Hawaii - (01/10-01/13), 2008, 1, 480, 4, 4, 2, 423, 4, 4, 3, 422, 4, 4, 4, 204, 3, 3, 5, 467, 4, 4, 6, 460, 4, 4, 7, 176, 3, 3, 8, 454, 4, 4, 9, 506, 5, 3, 10, 351, 4, 4, 11, 194, 3, 3, 12, 440, 4, 4, 13, 477, 4, 4, 14, 430, 4, 4, 15, 398, 4, 4, 16, 417, 4, 5, 17, 194, 3, 2, 18, 551, 5, 4, 
http://espn.go.com/golf/player/scorecards/_/id/370/year/2008/tournamentId/416/john-riegger, AT&T Pebble Beach National Pro-Am - (02/07-02/10), 2008, 1, 381, 4, 5, 2, 502, 5, 4, 3, 390, 4, 4, 4, 331, 4, 3, 5, 188, 3, 3, 6, 513, 5, 4, 7, 106, 3, 3, 8, 418, 4, 4, 9, 466, 4, 4, 10, 446, 4, 4, 11, 380, 4, 4, 12, 202, 3, 3, 13, 399, 4, 4, 14, 573, 5, 4, 15, 397, 4, 4, 16, 403, 4, 6, 17, 178, 3, 4, 18, 543, 5, 5, 
http://espn.go.com/golf/player/scorecards/_/id/370/year/2008/tournamentId/454/john-riegger, Mayakoba Golf Classic at Riviera Maya-Cancun - (02/21-02/24), 2008, 1, 438, 4, 4, 2, 428, 4, 4, 3, 389, 4, 4, 4, 116, 3, 4, 5, 554, 5, 5, 6, 416, 4, 4, 7, 554, 5, 3, 8, 151, 3, 6, 9, 462, 4, 4, 10, 200, 3, 3, 11, 360, 4, 4, 12, 451, 4, 4, 13, 532, 5, 5, 14, 452, 4, 4, 15, 155, 3, 3, 16, 485, 4, 4, 17, 386, 4, 5, 18, 458, 4, 5, 
http://espn.go.com/golf/player/scorecards/_/id/370/year/2008/tournamentId/454/john-riegger, Mayakoba Golf Classic at Riviera Maya-Cancun - (02/21-02/24), 2008, 1, 438, 4, 5, 2, 428, 4, 3, 3, 389, 4, 4, 4, 116, 3, 5, 5, 554, 5, 6, 6, 416, 4, 4, 7, 554, 5, 2, 8, 151, 3, 4, 9, 462, 4, 4, 10, 200, 3, 5, 11, 360, 4, 3, 12, 451, 4, 4, 13, 532, 5, 4, 14, 452, 4, 4, 15, 155, 3, 3, 16, 485, 4, 4, 17, 386, 4, 3, 18, 458, 4, 5, 
http://espn.go.com/golf/player/scorecards/_/id/370/year/2008/tournamentId/420/john-riegger, The Honda Classic - (02/28-03/02), 2008, 1, 365, 4, 4, 2, 464, 4, 4, 3, 538, 5, 4, 4, 376, 4, 4, 5, 217, 3, 4, 6, 479, 4, 4, 7, 226, 3, 3, 8, 427, 4, 4, 9, 421, 4, 6, 10, 508, 4, 4, 11, 450, 4, 4, 12, 427, 4, 3, 13, 388, 4, 5, 14, 465, 4, 6, 15, 179, 3, 3, 16, 434, 4, 4, 17, 190, 3, 5, 18, 556, 5, 5, 
http://espn.go.com/golf/player/scorecards/_/id/370/year/2008/tournamentId/420/john-riegger, The Honda Classic - (02/28-03/02), 2008, 1, 365, 4, 3, 2, 464, 4, 6, 3, 538, 5, 5, 4, 376, 4, 4, 5, 217, 3, 3, 6, 479, 4, 3, 7, 226, 3, 3, 8, 427, 4, 4, 9, 421, 4, 5, 10, 508, 4, 4, 11, 450, 4, 4, 12, 427, 4, 4, 13, 388, 4, 4, 14, 465, 4, 4, 15, 179, 3, 3, 16, 434, 4, 4, 17, 190, 3, 3, 18, 556, 5, 6, 
http://espn.go.com/golf/player/scorecards/_/id/370/year/2008/tournamentId/459/john-riegger, Puerto Rico Open presented by Banco Popular - (03/20-03/23), 2008, 1, 447, 4, 4, 2, 547, 5, 5, 3, 386, 4, 3, 4, 455, 4, 4, 5, 535, 5, 5, 6, 203, 3, 3, 7, 448, 4, 5, 8, 236, 3, 4, 9, 450, 4, 4, 10, 430, 4, 5, 11, 192, 3, 4, 12, 465, 4, 4, 13, 410, 4, 5, 14, 459, 4, 5, 15, 600, 5, 6, 16, 202, 3, 3, 17, 411, 4, 5, 18, 630, 5, 5, 
http://espn.go.com/golf/player/scorecards/_/id/370/year/2008/tournamentId/459/john-riegger, Puerto Rico Open presented by Banco Popular - (03/20-03/23), 2008, 1, 447, 4, 5, 2, 547, 5, 5, 3, 386, 4, 4, 4, 455, 4, 4, 5, 535, 5, 5, 6, 203, 3, 4, 7, 448, 4, 4, 8, 236, 3, 3, 9, 450, 4, 5, 10, 430, 4, 3, 11, 192, 3, 3, 12, 465, 4, 4, 13, 410, 4, 4, 14, 459, 4, 3, 15, 600, 5, 5, 16, 202, 3, 3, 17, 411, 4, 3, 18, 630, 5, 5, 
http://espn.go.com/golf/player/scorecards/_/id/370/year/2008/tournamentId/459/john-riegger, Puerto Rico Open presented by Banco Popular - (03/20-03/23), 2008, 1, 447, 4, 3, 2, 547, 5, 5, 3, 386, 4, 4, 4, 455, 4, 4, 5, 535, 5, 4, 6, 203, 3, 3, 7, 448, 4, 5, 8, 236, 3, 3, 9, 450, 4, 4, 10, 430, 4, 3, 11, 192, 3, 4, 12, 465, 4, 4, 13, 410, 4, 3, 14, 459, 4, 4, 15, 600, 5, 5, 16, 202, 3, 4, 17, 411, 4, 4, 18, 630, 5, 4, 
http://espn.go.com/golf/player/scorecards/_/id/370/year/2008/tournamentId/459/john-riegger, Puerto Rico Open presented by Banco Popular - (03/20-03/23), 2008, 1, 447, 4, 4, 2, 547, 5, 3, 3, 386, 4, 4, 4, 455, 4, 4, 5, 535, 5, 5, 6, 203, 3, 3, 7, 448, 4, 4, 8, 236, 3, 3, 9, 450, 4, 4, 10, 430, 4, 4, 11, 192, 3, 3, 12, 465, 4, 4, 13, 410, 4, 4, 14, 459, 4, 5, 15, 600, 5, 6, 16, 202, 3, 3, 17, 411, 4, 4, 18, 630, 5, 4, 
http://espn.go.com/golf/player/scorecards/_/id/370/year/2008/tournamentId/422/john-riegger, Zurich Classic of New Orleans - (03/27-03/30), 2008, 1, 399, 4, 4, 2, 548, 5, 5, 3, 221, 3, 3, 4, 482, 4, 4, 5, 438, 4, 5, 6, 476, 4, 4, 7, 561, 5, 5, 8, 372, 4, 4, 9, 207, 3, 3, 10, 390, 4, 4, 11, 575, 5, 4, 12, 492, 4, 4, 13, 403, 4, 4, 14, 216, 3, 3, 15, 490, 4, 4, 16, 355, 4, 4, 17, 215, 3, 3, 18, 585, 5, 5, 
http://espn.go.com/golf/player/scorecards/_/id/370/year/2008/tournamentId/422/john-riegger, Zurich Classic of New Orleans - (03/27-03/30), 2008, 1, 399, 4, 4, 2, 548, 5, 6, 3, 221, 3, 3, 4, 482, 4, 4, 5, 438, 4, 4, 6, 476, 4, 6, 7, 561, 5, 4, 8, 372, 4, 4, 9, 207, 3, 3, 10, 390, 4, 4, 11, 575, 5, 5, 12, 492, 4, 4, 13, 403, 4, 4, 14, 216, 3, 3, 15, 490, 4, 4, 16, 355, 4, 4, 17, 215, 3, 3, 18, 585, 5, 5, 
http://espn.go.com/golf/player/scorecards/_/id/370/year/2008/tournamentId/428/john-riegger, Shell Houston Open - (04/03-04/06), 2008, 1, 397, 4, 5, 2, 429, 4, 3, 3, 398, 4, 4, 4, 566, 5, 6, 5, 480, 4, 4, 6, 464, 4, 5, 7, 174, 3, 3, 8, 557, 5, 6, 9, 238, 3, 4, 10, 380, 4, 3, 11, 441, 4, 4, 12, 338, 4, 4, 13, 590, 5, 5, 14, 216, 3, 3, 15, 608, 5, 5, 16, 188, 3, 3, 17, 489, 4, 5, 18, 488, 4, 4, 
http://espn.go.com/golf/player/scorecards/_/id/370/year/2008/tournamentId/428/john-riegger, Shell Houston Open - (04/03-04/06), 2008, 1, 397, 4, 4, 2, 429, 4, 4, 3, 398, 4, 4, 4, 566, 5, 4, 5, 480, 4, 4, 6, 464, 4, 5, 7, 174, 3, 4, 8, 557, 5, 4, 9, 238, 3, 3, 10, 380, 4, 4, 11, 441, 4, 3, 12, 338, 4, 4, 13, 590, 5, 4, 14, 216, 3, 3, 15, 608, 5, 5, 16, 188, 3, 2, 17, 489, 4, 4, 18, 488, 4, 4, 
http://espn.go.com/golf/player/scorecards/_/id/370/year/2008/tournamentId/428/john-riegger, Shell Houston Open - (04/03-04/06), 2008, 1, 397, 4, 3, 2, 429, 4, 4, 3, 398, 4, 4, 4, 566, 5, 4, 5, 480, 4, 4, 6, 464, 4, 4, 7, 174, 3, 3, 8, 557, 5, 5, 9, 238, 3, 3, 10, 380, 4, 4, 11, 441, 4, 4, 12, 338, 4, 4, 13, 590, 5, 5, 14, 216, 3, 3, 15, 608, 5, 4, 16, 188, 3, 3, 17, 489, 4, 5, 18, 488, 4, 4, 
http://espn.go.com/golf/player/scorecards/_/id/370/year/2008/tournamentId/428/john-riegger, Shell Houston Open - (04/03-04/06), 2008, 1, 397, 4, 3, 2, 429, 4, 4, 3, 398, 4, 5, 4, 566, 5, 4, 5, 480, 4, 4, 6, 464, 4, 4, 7, 174, 3, 3, 8, 557, 5, 5, 9, 238, 3, 3, 10, 380, 4, 4, 11, 441, 4, 4, 12, 338, 4, 4, 13, 590, 5, 5, 14, 216, 3, 4, 15, 608, 5, 4, 16, 188, 3, 3, 17, 489, 4, 4, 18, 488, 4, 4, 
http://espn.go.com/golf/player/scorecards/_/id/370/year/2008/tournamentId/426/john-riegger, Verizon Heritage - (04/17-04/20), 2008, 1, 410, 4, 5, 2, 502, 5, 5, 3, 469, 4, 5, 4, 200, 3, 4, 5, 540, 5, 4, 6, 419, 4, 4, 7, 195, 3, 3, 8, 473, 4, 4, 9, 332, 4, 4, 10, 451, 4, 5, 11, 436, 4, 4, 12, 430, 4, 4, 13, 373, 4, 4, 14, 192, 3, 3, 15, 588, 5, 5, 16, 434, 4, 4, 17, 185, 3, 4, 18, 472, 4, 3, 
http://espn.go.com/golf/player/scorecards/_/id/370/year/2008/tournamentId/426/john-riegger, Verizon Heritage - (04/17-04/20), 2008, 1, 410, 4, 4, 2, 502, 5, 5, 3, 469, 4, 4, 4, 200, 3, 4, 5, 540, 5, 4, 6, 419, 4, 4, 7, 195, 3, 3, 8, 473, 4, 4, 9, 332, 4, 4, 10, 451, 4, 4, 11, 436, 4, 4, 12, 430, 4, 4, 13, 373, 4, 4, 14, 192, 3, 3, 15, 588, 5, 5, 16, 434, 4, 5, 17, 185, 3, 3, 18, 472, 4, 5, 
http://espn.go.com/golf/player/scorecards/_/id/370/year/2008/tournamentId/429/john-riegger, EDS Byron Nelson Championship - (04/24-04/27), 2008, 1, 458, 4, 5, 2, 221, 3, 3, 3, 528, 4, 5, 4, 431, 4, 3, 5, 174, 3, 3, 6, 448, 4, 5, 7, 542, 5, 5, 8, 461, 4, 4, 9, 427, 4, 4, 10, 435, 4, 4, 11, 323, 4, 5, 12, 455, 4, 4, 13, 180, 3, 2, 14, 406, 4, 5, 15, 504, 4, 5, 16, 546, 5, 5, 17, 198, 3, 3, 18, 429, 4, 5, 
http://espn.go.com/golf/player/scorecards/_/id/370/year/2008/tournamentId/429/john-riegger, EDS Byron Nelson Championship - (04/24-04/27), 2008, 1, 458, 4, 4, 2, 221, 3, 4, 3, 528, 4, 4, 4, 431, 4, 5, 5, 174, 3, 3, 6, 448, 4, 4, 7, 542, 5, 5, 8, 461, 4, 4, 9, 427, 4, 4, 10, 435, 4, 4, 11, 323, 4, 4, 12, 455, 4, 5, 13, 180, 3, 4, 14, 406, 4, 5, 15, 504, 4, 4, 16, 546, 5, 4, 17, 198, 3, 3, 18, 429, 4, 4, 
http://espn.go.com/golf/player/scorecards/_/id/370/year/2008/tournamentId/424/john-riegger, AT&T Classic - (05/15-05/18), 2008, 1, 434, 4, 4, 2, 144, 3, 3, 3, 389, 4, 4, 4, 558, 5, 5, 5, 441, 4, 4, 6, 569, 5, 5, 7, 458, 4, 3, 8, 248, 3, 3, 9, 472, 4, 4, 10, 628, 5, 5, 11, 189, 3, 2, 12, 434, 4, 4, 13, 310, 4, 4, 14, 453, 4, 4, 15, 406, 4, 4, 16, 179, 3, 2, 17, 455, 4, 4, 18, 544, 5, 9, 
http://espn.go.com/golf/player/scorecards/_/id/370/year/2008/tournamentId/424/john-riegger, AT&T Classic - (05/15-05/18), 2008, 1, 434, 4, 4, 2, 144, 3, 3, 3, 389, 4, 4, 4, 558, 5, 5, 5, 441, 4, 4, 6, 569, 5, 6, 7, 458, 4, 5, 8, 248, 3, 3, 9, 472, 4, 4, 10, 628, 5, 4, 11, 189, 3, 3, 12, 434, 4, 4, 13, 310, 4, 4, 14, 453, 4, 4, 15, 406, 4, 4, 16, 179, 3, 2, 17, 455, 4, 5, 18, 544, 5, 5, 
http://espn.go.com/golf/player/scorecards/_/id/370/year/2008/tournamentId/434/john-riegger, Stanford St. Jude Championship - (06/05-06/08), 2008, 1, 434, 4, 5, 2, 401, 4, 4, 3, 554, 5, 4, 4, 196, 3, 4, 5, 485, 4, 4, 6, 445, 4, 5, 7, 482, 4, 4, 8, 178, 3, 3, 9, 457, 4, 4, 10, 465, 4, 4, 11, 157, 3, 3, 12, 406, 4, 4, 13, 472, 4, 4, 14, 239, 3, 4, 15, 395, 4, 4, 16, 530, 5, 5, 17, 490, 4, 4, 18, 453, 4, 4, 
http://espn.go.com/golf/player/scorecards/_/id/370/year/2008/tournamentId/434/john-riegger, Stanford St. Jude Championship - (06/05-06/08), 2008, 1, 434, 4, 3, 2, 401, 4, 4, 3, 554, 5, 4, 4, 196, 3, 5, 5, 485, 4, 5, 6, 445, 4, 4, 7, 482, 4, 5, 8, 178, 3, 3, 9, 457, 4, 4, 10, 465, 4, 4, 11, 157, 3, 3, 12, 406, 4, 5, 13, 472, 4, 5, 14, 239, 3, 4, 15, 395, 4, 4, 16, 530, 5, 4, 17, 490, 4, 5, 18, 453, 4, 4, 
http://espn.go.com/golf/player/scorecards/_/id/370/year/2008/tournamentId/435/john-riegger, Travelers Championship - (06/19-06/22), 2008, 1, 434, 4, 4, 2, 341, 4, 3, 3, 431, 4, 4, 4, 481, 4, 4, 5, 223, 3, 4, 6, 574, 5, 5, 7, 443, 4, 4, 8, 202, 3, 3, 9, 406, 4, 4, 10, 462, 4, 5, 11, 158, 3, 2, 12, 411, 4, 4, 13, 523, 5, 4, 14, 421, 4, 4, 15, 296, 4, 4, 16, 171, 3, 4, 17, 433, 4, 4, 18, 444, 4, 4, 
http://espn.go.com/golf/player/scorecards/_/id/370/year/2008/tournamentId/435/john-riegger, Travelers Championship - (06/19-06/22), 2008, 1, 434, 4, 4, 2, 341, 4, 5, 3, 431, 4, 3, 4, 481, 4, 5, 5, 223, 3, 3, 6, 574, 5, 4, 7, 443, 4, 3, 8, 202, 3, 4, 9, 406, 4, 4, 10, 462, 4, 4, 11, 158, 3, 3, 12, 411, 4, 5, 13, 523, 5, 4, 14, 421, 4, 4, 15, 296, 4, 4, 16, 171, 3, 3, 17, 433, 4, 3, 18, 444, 4, 4, 
http://espn.go.com/golf/player/scorecards/_/id/370/year/2008/tournamentId/438/john-riegger, Buick Open - (06/26-06/29), 2008, 1, 567, 5, 4, 2, 431, 4, 5, 3, 187, 3, 3, 4, 401, 4, 4, 5, 437, 4, 4, 6, 421, 4, 4, 7, 584, 5, 5, 8, 199, 3, 3, 9, 434, 4, 3, 10, 401, 4, 4, 11, 190, 3, 3, 12, 340, 4, 4, 13, 544, 5, 5, 14, 322, 4, 4, 15, 457, 4, 5, 16, 580, 5, 4, 17, 197, 3, 3, 18, 435, 4, 5, 
http://espn.go.com/golf/player/scorecards/_/id/370/year/2008/tournamentId/438/john-riegger, Buick Open - (06/26-06/29), 2008, 1, 567, 5, 4, 2, 431, 4, 4, 3, 187, 3, 4, 4, 401, 4, 3, 5, 437, 4, 5, 6, 421, 4, 3, 7, 584, 5, 5, 8, 199, 3, 3, 9, 434, 4, 5, 10, 401, 4, 4, 11, 190, 3, 3, 12, 340, 4, 4, 13, 544, 5, 5, 14, 322, 4, 4, 15, 457, 4, 4, 16, 580, 5, 4, 17, 197, 3, 3, 18, 435, 4, 4, 
http://espn.go.com/golf/player/scorecards/_/id/370/year/2008/tournamentId/443/john-riegger, John Deere Classic - (07/10-07/13), 2008, 1, 395, 4, 3, 2, 561, 5, 4, 3, 186, 3, 4, 4, 454, 4, 5, 5, 433, 4, 5, 6, 367, 4, 6, 7, 226, 3, 2, 8, 428, 4, 4, 9, 503, 4, 4, 10, 596, 5, 6, 11, 432, 4, 4, 12, 215, 3, 2, 13, 424, 4, 4, 14, 361, 4, 3, 15, 484, 4, 3, 16, 158, 3, 2, 17, 569, 5, 5, 18, 476, 4, 5, 
http://espn.go.com/golf/player/scorecards/_/id/370/year/2008/tournamentId/443/john-riegger, John Deere Classic - (07/10-07/13), 2008, 1, 395, 4, 4, 2, 561, 5, 4, 3, 186, 3, 3, 4, 454, 4, 4, 5, 433, 4, 4, 6, 367, 4, 4, 7, 226, 3, 3, 8, 428, 4, 3, 9, 503, 4, 4, 10, 596, 5, 5, 11, 432, 4, 5, 12, 215, 3, 3, 13, 424, 4, 4, 14, 361, 4, 4, 15, 484, 4, 4, 16, 158, 3, 3, 17, 569, 5, 3, 18, 476, 4, 4, 
http://espn.go.com/golf/player/scorecards/_/id/370/year/2008/tournamentId/443/john-riegger, John Deere Classic - (07/10-07/13), 2008, 1, 395, 4, 3, 2, 561, 5, 3, 3, 186, 3, 3, 4, 454, 4, 4, 5, 433, 4, 3, 6, 367, 4, 4, 7, 226, 3, 3, 8, 428, 4, 4, 9, 503, 4, 4, 10, 596, 5, 4, 11, 432, 4, 5, 12, 215, 3, 3, 13, 424, 4, 4, 14, 361, 4, 4, 15, 484, 4, 4, 16, 158, 3, 2, 17, 569, 5, 5, 18, 476, 4, 5, 
http://espn.go.com/golf/player/scorecards/_/id/370/year/2008/tournamentId/443/john-riegger, John Deere Classic - (07/10-07/13), 2008, 1, 395, 4, 5, 2, 561, 5, 4, 3, 186, 3, 3, 4, 454, 4, 4, 5, 433, 4, 3, 6, 367, 4, 3, 7, 226, 3, 3, 8, 428, 4, 4, 9, 503, 4, 5, 10, 596, 5, 5, 11, 432, 4, 4, 12, 215, 3, 3, 13, 424, 4, 4, 14, 361, 4, 4, 15, 484, 4, 4, 16, 158, 3, 2, 17, 569, 5, 4, 18, 476, 4, 4, 
http://espn.go.com/golf/player/scorecards/_/id/370/year/2008/tournamentId/441/john-riegger, U.S. Bank Championship in Milwaukee - (07/17-07/20), 2008, 1, 461, 4, 4, 2, 417, 4, 3, 3, 171, 3, 3, 4, 485, 4, 5, 5, 164, 3, 3, 6, 556, 5, 5, 7, 215, 3, 3, 8, 436, 4, 3, 9, 359, 4, 3, 10, 447, 4, 4, 11, 196, 3, 3, 12, 381, 4, 4, 13, 437, 4, 4, 14, 188, 3, 3, 15, 531, 5, 5, 16, 371, 4, 4, 17, 387, 4, 5, 18, 557, 5, 6, 
http://espn.go.com/golf/player/scorecards/_/id/370/year/2008/tournamentId/441/john-riegger, U.S. Bank Championship in Milwaukee - (07/17-07/20), 2008, 1, 461, 4, 4, 2, 417, 4, 3, 3, 171, 3, 3, 4, 485, 4, 4, 5, 164, 3, 3, 6, 556, 5, 4, 7, 215, 3, 3, 8, 436, 4, 4, 9, 359, 4, 4, 10, 447, 4, 5, 11, 196, 3, 3, 12, 381, 4, 4, 13, 437, 4, 6, 14, 188, 3, 3, 15, 531, 5, 5, 16, 371, 4, 3, 17, 387, 4, 5, 18, 557, 5, 5, 
http://espn.go.com/golf/player/scorecards/_/id/370/year/2008/tournamentId/450/john-riegger, Legends Reno-Tahoe Open - (07/31-08/03), 2008, 1, 494, 4, 4, 2, 584, 5, 2, 3, 186, 3, 4, 4, 355, 4, 4, 5, 491, 4, 4, 6, 477, 4, 4, 7, 183, 3, 3, 8, 636, 5, 4, 9, 429, 4, 5, 10, 413, 4, 3, 11, 171, 3, 5, 12, 429, 4, 2, 13, 518, 5, 4, 14, 367, 4, 4, 15, 439, 4, 3, 16, 220, 3, 2, 17, 464, 4, 5, 18, 616, 5, 4, 
http://espn.go.com/golf/player/scorecards/_/id/370/year/2008/tournamentId/450/john-riegger, Legends Reno-Tahoe Open - (07/31-08/03), 2008, 1, 494, 4, 4, 2, 584, 5, 3, 3, 186, 3, 3, 4, 355, 4, 5, 5, 491, 4, 4, 6, 477, 4, 4, 7, 183, 3, 4, 8, 636, 5, 5, 9, 429, 4, 5, 10, 413, 4, 4, 11, 171, 3, 4, 12, 429, 4, 3, 13, 518, 5, 5, 14, 367, 4, 4, 15, 439, 4, 4, 16, 220, 3, 3, 17, 464, 4, 4, 18, 616, 5, 4, 
http://espn.go.com/golf/player/scorecards/_/id/370/year/2008/tournamentId/450/john-riegger, Legends Reno-Tahoe Open - (07/31-08/03), 2008, 1, 494, 4, 3, 2, 584, 5, 3, 3, 186, 3, 4, 4, 355, 4, 5, 5, 491, 4, 4, 6, 477, 4, 4, 7, 183, 3, 4, 8, 636, 5, 4, 9, 429, 4, 4, 10, 413, 4, 3, 11, 171, 3, 5, 12, 429, 4, 3, 13, 518, 5, 4, 14, 367, 4, 5, 15, 439, 4, 5, 16, 220, 3, 3, 17, 464, 4, 5, 18, 616, 5, 4, 
http://espn.go.com/golf/player/scorecards/_/id/370/year/2008/tournamentId/450/john-riegger, Legends Reno-Tahoe Open - (07/31-08/03), 2008, 1, 494, 4, 5, 2, 584, 5, 3, 3, 186, 3, 3, 4, 355, 4, 4, 5, 491, 4, 3, 6, 477, 4, 4, 7, 183, 3, 3, 8, 636, 5, 5, 9, 429, 4, 7, 10, 413, 4, 4, 11, 171, 3, 5, 12, 429, 4, 3, 13, 518, 5, 4, 14, 367, 4, 4, 15, 439, 4, 4, 16, 220, 3, 2, 17, 464, 4, 5, 18, 616, 5, 4, 
http://espn.go.com/golf/player/scorecards/_/id/370/year/2008/tournamentId/427/john-riegger, Wyndham Championship - (08/14-08/17), 2008, 1, 418, 4, 4, 2, 442, 4, 4, 3, 174, 3, 3, 4, 428, 4, 4, 5, 529, 5, 4, 6, 423, 4, 3, 7, 223, 3, 3, 8, 374, 4, 4, 9, 416, 4, 4, 10, 440, 4, 4, 11, 486, 4, 4, 12, 235, 3, 3, 13, 405, 4, 5, 14, 501, 4, 4, 15, 545, 5, 5, 16, 165, 3, 3, 17, 406, 4, 3, 18, 507, 4, 5, 
http://espn.go.com/golf/player/scorecards/_/id/370/year/2008/tournamentId/427/john-riegger, Wyndham Championship - (08/14-08/17), 2008, 1, 418, 4, 4, 2, 442, 4, 4, 3, 174, 3, 3, 4, 428, 4, 4, 5, 529, 5, 3, 6, 423, 4, 3, 7, 223, 3, 3, 8, 374, 4, 4, 9, 416, 4, 4, 10, 440, 4, 3, 11, 486, 4, 5, 12, 235, 3, 3, 13, 405, 4, 4, 14, 501, 4, 4, 15, 545, 5, 4, 16, 165, 3, 4, 17, 406, 4, 4, 18, 507, 4, 4, 
http://espn.go.com/golf/player/scorecards/_/id/370/year/2008/tournamentId/427/john-riegger, Wyndham Championship - (08/14-08/17), 2008, 1, 418, 4, 3, 2, 442, 4, 4, 3, 174, 3, 2, 4, 428, 4, 4, 5, 529, 5, 4, 6, 423, 4, 4, 7, 223, 3, 3, 8, 374, 4, 4, 9, 416, 4, 4, 10, 440, 4, 4, 11, 486, 4, 4, 12, 235, 3, 3, 13, 405, 4, 4, 14, 501, 4, 4, 15, 545, 5, 3, 16, 165, 3, 3, 17, 406, 4, 4, 18, 507, 4, 4, 
http://espn.go.com/golf/player/scorecards/_/id/370/year/2008/tournamentId/427/john-riegger, Wyndham Championship - (08/14-08/17), 2008, 1, 418, 4, 5, 2, 442, 4, 3, 3, 174, 3, 3, 4, 428, 4, 4, 5, 529, 5, 4, 6, 423, 4, 4, 7, 223, 3, 3, 8, 374, 4, 4, 9, 416, 4, 4, 10, 440, 4, 4, 11, 486, 4, 3, 12, 235, 3, 3, 13, 405, 4, 4, 14, 501, 4, 4, 15, 545, 5, 5, 16, 165, 3, 2, 17, 406, 4, 4, 18, 507, 4, 4, 
http://espn.go.com/golf/player/scorecards/_/id/370/year/2008/tournamentId/437/john-riegger, Viking Classic - (09/18-09/21), 2008, 1, 385, 4, 3, 2, 213, 3, 4, 3, 406, 4, 4, 4, 465, 4, 4, 5, 522, 5, 5, 6, 424, 4, 4, 7, 556, 5, 4, 8, 209, 3, 2, 9, 450, 4, 4, 10, 410, 4, 4, 11, 579, 5, 5, 12, 171, 3, 4, 13, 414, 4, 4, 14, 473, 4, 4, 15, 176, 3, 3, 16, 408, 4, 4, 17, 409, 4, 4, 18, 532, 5, 5, 
http://espn.go.com/golf/player/scorecards/_/id/370/year/2008/tournamentId/437/john-riegger, Viking Classic - (09/18-09/21), 2008, 1, 385, 4, 3, 2, 213, 3, 3, 3, 406, 4, 4, 4, 465, 4, 3, 5, 522, 5, 5, 6, 424, 4, 4, 7, 556, 5, 5, 8, 209, 3, 3, 9, 450, 4, 4, 10, 410, 4, 4, 11, 579, 5, 5, 12, 171, 3, 2, 13, 414, 4, 4, 14, 473, 4, 4, 15, 176, 3, 3, 16, 408, 4, 4, 17, 409, 4, 4, 18, 532, 5, 4, 
http://espn.go.com/golf/player/scorecards/_/id/370/year/2008/tournamentId/437/john-riegger, Viking Classic - (09/18-09/21), 2008, 1, 385, 4, 3, 2, 213, 3, 4, 3, 406, 4, 3, 4, 465, 4, 5, 5, 522, 5, 4, 6, 424, 4, 4, 7, 556, 5, 5, 8, 209, 3, 3, 9, 450, 4, 5, 10, 410, 4, 4, 11, 579, 5, 5, 12, 171, 3, 3, 13, 414, 4, 4, 14, 473, 4, 5, 15, 176, 3, 3, 16, 408, 4, 4, 17, 409, 4, 4, 18, 532, 5, 4, 
http://espn.go.com/golf/player/scorecards/_/id/370/year/2008/tournamentId/437/john-riegger, Viking Classic - (09/18-09/21), 2008, 1, 385, 4, 4, 2, 213, 3, 3, 3, 406, 4, 4, 4, 465, 4, 4, 5, 522, 5, 4, 6, 424, 4, 4, 7, 556, 5, 5, 8, 209, 3, 3, 9, 450, 4, 4, 10, 410, 4, 4, 11, 579, 5, 5, 12, 171, 3, 3, 13, 414, 4, 4, 14, 473, 4, 4, 15, 176, 3, 3, 16, 408, 4, 3, 17, 409, 4, 5, 18, 532, 5, 4, 
http://espn.go.com/golf/player/scorecards/_/id/370/year/2008/tournamentId/455/john-riegger, Turning Stone Resort Championship - (10/02-10/05), 2008, 1, 398, 4, 5, 2, 447, 4, 3, 3, 198, 3, 4, 4, 414, 4, 4, 5, 550, 5, 5, 6, 185, 3, 3, 7, 433, 4, 4, 8, 576, 5, 5, 9, 479, 4, 4, 10, 422, 4, 4, 11, 230, 3, 4, 12, 580, 5, 4, 13, 439, 4, 6, 14, 410, 4, 4, 15, 442, 4, 4, 16, 177, 3, 4, 17, 478, 4, 3, 18, 624, 5, 4, 
http://espn.go.com/golf/player/scorecards/_/id/370/year/2008/tournamentId/445/john-riegger, Valero Texas Open - (10/09-10/12), 2008, 1, 665, 5, 4, 2, 448, 4, 4, 3, 202, 3, 2, 4, 444, 4, 4, 5, 494, 4, 4, 6, 162, 3, 4, 7, 316, 4, 4, 8, 361, 4, 4, 9, 380, 4, 4, 10, 460, 4, 4, 11, 427, 4, 4, 12, 415, 4, 3, 13, 142, 3, 3, 14, 527, 5, 7, 15, 446, 4, 4, 16, 380, 4, 4, 17, 186, 3, 3, 18, 426, 4, 5, 
http://espn.go.com/golf/player/scorecards/_/id/370/year/2008/tournamentId/445/john-riegger, Valero Texas Open - (10/09-10/12), 2008, 1, 665, 5, 4, 2, 448, 4, 4, 3, 202, 3, 2, 4, 444, 4, 4, 5, 494, 4, 4, 6, 162, 3, 4, 7, 316, 4, 4, 8, 361, 4, 3, 9, 380, 4, 3, 10, 460, 4, 4, 11, 427, 4, 4, 12, 415, 4, 4, 13, 142, 3, 3, 14, 527, 5, 5, 15, 446, 4, 4, 16, 380, 4, 4, 17, 186, 3, 3, 18, 426, 4, 4, 
http://espn.go.com/golf/player/scorecards/_/id/370/year/2008/tournamentId/445/john-riegger, Valero Texas Open - (10/09-10/12), 2008, 1, 665, 5, 4, 2, 448, 4, 4, 3, 202, 3, 4, 4, 444, 4, 3, 5, 494, 4, 4, 6, 162, 3, 3, 7, 316, 4, 4, 8, 361, 4, 4, 9, 380, 4, 3, 10, 460, 4, 4, 11, 427, 4, 4, 12, 415, 4, 4, 13, 142, 3, 3, 14, 527, 5, 6, 15, 446, 4, 4, 16, 380, 4, 4, 17, 186, 3, 3, 18, 426, 4, 4, 
http://espn.go.com/golf/player/scorecards/_/id/370/year/2008/tournamentId/445/john-riegger, Valero Texas Open - (10/09-10/12), 2008, 1, 665, 5, 5, 2, 448, 4, 4, 3, 202, 3, 2, 4, 444, 4, 4, 5, 494, 4, 4, 6, 162, 3, 2, 7, 316, 4, 3, 8, 361, 4, 4, 9, 380, 4, 4, 10, 460, 4, 4, 11, 427, 4, 3, 12, 415, 4, 4, 13, 142, 3, 3, 14, 527, 5, 5, 15, 446, 4, 5, 16, 380, 4, 5, 17, 186, 3, 4, 18, 426, 4, 3, 
http://espn.go.com/golf/player/scorecards/_/id/370/year/2008/tournamentId/444/john-riegger, Justin Timberlake Shriners Hospitals for Children  - (10/16-10/19), 2008, 1, 408, 4, 4, 2, 469, 4, 5, 3, 492, 4, 4, 4, 450, 4, 4, 5, 197, 3, 4, 6, 430, 4, 4, 7, 382, 4, 4, 8, 239, 3, 4, 9, 563, 5, 4, 10, 420, 4, 4, 11, 448, 4, 4, 12, 442, 4, 3, 13, 606, 5, 5, 14, 156, 3, 3, 15, 341, 4, 5, 16, 560, 5, 5, 17, 196, 3, 3, 18, 444, 4, 6, 
http://espn.go.com/golf/player/scorecards/_/id/370/year/2008/tournamentId/444/john-riegger, Justin Timberlake Shriners Hospitals for Children  - (10/16-10/19), 2008, 1, 408, 4, 4, 2, 469, 4, 3, 3, 492, 4, 5, 4, 450, 4, 4, 5, 197, 3, 3, 6, 430, 4, 5, 7, 382, 4, 4, 8, 239, 3, 4, 9, 563, 5, 5, 10, 420, 4, 4, 11, 448, 4, 4, 12, 442, 4, 3, 13, 606, 5, 5, 14, 156, 3, 3, 15, 341, 4, 4, 16, 560, 5, 3, 17, 196, 3, 3, 18, 444, 4, 4, 
http://espn.go.com/golf/player/scorecards/_/id/370/year/2008/tournamentId/444/john-riegger, Justin Timberlake Shriners Hospitals for Children  - (10/16-10/19), 2008, 1, 408, 4, 4, 2, 469, 4, 4, 3, 492, 4, 4, 4, 450, 4, 4, 5, 197, 3, 3, 6, 430, 4, 4, 7, 382, 4, 4, 8, 239, 3, 4, 9, 563, 5, 4, 10, 420, 4, 4, 11, 448, 4, 3, 12, 442, 4, 3, 13, 606, 5, 4, 14, 156, 3, 3, 15, 341, 4, 4, 16, 560, 5, 4, 17, 196, 3, 3, 18, 444, 4, 5, 
http://espn.go.com/golf/player/scorecards/_/id/370/year/2008/tournamentId/444/john-riegger, Justin Timberlake Shriners Hospitals for Children  - (10/16-10/19), 2008, 1, 408, 4, 4, 2, 469, 4, 3, 3, 492, 4, 5, 4, 450, 4, 4, 5, 197, 3, 3, 6, 430, 4, 3, 7, 382, 4, 4, 8, 239, 3, 3, 9, 563, 5, 7, 10, 420, 4, 3, 11, 448, 4, 4, 12, 442, 4, 3, 13, 606, 5, 4, 14, 156, 3, 2, 15, 341, 4, 4, 16, 560, 5, 3, 17, 196, 3, 3, 18, 444, 4, 4, 
http://espn.go.com/golf/player/scorecards/_/id/370/year/2008/tournamentId/456/john-riegger, Frys.com Open - (10/23-10/26), 2008, 1, 413, 4, 4, 2, 395, 4, 4, 3, 460, 4, 4, 4, 562, 5, 4, 5, 203, 3, 3, 6, 345, 4, 4, 7, 498, 4, 4, 8, 174, 3, 3, 9, 464, 4, 3, 10, 390, 4, 4, 11, 572, 5, 5, 12, 468, 4, 4, 13, 230, 3, 3, 14, 429, 4, 3, 15, 332, 4, 3, 16, 211, 3, 3, 17, 464, 4, 6, 18, 515, 4, 5, 
http://espn.go.com/golf/player/scorecards/_/id/370/year/2008/tournamentId/456/john-riegger, Frys.com Open - (10/23-10/26), 2008, 1, 413, 4, 4, 2, 395, 4, 3, 3, 460, 4, 4, 4, 562, 5, 4, 5, 203, 3, 3, 6, 345, 4, 4, 7, 498, 4, 3, 8, 174, 3, 3, 9, 464, 4, 4, 10, 390, 4, 4, 11, 572, 5, 5, 12, 468, 4, 4, 13, 230, 3, 3, 14, 429, 4, 3, 15, 332, 4, 4, 16, 211, 3, 3, 17, 464, 4, 5, 18, 515, 4, 3, 
http://espn.go.com/golf/player/scorecards/_/id/370/year/2008/tournamentId/456/john-riegger, Frys.com Open - (10/23-10/26), 2008, 1, 413, 4, 3, 2, 395, 4, 3, 3, 460, 4, 4, 4, 562, 5, 5, 5, 203, 3, 4, 6, 345, 4, 3, 7, 498, 4, 4, 8, 174, 3, 3, 9, 464, 4, 4, 10, 390, 4, 4, 11, 572, 5, 5, 12, 468, 4, 4, 13, 230, 3, 3, 14, 429, 4, 3, 15, 332, 4, 4, 16, 211, 3, 3, 17, 464, 4, 5, 18, 515, 4, 4, 
http://espn.go.com/golf/player/scorecards/_/id/370/year/2008/tournamentId/456/john-riegger, Frys.com Open - (10/23-10/26), 2008, 1, 413, 4, 4, 2, 395, 4, 4, 3, 460, 4, 4, 4, 562, 5, 4, 5, 203, 3, 3, 6, 345, 4, 5, 7, 498, 4, 4, 8, 174, 3, 4, 9, 464, 4, 5, 10, 390, 4, 3, 11, 572, 5, 4, 12, 468, 4, 4, 13, 230, 3, 3, 14, 429, 4, 3, 15, 332, 4, 4, 16, 211, 3, 3, 17, 464, 4, 5, 18, 515, 4, 4, 
http://espn.go.com/golf/player/scorecards/_/id/370/year/2008/tournamentId/458/john-riegger, Ginn sur Mer Classic - (10/30-11/02), 2008, 1, 610, 5, 5, 2, 467, 4, 4, 3, 221, 3, 3, 4, 457, 4, 4, 5, 502, 4, 5, 6, 337, 4, 4, 7, 414, 4, 3, 8, 200, 3, 4, 9, 602, 5, 5, 10, 444, 4, 4, 11, 440, 4, 4, 12, 202, 3, 4, 13, 613, 5, 5, 14, 460, 4, 4, 15, 476, 4, 4, 16, 440, 4, 4, 17, 168, 3, 2, 18, 570, 5, 5, 
http://espn.go.com/golf/player/scorecards/_/id/370/year/2008/tournamentId/458/john-riegger, Ginn sur Mer Classic - (10/30-11/02), 2008, 1, 610, 5, 4, 2, 467, 4, 4, 3, 221, 3, 3, 4, 457, 4, 5, 5, 502, 4, 4, 6, 337, 4, 3, 7, 414, 4, 4, 8, 200, 3, 3, 9, 602, 5, 6, 10, 444, 4, 4, 11, 440, 4, 3, 12, 202, 3, 3, 13, 613, 5, 5, 14, 460, 4, 4, 15, 476, 4, 4, 16, 440, 4, 4, 17, 168, 3, 3, 18, 570, 5, 4, 
http://espn.go.com/golf/player/scorecards/_/id/370/year/2008/tournamentId/458/john-riegger, Ginn sur Mer Classic - (10/30-11/02), 2008, 1, 610, 5, 5, 2, 467, 4, 5, 3, 221, 3, 3, 4, 457, 4, 4, 5, 502, 4, 5, 6, 337, 4, 4, 7, 414, 4, 4, 8, 200, 3, 3, 9, 602, 5, 4, 10, 444, 4, 4, 11, 440, 4, 4, 12, 202, 3, 3, 13, 613, 5, 4, 14, 460, 4, 5, 15, 476, 4, 4, 16, 440, 4, 4, 17, 168, 3, 3, 18, 570, 5, 5, 
http://espn.go.com/golf/player/scorecards/_/id/370/year/2008/tournamentId/458/john-riegger, Ginn sur Mer Classic - (10/30-11/02), 2008, 1, 610, 5, 5, 2, 467, 4, 6, 3, 221, 3, 3, 4, 457, 4, 4, 5, 502, 4, 3, 6, 337, 4, 3, 7, 414, 4, 4, 8, 200, 3, 3, 9, 602, 5, 4, 10, 444, 4, 4, 11, 440, 4, 4, 12, 202, 3, 3, 13, 613, 5, 5, 14, 460, 4, 4, 15, 476, 4, 5, 16, 440, 4, 4, 17, 168, 3, 3, 18, 570, 5, 5, 
http://espn.go.com/golf/player/scorecards/_/id/370/year/2008/tournamentId/446/john-riegger, Children's Miracle Network Classic presented by Wa - (11/06-11/09), 2008, 1, 428, 4, 4, 2, 417, 4, 4, 3, 170, 3, 3, 4, 542, 5, 4, 5, 492, 4, 4, 6, 231, 3, 2, 7, 422, 4, 3, 8, 614, 5, 5, 9, 500, 4, 4, 10, 526, 5, 5, 11, 399, 4, 4, 12, 169, 3, 4, 13, 384, 4, 3, 14, 592, 5, 4, 15, 203, 3, 3, 16, 450, 4, 4, 17, 485, 4, 4, 18, 492, 4, 4, 
http://espn.go.com/golf/player/scorecards/_/id/370/year/2008/tournamentId/446/john-riegger, Children's Miracle Network Classic presented by Wa - (11/06-11/09), 2008, 1, 428, 4, 4, 2, 417, 4, 5, 3, 170, 3, 3, 4, 542, 5, 4, 5, 492, 4, 5, 6, 231, 3, 2, 7, 422, 4, 4, 8, 614, 5, 6, 9, 500, 4, 5, 10, 526, 5, 4, 11, 399, 4, 4, 12, 169, 3, 3, 13, 384, 4, 4, 14, 592, 5, 5, 15, 203, 3, 3, 16, 450, 4, 4, 17, 485, 4, 4, 18, 492, 4, 5, 
http://espn.go.com/golf/player/scorecards/_/id/370/year/2008/tournamentId/446/john-riegger, Children's Miracle Network Classic presented by Wa - (11/06-11/09), 2008, 1, 428, 4, 3, 2, 417, 4, 4, 3, 170, 3, 3, 4, 542, 5, 6, 5, 492, 4, 4, 6, 231, 3, 3, 7, 422, 4, 4, 8, 614, 5, 4, 9, 500, 4, 4, 10, 526, 5, 4, 11, 399, 4, 3, 12, 169, 3, 3, 13, 384, 4, 4, 14, 592, 5, 5, 15, 203, 3, 3, 16, 450, 4, 4, 17, 485, 4, 4, 18, 492, 4, 4, 
http://espn.go.com/golf/player/scorecards/_/id/370/year/2008/tournamentId/446/john-riegger, Children's Miracle Network Classic presented by Wa - (11/06-11/09), 2008, 1, 498, 5, 5, 2, 424, 4, 5, 3, 167, 3, 3, 4, 422, 4, 4, 5, 410, 4, 4, 6, 411, 4, 4, 7, 524, 5, 4, 8, 205, 3, 2, 9, 380, 4, 3, 10, 441, 4, 4, 11, 544, 5, 4, 12, 206, 3, 3, 13, 358, 4, 4, 14, 547, 5, 4, 15, 422, 4, 3, 16, 195, 3, 4, 17, 399, 4, 4, 18, 458, 4, 4, 
http://espn.go.com/golf/player/scorecards/_/id/370/year/2008/tournamentId/594/john-riegger, PGA Tour Qualifying Tournament - (12/03-12/08), 2008, 1, 374, 4, 4, 2, 414, 4, 5, 3, 177, 3, 3, 4, 538, 5, 5, 5, 443, 4, 3, 6, 406, 4, 3, 7, 140, 3, 5, 8, 509, 5, 3, 9, 410, 4, 4, 10, 412, 4, 5, 11, 191, 3, 4, 12, 403, 4, 3, 13, 528, 5, 4, 14, 375, 4, 3, 15, 415, 4, 4, 16, 530, 5, 3, 17, 204, 3, 3, 18, 455, 4, 4, 
http://espn.go.com/golf/player/scorecards/_/id/370/year/2008/tournamentId/594/john-riegger, PGA Tour Qualifying Tournament - (12/03-12/08), 2008, 1, 445, 4, 3, 2, 371, 4, 4, 3, 471, 4, 4, 4, 192, 3, 3, 5, 535, 5, 4, 6, 255, 3, 4, 7, 346, 4, 4, 8, 559, 5, 5, 9, 452, 4, 4, 10, 416, 4, 4, 11, 617, 5, 5, 12, 363, 4, 3, 13, 214, 3, 3, 14, 389, 4, 4, 15, 468, 4, 4, 16, 600, 5, 5, 17, 168, 3, 4, 18, 439, 4, 7, 
http://espn.go.com/golf/player/scorecards/_/id/370/year/2008/tournamentId/594/john-riegger, PGA Tour Qualifying Tournament - (12/03-12/08), 2008, 1, 374, 4, 4, 2, 414, 4, 4, 3, 177, 3, 3, 4, 538, 5, 4, 5, 443, 4, 3, 6, 406, 4, 4, 7, 140, 3, 5, 8, 509, 5, 3, 9, 410, 4, 4, 10, 412, 4, 3, 11, 191, 3, 5, 12, 403, 4, 2, 13, 528, 5, 4, 14, 375, 4, 4, 15, 415, 4, 4, 16, 530, 5, 4, 17, 204, 3, 3, 18, 455, 4, 3, 
http://espn.go.com/golf/player/scorecards/_/id/370/year/2008/tournamentId/594/john-riegger, PGA Tour Qualifying Tournament - (12/03-12/08), 2008, 1, 445, 4, 4, 2, 371, 4, 3, 3, 471, 4, 5, 4, 192, 3, 4, 5, 535, 5, 4, 6, 255, 3, 4, 7, 346, 4, 4, 8, 559, 5, 4, 9, 452, 4, 3, 10, 416, 4, 5, 11, 617, 5, 5, 12, 363, 4, 4, 13, 214, 3, 3, 14, 389, 4, 4, 15, 468, 4, 5, 16, 600, 5, 6, 17, 168, 3, 3, 18, 439, 4, 3, 
http://espn.go.com/golf/player/scorecards/_/id/370/year/2008/tournamentId/594/john-riegger, PGA Tour Qualifying Tournament - (12/03-12/08), 2008, 1, 445, 4, 4, 2, 371, 4, 5, 3, 471, 4, 4, 4, 192, 3, 3, 5, 535, 5, 4, 6, 255, 3, 4, 7, 346, 4, 3, 8, 559, 5, 4, 9, 452, 4, 4, 10, 416, 4, 4, 11, 617, 5, 5, 12, 363, 4, 3, 13, 214, 3, 3, 14, 389, 4, 3, 15, 468, 4, 4, 16, 600, 5, 6, 17, 168, 3, 3, 18, 439, 4, 3, 
http://espn.go.com/golf/player/scorecards/_/id/370/year/2008/tournamentId/594/john-riegger, PGA Tour Qualifying Tournament - (12/03-12/08), 2008, 1, 374, 4, 4, 2, 414, 4, 3, 3, 177, 3, 3, 4, 538, 5, 5, 5, 443, 4, 3, 6, 406, 4, 4, 7, 140, 3, 4, 8, 509, 5, 3, 9, 410, 4, 4, 10, 412, 4, 4, 11, 191, 3, 5, 12, 403, 4, 3, 13, 528, 5, 4, 14, 375, 4, 4, 15, 415, 4, 5, 16, 530, 5, 4, 17, 204, 3, 3, 18, 455, 4, 3, 
http://espn.go.com/golf/player/scorecards/_/id/370/year/2009/tournamentId/699/john-riegger, PGA Tour Qualifying Tournament - (12/02-12/07), 2009, 1, -, 4, 4, 2, -, 3, 5, 3, -, 5, 6, 4, -, 4, 3, 5, -, 4, 4, 6, -, 5, 6, 7, -, 4, 3, 8, -, 3, 4, 9, -, 4, 5, 10, -, 4, 5, 11, -, 3, 4, 12, -, 5, 5, 13, -, 4, 4, 14, -, 3, 5, 15, -, 4, 4, 16, -, 4, 4, 17, -, 5, 5, 18, -, 4, 4, 
http://espn.go.com/golf/player/scorecards/_/id/370/year/2009/tournamentId/699/john-riegger, PGA Tour Qualifying Tournament - (12/02-12/07), 2009, 1, -, 4, 4, 2, -, 3, 3, 3, -, 5, 5, 4, -, 4, 4, 5, -, 4, 3, 6, -, 5, 6, 7, -, 4, 5, 8, -, 3, 3, 9, -, 4, 4, 10, -, 4, 3, 11, -, 3, 3, 12, -, 5, 5, 13, -, 4, 4, 14, -, 3, 4, 15, -, 4, 4, 16, -, 4, 4, 17, -, 5, 7, 18, -, 4, 4, 
http://espn.go.com/golf/player/scorecards/_/id/370/year/2010/tournamentId/847/john-riegger, PGA TOUR Qualifying Tournament - (12/01-12/06), 2010, 1, -, 4, 5, 2, -, 5, 4, 3, -, 4, 5, 4, -, 3, 4, 5, -, 4, 3, 6, -, 3, 3, 7, -, 4, 4, 8, -, 4, 3, 9, -, 4, 5, 10, -, 5, , 11, -, 3, , 12, -, 4, , 13, -, 4, , 14, -, 5, , 15, -, 3, , 16, -, 4, , 17, -, 3, , 18, -, 5, , 
http://espn.go.com/golf/player/scorecards/_/id/370/year/2010/tournamentId/847/john-riegger, PGA TOUR Qualifying Tournament - (12/01-12/06), 2010, 1, -, 4, 5, 2, -, 5, 5, 3, -, 4, 4, 4, -, 3, 5, 5, -, 4, 4, 6, -, 3, 3, 7, -, 4, 4, 8, -, 4, 3, 9, -, 4, 4, 10, -, 5, 4, 11, -, 3, 4, 12, -, 4, 4, 13, -, 4, 3, 14, -, 5, 3, 15, -, 3, 2, 16, -, 4, 5, 17, -, 3, 6, 18, -, 5, 4, 
http://espn.go.com/golf/player/scorecards/_/id/370/year/2010/tournamentId/847/john-riegger, PGA TOUR Qualifying Tournament - (12/01-12/06), 2010, 1, -, 4, 4, 2, -, 5, 5, 3, -, 4, 5, 4, -, 3, 4, 5, -, 4, 4, 6, -, 3, 3, 7, -, 4, 5, 8, -, 4, 5, 9, -, 4, 5, 10, -, 5, 5, 11, -, 3, 3, 12, -, 4, 5, 13, -, 4, 5, 14, -, 5, 5, 15, -, 3, 3, 16, -, 4, 4, 17, -, 3, 3, 18, -, 5, 4, 
http://espn.go.com/golf/player/scorecards/_/id/370/year/2011/tournamentId/914/john-riegger, Justin Timberlake Shriners Hospitals for Children Open - (09/29-10/02), 2011, 1, 408, 4, 6, 2, 469, 4, 4, 3, 492, 4, 5, 4, 450, 4, 4, 5, 197, 3, 2, 6, 430, 4, 5, 7, 382, 4, 4, 8, 239, 3, 3, 9, 563, 5, 5, 10, 420, 4, 6, 11, 448, 4, 3, 12, 442, 4, 3, 13, 606, 5, 4, 14, 156, 3, 4, 15, 341, 4, 4, 16, 560, 5, 5, 17, 196, 3, 2, 18, 444, 4, 4, 
http://espn.go.com/golf/player/scorecards/_/id/370/year/2011/tournamentId/914/john-riegger, Justin Timberlake Shriners Hospitals for Children Open - (09/29-10/02), 2011, 1, 408, 4, 4, 2, 469, 4, 4, 3, 492, 4, 4, 4, 450, 4, 4, 5, 197, 3, 3, 6, 430, 4, 4, 7, 382, 4, 4, 8, 239, 3, 3, 9, 563, 5, 5, 10, 420, 4, 4, 11, 448, 4, 4, 12, 442, 4, 5, 13, 606, 5, 4, 14, 156, 3, 3, 15, 341, 4, 4, 16, 560, 5, 4, 17, 196, 3, 4, 18, 444, 4, 4, 
http://espn.go.com/golf/player/scorecards/_/id/370/year/2012/tournamentId/1026/john-riegger, Reno-Tahoe Open - (08/02-08/05), 2012, 1, 494, 4, 3, 2, 584, 5, 5, 3, 186, 3, 4, 4, 355, 4, 6, 5, 491, 4, 4, 6, 477, 4, 4, 7, 183, 3, 3, 8, 636, 5, 5, 9, 429, 4, 4, 10, 413, 4, 4, 11, 171, 3, 4, 12, 429, 4, 4, 13, 518, 5, 4, 14, 367, 4, 4, 15, 439, 4, 5, 16, 220, 3, 4, 17, 464, 4, 4, 18, 616, 5, 5, 
http://espn.go.com/golf/player/scorecards/_/id/370/year/2012/tournamentId/1026/john-riegger, Reno-Tahoe Open - (08/02-08/05), 2012, 1, 494, 4, 4, 2, 584, 5, 5, 3, 186, 3, 3, 4, 355, 4, 4, 5, 491, 4, 4, 6, 477, 4, 4, 7, 183, 3, 2, 8, 636, 5, 4, 9, 429, 4, 4, 10, 413, 4, 4, 11, 171, 3, 3, 12, 429, 4, 4, 13, 518, 5, 5, 14, 367, 4, 3, 15, 439, 4, 3, 16, 220, 3, 3, 17, 464, 4, 4, 18, 616, 5, 6, 
http://espn.go.com/golf/player/scorecards/_/id/370/year/2012/tournamentId/1026/john-riegger, Reno-Tahoe Open - (08/02-08/05), 2012, 1, 494, 4, 4, 2, 584, 5, 5, 3, 186, 3, 3, 4, 355, 4, 3, 5, 491, 4, 5, 6, 477, 4, 4, 7, 183, 3, 3, 8, 636, 5, 5, 9, 429, 4, 3, 10, 413, 4, 4, 11, 171, 3, 3, 12, 429, 4, 4, 13, 518, 5, 5, 14, 367, 4, 4, 15, 439, 4, 4, 16, 220, 3, 3, 17, 464, 4, 4, 18, 616, 5, 4, 
http://espn.go.com/golf/player/scorecards/_/id/370/year/2012/tournamentId/1026/john-riegger, Reno-Tahoe Open - (08/02-08/05), 2012, 1, 494, 4, 4, 2, 584, 5, 5, 3, 186, 3, 3, 4, 355, 4, 4, 5, 491, 4, 4, 6, 477, 4, 4, 7, 183, 3, 4, 8, 636, 5, 5, 9, 429, 4, 3, 10, 413, 4, 4, 11, 171, 3, 2, 12, 429, 4, 5, 13, 518, 5, 4, 14, 367, 4, 4, 15, 439, 4, 3, 16, 220, 3, 4, 17, 464, 4, 4, 18, 616, 5, 4, 
