http://espn.go.com/golf/player/scorecards/_/id/1499/year/2006/tournamentId/295/richard-sterne, British Open Championship - (07/20-07/23), 2006, 1, 454, 4, 4, 2, 436, 4, 5, 3, 429, 4, 5, 4, 372, 4, 4, 5, 528, 5, 4, 6, 202, 3, 3, 7, 453, 4, 5, 8, 423, 4, 3, 9, 198, 3, 3, 10, 534, 5, 5, 11, 393, 4, 5, 12, 448, 4, 5, 13, 198, 3, 3, 14, 456, 4, 4, 15, 161, 3, 1, 16, 554, 5, 5, 17, 459, 4, 4, 18, 560, 5, 5, 
http://espn.go.com/golf/player/scorecards/_/id/1499/year/2006/tournamentId/295/richard-sterne, British Open Championship - (07/20-07/23), 2006, 1, 454, 4, 4, 2, 436, 4, 4, 3, 429, 4, 4, 4, 372, 4, 4, 5, 528, 5, 4, 6, 202, 3, 3, 7, 453, 4, 5, 8, 423, 4, 5, 9, 198, 3, 4, 10, 534, 5, 5, 11, 393, 4, 3, 12, 448, 4, 5, 13, 198, 3, 3, 14, 456, 4, 5, 15, 161, 3, 3, 16, 554, 5, 6, 17, 459, 4, 4, 18, 560, 5, 5, 
http://espn.go.com/golf/player/scorecards/_/id/1499/year/2007/tournamentId/320/richard-sterne, British Open Championship - (07/19-07/22), 2007, 1, 406, 4, 4, 2, 463, 4, 4, 3, 358, 4, 4, 4, 412, 4, 4, 5, 415, 4, 5, 6, 578, 5, 5, 7, 410, 4, 4, 8, 183, 3, 3, 9, 478, 4, 3, 10, 466, 4, 4, 11, 383, 4, 4, 12, 499, 4, 5, 13, 176, 3, 3, 14, 514, 5, 4, 15, 472, 4, 4, 16, 248, 3, 4, 17, 461, 4, 5, 18, 499, 4, 5, 
http://espn.go.com/golf/player/scorecards/_/id/1499/year/2007/tournamentId/320/richard-sterne, British Open Championship - (07/19-07/22), 2007, 1, 406, 4, 3, 2, 463, 4, 4, 3, 358, 4, 5, 4, 412, 4, 4, 5, 415, 4, 4, 6, 578, 5, 5, 7, 410, 4, 4, 8, 183, 3, 3, 9, 478, 4, 4, 10, 466, 4, 6, 11, 383, 4, 5, 12, 499, 4, 4, 13, 176, 3, 4, 14, 514, 5, 4, 15, 472, 4, 4, 16, 248, 3, 4, 17, 461, 4, 4, 18, 499, 4, 5, 
http://espn.go.com/golf/player/scorecards/_/id/1499/year/2007/tournamentId/324/richard-sterne, World Golf Championships-Bridgestone Invitational - (08/02-08/05), 2007, 1, 399, 4, 5, 2, 526, 5, 4, 3, 442, 4, 5, 4, 471, 4, 4, 5, 200, 3, 3, 6, 469, 4, 5, 7, 219, 3, 3, 8, 482, 4, 4, 9, 494, 4, 4, 10, 410, 4, 4, 11, 418, 4, 5, 12, 180, 3, 3, 13, 471, 4, 4, 14, 467, 4, 4, 15, 221, 3, 3, 16, 667, 5, 4, 17, 400, 4, 4, 18, 464, 4, 3, 
http://espn.go.com/golf/player/scorecards/_/id/1499/year/2007/tournamentId/324/richard-sterne, World Golf Championships-Bridgestone Invitational - (08/02-08/05), 2007, 1, 399, 4, 4, 2, 526, 5, 6, 3, 442, 4, 4, 4, 471, 4, 4, 5, 200, 3, 3, 6, 469, 4, 5, 7, 219, 3, 2, 8, 482, 4, 5, 9, 494, 4, 4, 10, 410, 4, 5, 11, 418, 4, 4, 12, 180, 3, 3, 13, 471, 4, 5, 14, 467, 4, 3, 15, 221, 3, 3, 16, 667, 5, 5, 17, 400, 4, 4, 18, 464, 4, 5, 
http://espn.go.com/golf/player/scorecards/_/id/1499/year/2007/tournamentId/324/richard-sterne, World Golf Championships-Bridgestone Invitational - (08/02-08/05), 2007, 1, 399, 4, 4, 2, 526, 5, 4, 3, 442, 4, 4, 4, 471, 4, 4, 5, 200, 3, 3, 6, 469, 4, 5, 7, 219, 3, 3, 8, 482, 4, 4, 9, 494, 4, 4, 10, 410, 4, 4, 11, 418, 4, 5, 12, 180, 3, 2, 13, 471, 4, 3, 14, 467, 4, 5, 15, 221, 3, 3, 16, 667, 5, 6, 17, 400, 4, 5, 18, 464, 4, 4, 
http://espn.go.com/golf/player/scorecards/_/id/1499/year/2007/tournamentId/324/richard-sterne, World Golf Championships-Bridgestone Invitational - (08/02-08/05), 2007, 1, 399, 4, 4, 2, 526, 5, 5, 3, 442, 4, 5, 4, 471, 4, 5, 5, 200, 3, 3, 6, 469, 4, 4, 7, 219, 3, 4, 8, 482, 4, 4, 9, 494, 4, 4, 10, 410, 4, 4, 11, 418, 4, 4, 12, 180, 3, 4, 13, 471, 4, 4, 14, 467, 4, 6, 15, 221, 3, 3, 16, 667, 5, 5, 17, 400, 4, 5, 18, 464, 4, 4, 
http://espn.go.com/golf/player/scorecards/_/id/1499/year/2007/tournamentId/322/richard-sterne, PGA Championship - (08/09-08/12), 2007, 1, 464, 4, 4, 2, 488, 4, 5, 3, 451, 4, 4, 4, 372, 4, 4, 5, 653, 5, 4, 6, 200, 3, 4, 7, 384, 4, 4, 8, 245, 3, 4, 9, 374, 4, 4, 10, 366, 4, 4, 11, 173, 3, 4, 12, 458, 4, 5, 13, 537, 5, 5, 14, 223, 3, 4, 15, 413, 4, 4, 16, 507, 4, 4, 17, 358, 4, 5, 18, 465, 4, 4, 
http://espn.go.com/golf/player/scorecards/_/id/1499/year/2008/tournamentId/412/richard-sterne, World Golf Championships-Accenture Match Play Cham - (02/20-02/24), 2008, 1, 460, 4, 5, 2, 574, 5, 4, 3, 208, 3, 2, 4, 393, 4, 4, 5, 536, 4, 5, 6, 185, 3, 3, 7, 486, 4, 3, 8, 576, 5, 3, 9, 476, 4, 5, 10, 493, 4, 5, 11, 601, 5, 4, 12, 219, 3, 4, 13, 583, 5, 4, 14, 449, 4, 4, 15, 343, 4, 4, 16, 247, 3, , 17, 482, 4, , 18, 480, 4, , 
http://espn.go.com/golf/player/scorecards/_/id/1499/year/2008/tournamentId/421/richard-sterne, Arnold Palmer Invitational presented by MasterCard - (03/13-03/16), 2008, 1, 461, 4, 4, 2, 231, 3, 3, 3, 434, 4, 5, 4, 561, 5, 4, 5, 390, 4, 4, 6, 555, 5, 6, 7, 199, 3, 3, 8, 460, 4, 3, 9, 474, 4, 4, 10, 400, 4, 4, 11, 438, 4, 4, 12, 574, 5, 5, 13, 370, 4, 3, 14, 215, 3, 2, 15, 467, 4, 4, 16, 511, 5, 4, 17, 221, 3, 3, 18, 458, 4, 4, 
http://espn.go.com/golf/player/scorecards/_/id/1499/year/2008/tournamentId/421/richard-sterne, Arnold Palmer Invitational presented by MasterCard - (03/13-03/16), 2008, 1, 461, 4, 4, 2, 231, 3, 3, 3, 434, 4, 4, 4, 561, 5, 5, 5, 390, 4, 5, 6, 555, 5, 6, 7, 199, 3, 3, 8, 460, 4, 4, 9, 474, 4, 4, 10, 400, 4, 3, 11, 438, 4, 4, 12, 574, 5, 4, 13, 370, 4, 3, 14, 215, 3, 4, 15, 467, 4, 4, 16, 511, 5, 4, 17, 221, 3, 3, 18, 458, 4, 3, 
http://espn.go.com/golf/player/scorecards/_/id/1499/year/2008/tournamentId/421/richard-sterne, Arnold Palmer Invitational presented by MasterCard - (03/13-03/16), 2008, 1, 461, 4, 5, 2, 231, 3, 3, 3, 434, 4, 5, 4, 561, 5, 4, 5, 390, 4, 3, 6, 555, 5, 5, 7, 199, 3, 2, 8, 460, 4, 4, 9, 474, 4, 4, 10, 400, 4, 4, 11, 438, 4, 4, 12, 574, 5, 5, 13, 370, 4, 4, 14, 215, 3, 3, 15, 467, 4, 4, 16, 511, 5, 5, 17, 221, 3, 3, 18, 458, 4, 4, 
http://espn.go.com/golf/player/scorecards/_/id/1499/year/2008/tournamentId/421/richard-sterne, Arnold Palmer Invitational presented by MasterCard - (03/13-03/16), 2008, 1, 461, 4, 3, 2, 231, 3, 4, 3, 434, 4, 4, 4, 561, 5, 3, 5, 390, 4, 4, 6, 555, 5, 6, 7, 199, 3, 3, 8, 460, 4, 4, 9, 474, 4, 4, 10, 400, 4, 4, 11, 438, 4, 3, 12, 574, 5, 5, 13, 370, 4, 4, 14, 215, 3, 2, 15, 467, 4, 5, 16, 511, 5, 5, 17, 221, 3, 2, 18, 458, 4, 4, 
http://espn.go.com/golf/player/scorecards/_/id/1499/year/2008/tournamentId/451/richard-sterne, World Golf Championships-CA Championship - (03/20-03/23), 2008, 1, 529, 5, 5, 2, 418, 4, 4, 3, 438, 4, 4, 4, 236, 3, 3, 5, 394, 4, 3, 6, 442, 4, 4, 7, 454, 4, 4, 8, 560, 5, 4, 9, 169, 3, 3, 10, 551, 5, 6, 11, 402, 4, 4, 12, 603, 5, 4, 13, 245, 3, 3, 14, 460, 4, 4, 15, 175, 3, 3, 16, 372, 4, 4, 17, 419, 4, 4, 18, 467, 4, 4, 
http://espn.go.com/golf/player/scorecards/_/id/1499/year/2008/tournamentId/451/richard-sterne, World Golf Championships-CA Championship - (03/20-03/23), 2008, 1, 529, 5, 4, 2, 418, 4, 4, 3, 438, 4, 4, 4, 236, 3, 3, 5, 394, 4, 4, 6, 442, 4, 4, 7, 454, 4, 3, 8, 560, 5, 5, 9, 169, 3, 3, 10, 551, 5, 4, 11, 402, 4, 4, 12, 603, 5, 5, 13, 245, 3, 4, 14, 460, 4, 3, 15, 175, 3, 3, 16, 372, 4, 3, 17, 419, 4, 3, 18, 467, 4, 4, 
http://espn.go.com/golf/player/scorecards/_/id/1499/year/2008/tournamentId/451/richard-sterne, World Golf Championships-CA Championship - (03/20-03/23), 2008, 1, 529, 5, 4, 2, 418, 4, 4, 3, 438, 4, 4, 4, 236, 3, 4, 5, 394, 4, 4, 6, 442, 4, 5, 7, 454, 4, 4, 8, 560, 5, 5, 9, 169, 3, 2, 10, 551, 5, 5, 11, 402, 4, 5, 12, 603, 5, 5, 13, 245, 3, 3, 14, 460, 4, 4, 15, 175, 3, 5, 16, 372, 4, 3, 17, 419, 4, 5, 18, 467, 4, 6, 
http://espn.go.com/golf/player/scorecards/_/id/1499/year/2008/tournamentId/451/richard-sterne, World Golf Championships-CA Championship - (03/20-03/23), 2008, 1, 529, 5, 5, 2, 418, 4, 4, 3, 438, 4, 4, 4, 236, 3, 4, 5, 394, 4, 4, 6, 442, 4, 4, 7, 454, 4, 5, 8, 560, 5, 5, 9, 169, 3, 3, 10, 551, 5, 4, 11, 402, 4, 4, 12, 603, 5, 5, 13, 245, 3, 3, 14, 460, 4, 4, 15, 175, 3, 2, 16, 372, 4, 4, 17, 419, 4, 3, 18, 467, 4, 4, 
http://espn.go.com/golf/player/scorecards/_/id/1499/year/2008/tournamentId/425/richard-sterne, Masters Tournament - (04/10-04/13), 2008, 1, 445, 4, 3, 2, 575, 5, 5, 3, 350, 4, 4, 4, 240, 3, 3, 5, 455, 4, 4, 6, 180, 3, 4, 7, 450, 4, 4, 8, 570, 5, 5, 9, 460, 4, 5, 10, 495, 4, 4, 11, 505, 4, 5, 12, 155, 3, 3, 13, 510, 5, 5, 14, 440, 4, 5, 15, 530, 5, 5, 16, 170, 3, 2, 17, 440, 4, 4, 18, 465, 4, 4, 
http://espn.go.com/golf/player/scorecards/_/id/1499/year/2008/tournamentId/425/richard-sterne, Masters Tournament - (04/10-04/13), 2008, 1, 445, 4, 5, 2, 575, 5, 5, 3, 350, 4, 4, 4, 240, 3, 4, 5, 455, 4, 4, 6, 180, 3, 4, 7, 450, 4, 5, 8, 570, 5, 4, 9, 460, 4, 4, 10, 495, 4, 3, 11, 505, 4, 4, 12, 155, 3, 3, 13, 510, 5, 5, 14, 440, 4, 3, 15, 530, 5, 6, 16, 170, 3, 3, 17, 440, 4, 3, 18, 465, 4, 4, 
http://espn.go.com/golf/player/scorecards/_/id/1499/year/2008/tournamentId/425/richard-sterne, Masters Tournament - (04/10-04/13), 2008, 1, 445, 4, 4, 2, 575, 5, 6, 3, 350, 4, 3, 4, 240, 3, 3, 5, 455, 4, 5, 6, 180, 3, 3, 7, 450, 4, 5, 8, 570, 5, 4, 9, 460, 4, 4, 10, 495, 4, 5, 11, 505, 4, 3, 12, 155, 3, 4, 13, 510, 5, 5, 14, 440, 4, 4, 15, 530, 5, 4, 16, 170, 3, 2, 17, 440, 4, 4, 18, 465, 4, 4, 
http://espn.go.com/golf/player/scorecards/_/id/1499/year/2008/tournamentId/425/richard-sterne, Masters Tournament - (04/10-04/13), 2008, 1, 445, 4, 5, 2, 575, 5, 5, 3, 350, 4, 4, 4, 240, 3, 4, 5, 455, 4, 5, 6, 180, 3, 3, 7, 450, 4, 5, 8, 570, 5, 4, 9, 460, 4, 5, 10, 495, 4, 4, 11, 505, 4, 4, 12, 155, 3, 3, 13, 510, 5, 5, 14, 440, 4, 4, 15, 530, 5, 4, 16, 170, 3, 2, 17, 440, 4, 4, 18, 465, 4, 3, 
http://espn.go.com/golf/player/scorecards/_/id/1499/year/2008/tournamentId/426/richard-sterne, Verizon Heritage - (04/17-04/20), 2008, 1, 410, 4, 4, 2, 502, 5, 5, 3, 469, 4, 4, 4, 200, 3, 3, 5, 540, 5, 4, 6, 419, 4, 5, 7, 195, 3, 3, 8, 473, 4, 5, 9, 332, 4, 4, 10, 451, 4, 4, 11, 436, 4, 5, 12, 430, 4, 4, 13, 373, 4, 4, 14, 192, 3, 3, 15, 588, 5, 5, 16, 434, 4, 4, 17, 185, 3, 3, 18, 472, 4, 3, 
http://espn.go.com/golf/player/scorecards/_/id/1499/year/2008/tournamentId/426/richard-sterne, Verizon Heritage - (04/17-04/20), 2008, 1, 410, 4, 4, 2, 502, 5, 4, 3, 469, 4, 4, 4, 200, 3, 3, 5, 540, 5, 5, 6, 419, 4, 6, 7, 195, 3, 3, 8, 473, 4, 4, 9, 332, 4, 4, 10, 451, 4, 5, 11, 436, 4, 4, 12, 430, 4, 4, 13, 373, 4, 4, 14, 192, 3, 5, 15, 588, 5, 6, 16, 434, 4, 4, 17, 185, 3, 2, 18, 472, 4, 4, 
http://espn.go.com/golf/player/scorecards/_/id/1499/year/2008/tournamentId/426/richard-sterne, Verizon Heritage - (04/17-04/20), 2008, 1, 410, 4, 4, 2, 502, 5, 4, 3, 469, 4, 4, 4, 200, 3, 3, 5, 540, 5, 6, 6, 419, 4, 4, 7, 195, 3, 3, 8, 473, 4, 5, 9, 332, 4, 4, 10, 451, 4, 5, 11, 436, 4, 5, 12, 430, 4, 4, 13, 373, 4, 4, 14, 192, 3, 3, 15, 588, 5, 5, 16, 434, 4, 3, 17, 185, 3, 3, 18, 472, 4, 4, 
http://espn.go.com/golf/player/scorecards/_/id/1499/year/2008/tournamentId/426/richard-sterne, Verizon Heritage - (04/17-04/20), 2008, 1, 410, 4, 4, 2, 502, 5, 5, 3, 469, 4, 4, 4, 200, 3, 3, 5, 540, 5, 6, 6, 419, 4, 4, 7, 195, 3, 2, 8, 473, 4, 4, 9, 332, 4, 4, 10, 451, 4, 4, 11, 436, 4, 4, 12, 430, 4, 5, 13, 373, 4, 4, 14, 192, 3, 3, 15, 588, 5, 3, 16, 434, 4, 3, 17, 185, 3, 3, 18, 472, 4, 4, 
http://espn.go.com/golf/player/scorecards/_/id/1499/year/2008/tournamentId/423/richard-sterne, THE PLAYERS Championship - (05/08-05/11), 2008, 1, 423, 4, 4, 2, 532, 5, 4, 3, 177, 3, 3, 4, 384, 4, 4, 5, 471, 4, 4, 6, 393, 4, 4, 7, 442, 4, 4, 8, 237, 3, 3, 9, 583, 5, 4, 10, 424, 4, 4, 11, 558, 5, 6, 12, 358, 4, 4, 13, 181, 3, 4, 14, 481, 4, 4, 15, 449, 4, 4, 16, 523, 5, 5, 17, 137, 3, 3, 18, 462, 4, 9, 
http://espn.go.com/golf/player/scorecards/_/id/1499/year/2008/tournamentId/423/richard-sterne, THE PLAYERS Championship - (05/08-05/11), 2008, 1, 423, 4, 4, 2, 532, 5, 5, 3, 177, 3, 3, 4, 384, 4, 4, 5, 471, 4, 5, 6, 393, 4, 4, 7, 442, 4, 4, 8, 237, 3, 4, 9, 583, 5, 6, 10, 424, 4, 5, 11, 558, 5, 4, 12, 358, 4, 6, 13, 181, 3, 2, 14, 481, 4, 5, 15, 449, 4, 4, 16, 523, 5, 4, 17, 137, 3, 3, 18, 462, 4, 4, 
http://espn.go.com/golf/player/scorecards/_/id/1499/year/2008/tournamentId/423/richard-sterne, THE PLAYERS Championship - (05/08-05/11), 2008, 1, 423, 4, 5, 2, 532, 5, 4, 3, 177, 3, 3, 4, 384, 4, 4, 5, 471, 4, 4, 6, 393, 4, 4, 7, 442, 4, 4, 8, 237, 3, 3, 9, 583, 5, 5, 10, 424, 4, 4, 11, 558, 5, 6, 12, 358, 4, 3, 13, 181, 3, 3, 14, 481, 4, 4, 15, 449, 4, 4, 16, 523, 5, 3, 17, 137, 3, 2, 18, 462, 4, 5, 
http://espn.go.com/golf/player/scorecards/_/id/1499/year/2008/tournamentId/423/richard-sterne, THE PLAYERS Championship - (05/08-05/11), 2008, 1, 423, 4, 3, 2, 532, 5, 5, 3, 177, 3, 3, 4, 384, 4, 3, 5, 471, 4, 5, 6, 393, 4, 3, 7, 442, 4, 4, 8, 237, 3, 4, 9, 583, 5, 5, 10, 424, 4, 6, 11, 558, 5, 5, 12, 358, 4, 5, 13, 181, 3, 3, 14, 481, 4, 4, 15, 449, 4, 4, 16, 523, 5, 5, 17, 137, 3, 5, 18, 462, 4, 5, 
http://espn.go.com/golf/player/scorecards/_/id/1499/year/2008/tournamentId/433/richard-sterne, U.S. Open Championship - (06/12-06/15), 2008, 1, 448, 4, 4, 2, 389, 4, 4, 3, 195, 3, 3, 4, 488, 4, 4, 5, 453, 4, 4, 6, 515, 4, 5, 7, 461, 4, 4, 8, 177, 3, 2, 9, 612, 5, 5, 10, 414, 4, 5, 11, 221, 3, 4, 12, 504, 4, 5, 13, 614, 5, 5, 14, 435, 4, 4, 15, 478, 4, 4, 16, 225, 3, 4, 17, 441, 4, 4, 18, 573, 5, 5, 
http://espn.go.com/golf/player/scorecards/_/id/1499/year/2008/tournamentId/433/richard-sterne, U.S. Open Championship - (06/12-06/15), 2008, 1, 448, 4, 4, 2, 389, 4, 4, 3, 195, 3, 3, 4, 488, 4, 5, 5, 453, 4, 5, 6, 515, 4, 4, 7, 461, 4, 5, 8, 177, 3, 4, 9, 612, 5, 6, 10, 414, 4, 5, 11, 221, 3, 3, 12, 504, 4, 5, 13, 614, 5, 5, 14, 435, 4, 4, 15, 478, 4, 3, 16, 225, 3, 2, 17, 441, 4, 3, 18, 573, 5, 6, 
http://espn.go.com/golf/player/scorecards/_/id/1499/year/2008/tournamentId/411/richard-sterne, British Open Championship - (07/17-07/20), 2008, 1, 450, 4, 4, 2, 421, 4, 4, 3, 451, 4, 4, 4, 201, 3, 3, 5, 346, 4, 4, 6, 499, 4, 5, 7, 178, 3, 3, 8, 457, 4, 4, 9, 414, 4, 4, 10, 408, 4, 5, 11, 436, 4, 4, 12, 184, 3, 3, 13, 499, 4, 4, 14, 201, 3, 3, 15, 544, 5, 5, 16, 439, 4, 5, 17, 572, 5, 4, 18, 473, 4, 4, 
http://espn.go.com/golf/player/scorecards/_/id/1499/year/2008/tournamentId/411/richard-sterne, British Open Championship - (07/17-07/20), 2008, 1, 450, 4, 5, 2, 421, 4, 4, 3, 451, 4, 4, 4, 201, 3, 4, 5, 346, 4, 4, 6, 499, 4, 5, 7, 178, 3, 3, 8, 457, 4, 6, 9, 414, 4, 5, 10, 408, 4, 4, 11, 436, 4, 6, 12, 184, 3, 3, 13, 499, 4, 4, 14, 201, 3, 3, 15, 544, 5, 5, 16, 439, 4, 5, 17, 572, 5, 4, 18, 473, 4, 4, 
http://espn.go.com/golf/player/scorecards/_/id/1499/year/2009/tournamentId/562/richard-sterne, World Golf Championships-CA Championship - (03/12-03/15), 2009, 1, 529, 5, 4, 2, 418, 4, 4, 3, 438, 4, 4, 4, 236, 3, 4, 5, 394, 4, 3, 6, 442, 4, 4, 7, 454, 4, 4, 8, 560, 5, 5, 9, 169, 3, 4, 10, 551, 5, 5, 11, 402, 4, 4, 12, 603, 5, 4, 13, 245, 3, 4, 14, 460, 4, 5, 15, 175, 3, 4, 16, 372, 4, 3, 17, 419, 4, 5, 18, 467, 4, 5, 
http://espn.go.com/golf/player/scorecards/_/id/1499/year/2009/tournamentId/562/richard-sterne, World Golf Championships-CA Championship - (03/12-03/15), 2009, 1, 529, 5, 4, 2, 418, 4, 4, 3, 438, 4, 3, 4, 236, 3, 4, 5, 394, 4, 3, 6, 442, 4, 5, 7, 454, 4, 4, 8, 560, 5, 6, 9, 169, 3, 3, 10, 551, 5, 4, 11, 402, 4, 4, 12, 603, 5, 5, 13, 245, 3, 3, 14, 460, 4, 4, 15, 175, 3, 4, 16, 372, 4, 3, 17, 419, 4, 4, 18, 467, 4, 5, 
http://espn.go.com/golf/player/scorecards/_/id/1499/year/2009/tournamentId/562/richard-sterne, World Golf Championships-CA Championship - (03/12-03/15), 2009, 1, 529, 5, 5, 2, 418, 4, 4, 3, 438, 4, 6, 4, 236, 3, 3, 5, 394, 4, 4, 6, 442, 4, 4, 7, 454, 4, 4, 8, 560, 5, 5, 9, 169, 3, 3, 10, 551, 5, 5, 11, 402, 4, 4, 12, 603, 5, 4, 13, 245, 3, 3, 14, 460, 4, 4, 15, 175, 3, 3, 16, 372, 4, 5, 17, 419, 4, 4, 18, 467, 4, 6, 
http://espn.go.com/golf/player/scorecards/_/id/1499/year/2009/tournamentId/562/richard-sterne, World Golf Championships-CA Championship - (03/12-03/15), 2009, 1, 529, 5, 4, 2, 418, 4, 2, 3, 438, 4, 4, 4, 236, 3, 3, 5, 394, 4, 5, 6, 442, 4, 4, 7, 454, 4, 4, 8, 560, 5, 5, 9, 169, 3, 3, 10, 551, 5, 4, 11, 402, 4, 4, 12, 603, 5, 4, 13, 245, 3, 3, 14, 460, 4, 4, 15, 175, 3, 3, 16, 372, 4, 4, 17, 419, 4, 4, 18, 467, 4, 6, 
http://espn.go.com/golf/player/scorecards/_/id/1499/year/2009/tournamentId/534/richard-sterne, Arnold Palmer Invitational presented by MasterCard - (03/26-03/29), 2009, 1, 461, 4, 5, 2, 231, 3, 4, 3, 434, 4, 4, 4, 561, 5, 5, 5, 390, 4, 4, 6, 555, 5, 6, 7, 199, 3, 3, 8, 460, 4, 5, 9, 474, 4, 5, 10, 400, 4, 3, 11, 438, 4, 4, 12, 574, 5, 4, 13, 370, 4, 5, 14, 215, 3, 4, 15, 467, 4, 3, 16, 511, 5, 5, 17, 221, 3, 3, 18, 458, 4, 4, 
http://espn.go.com/golf/player/scorecards/_/id/1499/year/2009/tournamentId/534/richard-sterne, Arnold Palmer Invitational presented by MasterCard - (03/26-03/29), 2009, 1, 461, 4, 5, 2, 231, 3, 3, 3, 434, 4, 5, 4, 561, 5, 5, 5, 390, 4, 3, 6, 555, 5, 5, 7, 199, 3, 2, 8, 460, 4, 4, 9, 474, 4, 5, 10, 400, 4, 4, 11, 438, 4, 5, 12, 574, 5, 5, 13, 370, 4, 4, 14, 215, 3, 4, 15, 467, 4, 7, 16, 511, 5, 5, 17, 221, 3, 3, 18, 458, 4, 4, 
http://espn.go.com/golf/player/scorecards/_/id/1499/year/2009/tournamentId/537/richard-sterne, The Masters - (04/09-04/12), 2009, 1, 445, 4, 4, 2, 575, 5, 4, 3, 350, 4, 5, 4, 240, 3, 4, 5, 455, 4, 5, 6, 180, 3, 3, 7, 450, 4, 4, 8, 570, 5, 4, 9, 460, 4, 4, 10, 495, 4, 5, 11, 505, 4, 4, 12, 155, 3, 5, 13, 510, 5, 4, 14, 440, 4, 4, 15, 530, 5, 4, 16, 170, 3, 3, 17, 440, 4, 4, 18, 465, 4, 4, 
http://espn.go.com/golf/player/scorecards/_/id/1499/year/2009/tournamentId/537/richard-sterne, The Masters - (04/09-04/12), 2009, 1, 445, 4, 4, 2, 575, 5, 5, 3, 350, 4, 3, 4, 240, 3, 2, 5, 455, 4, 4, 6, 180, 3, 3, 7, 450, 4, 4, 8, 570, 5, 4, 9, 460, 4, 4, 10, 495, 4, 4, 11, 505, 4, 5, 12, 155, 3, 5, 13, 510, 5, 5, 14, 440, 4, 4, 15, 530, 5, 4, 16, 170, 3, 4, 17, 440, 4, 4, 18, 465, 4, 4, 
http://espn.go.com/golf/player/scorecards/_/id/1499/year/2009/tournamentId/543/richard-sterne, the Memorial Tournament - (06/04-06/07), 2009, 1, 470, 4, 4, 2, 455, 4, 4, 3, 401, 4, 3, 4, 200, 3, 3, 5, 527, 5, 5, 6, 447, 4, 4, 7, 563, 5, 4, 8, 185, 3, 3, 9, 412, 4, 3, 10, 471, 4, 4, 11, 567, 5, 5, 12, 184, 3, 4, 13, 455, 4, 5, 14, 363, 4, 4, 15, 529, 5, 5, 16, 201, 3, 3, 17, 478, 4, 5, 18, 444, 4, 3, 
http://espn.go.com/golf/player/scorecards/_/id/1499/year/2009/tournamentId/543/richard-sterne, the Memorial Tournament - (06/04-06/07), 2009, 1, 470, 4, 4, 2, 455, 4, 4, 3, 401, 4, 4, 4, 200, 3, 3, 5, 527, 5, 5, 6, 447, 4, 4, 7, 563, 5, 6, 8, 185, 3, 3, 9, 412, 4, 4, 10, 471, 4, 4, 11, 567, 5, 6, 12, 184, 3, 5, 13, 455, 4, 4, 14, 363, 4, 4, 15, 529, 5, 4, 16, 201, 3, 3, 17, 478, 4, 4, 18, 444, 4, 3, 
http://espn.go.com/golf/player/scorecards/_/id/1499/year/2009/tournamentId/543/richard-sterne, the Memorial Tournament - (06/04-06/07), 2009, 1, 470, 4, 4, 2, 455, 4, 3, 3, 401, 4, 4, 4, 200, 3, 3, 5, 527, 5, 6, 6, 447, 4, 4, 7, 563, 5, 5, 8, 185, 3, 2, 9, 412, 4, 4, 10, 471, 4, 4, 11, 567, 5, 5, 12, 184, 3, 3, 13, 455, 4, 4, 14, 363, 4, 4, 15, 529, 5, 4, 16, 201, 3, 4, 17, 478, 4, 4, 18, 444, 4, 4, 
http://espn.go.com/golf/player/scorecards/_/id/1499/year/2009/tournamentId/543/richard-sterne, the Memorial Tournament - (06/04-06/07), 2009, 1, 470, 4, 4, 2, 455, 4, 5, 3, 401, 4, 4, 4, 200, 3, 3, 5, 527, 5, 4, 6, 447, 4, 4, 7, 563, 5, 4, 8, 185, 3, 3, 9, 412, 4, 4, 10, 471, 4, 4, 11, 567, 5, 5, 12, 184, 3, 4, 13, 455, 4, 4, 14, 363, 4, 4, 15, 529, 5, 5, 16, 201, 3, 3, 17, 478, 4, 6, 18, 444, 4, 4, 
http://espn.go.com/golf/player/scorecards/_/id/1499/year/2009/tournamentId/549/richard-sterne, British Open Championship - (07/16-07/19), 2009, 1, 354, 4, 3, 2, 428, 4, 4, 3, 489, 4, 4, 4, 166, 3, 2, 5, 474, 4, 4, 6, 231, 3, 3, 7, 538, 5, 4, 8, 454, 4, 4, 9, 449, 4, 4, 10, 456, 4, 4, 11, 175, 3, 3, 12, 451, 4, 5, 13, 410, 4, 4, 14, 448, 4, 4, 15, 206, 3, 5, 16, 455, 4, 4, 17, 559, 5, 4, 18, 461, 4, 5, 
http://espn.go.com/golf/player/scorecards/_/id/1499/year/2009/tournamentId/549/richard-sterne, British Open Championship - (07/16-07/19), 2009, 1, 354, 4, 4, 2, 428, 4, 5, 3, 489, 4, 4, 4, 166, 3, 3, 5, 474, 4, 5, 6, 231, 3, 3, 7, 538, 5, 5, 8, 454, 4, 4, 9, 449, 4, 5, 10, 456, 4, 4, 11, 175, 3, 3, 12, 451, 4, 4, 13, 410, 4, 4, 14, 448, 4, 4, 15, 206, 3, 4, 16, 455, 4, 4, 17, 559, 5, 5, 18, 461, 4, 5, 
http://espn.go.com/golf/player/scorecards/_/id/1499/year/2009/tournamentId/549/richard-sterne, British Open Championship - (07/16-07/19), 2009, 1, 354, 4, 4, 2, 428, 4, 4, 3, 489, 4, 4, 4, 166, 3, 4, 5, 474, 4, 4, 6, 231, 3, 3, 7, 538, 5, 4, 8, 454, 4, 4, 9, 449, 4, 5, 10, 456, 4, 4, 11, 175, 3, 3, 12, 451, 4, 4, 13, 410, 4, 5, 14, 448, 4, 4, 15, 206, 3, 4, 16, 455, 4, 3, 17, 559, 5, 4, 18, 461, 4, 6, 
http://espn.go.com/golf/player/scorecards/_/id/1499/year/2009/tournamentId/549/richard-sterne, British Open Championship - (07/16-07/19), 2009, 1, 354, 4, 3, 2, 428, 4, 4, 3, 489, 4, 4, 4, 166, 3, 2, 5, 474, 4, 4, 6, 231, 3, 4, 7, 538, 5, 4, 8, 454, 4, 4, 9, 449, 4, 3, 10, 456, 4, 4, 11, 175, 3, 2, 12, 451, 4, 4, 13, 410, 4, 4, 14, 448, 4, 5, 15, 206, 3, 3, 16, 455, 4, 5, 17, 559, 5, 4, 18, 461, 4, 4, 
http://espn.go.com/golf/player/scorecards/_/id/1499/year/2009/tournamentId/552/richard-sterne, World Golf Championships-Bridgestone Invitational - (08/06-08/09), 2009, 1, 399, 4, 4, 2, 526, 5, 5, 3, 442, 4, 3, 4, 471, 4, 4, 5, 200, 3, 3, 6, 469, 4, 6, 7, 219, 3, 3, 8, 482, 4, 5, 9, 494, 4, 4, 10, 410, 4, 4, 11, 418, 4, 5, 12, 180, 3, 3, 13, 471, 4, 4, 14, 467, 4, 4, 15, 221, 3, 5, 16, 667, 5, 6, 17, 400, 4, 5, 18, 464, 4, 4, 
http://espn.go.com/golf/player/scorecards/_/id/1499/year/2009/tournamentId/552/richard-sterne, World Golf Championships-Bridgestone Invitational - (08/06-08/09), 2009, 1, 399, 4, 5, 2, 526, 5, 4, 3, 442, 4, 4, 4, 471, 4, 4, 5, 200, 3, 3, 6, 469, 4, 4, 7, 219, 3, 3, 8, 482, 4, 4, 9, 494, 4, 4, 10, 410, 4, 5, 11, 418, 4, 5, 12, 180, 3, 3, 13, 471, 4, 4, 14, 467, 4, 4, 15, 221, 3, 2, 16, 667, 5, 5, 17, 400, 4, 4, 18, 464, 4, 4, 
http://espn.go.com/golf/player/scorecards/_/id/1499/year/2009/tournamentId/552/richard-sterne, World Golf Championships-Bridgestone Invitational - (08/06-08/09), 2009, 1, 399, 4, 4, 2, 526, 5, 4, 3, 442, 4, 5, 4, 471, 4, 4, 5, 200, 3, 3, 6, 469, 4, 4, 7, 219, 3, 3, 8, 482, 4, 4, 9, 494, 4, 5, 10, 410, 4, 4, 11, 418, 4, 4, 12, 180, 3, 3, 13, 471, 4, 5, 14, 467, 4, 3, 15, 221, 3, 4, 16, 667, 5, 4, 17, 400, 4, 5, 18, 464, 4, 5, 
http://espn.go.com/golf/player/scorecards/_/id/1499/year/2009/tournamentId/552/richard-sterne, World Golf Championships-Bridgestone Invitational - (08/06-08/09), 2009, 1, 399, 4, 5, 2, 526, 5, 6, 3, 442, 4, 4, 4, 471, 4, 4, 5, 200, 3, 3, 6, 469, 4, 4, 7, 219, 3, 3, 8, 482, 4, 4, 9, 494, 4, 4, 10, 410, 4, 4, 11, 418, 4, 4, 12, 180, 3, 3, 13, 471, 4, 4, 14, 467, 4, 4, 15, 221, 3, 3, 16, 667, 5, 5, 17, 400, 4, 4, 18, 464, 4, 4, 
http://espn.go.com/golf/player/scorecards/_/id/1499/year/2009/tournamentId/551/richard-sterne, PGA Championship - (08/13-08/16), 2009, 1, 490, 4, 4, 2, 431, 4, 4, 3, 633, 5, 5, 4, 210, 3, 3, 5, 448, 4, 3, 6, 405, 4, 4, 7, 572, 5, 4, 8, 176, 3, 3, 9, 432, 4, 4, 10, 452, 4, 6, 11, 606, 5, 6, 12, 518, 4, 6, 13, 248, 3, 4, 14, 352, 4, 4, 15, 642, 5, , 16, 402, 4, , 17, 182, 3, , 18, 475, 4, , 
http://espn.go.com/golf/player/scorecards/_/id/1499/year/2009/tournamentId/551/richard-sterne, PGA Championship - (08/13-08/16), 2009, 1, 490, 4, 5, 2, 431, 4, 4, 3, 633, 5, 6, 4, 210, 3, 3, 5, 448, 4, 4, 6, 405, 4, 4, 7, 572, 5, 5, 8, 176, 3, 3, 9, 432, 4, 5, 10, 452, 4, 4, 11, 606, 5, 4, 12, 518, 4, 5, 13, 248, 3, 2, 14, 352, 4, 3, 15, 642, 5, 4, 16, 402, 4, 4, 17, 182, 3, 3, 18, 475, 4, 4, 
http://espn.go.com/golf/player/scorecards/_/id/1499/year/2009/tournamentId/551/richard-sterne, PGA Championship - (08/13-08/16), 2009, 1, 490, 4, 4, 2, 431, 4, 4, 3, 633, 5, 5, 4, 210, 3, 3, 5, 448, 4, 4, 6, 405, 4, 4, 7, 572, 5, 5, 8, 176, 3, 3, 9, 432, 4, 4, 10, 452, 4, 3, 11, 606, 5, 5, 12, 518, 4, 5, 13, 248, 3, 5, 14, 352, 4, 3, 15, 642, 5, 6, 16, 402, 4, 4, 17, 182, 3, 3, 18, 475, 4, 3, 
http://espn.go.com/golf/player/scorecards/_/id/1499/year/2012/tournamentId/1017/richard-sterne, The Open Championship - (07/19-07/22), 2012, 1, 205, 3, 3, 2, 481, 4, 4, 3, 478, 4, 4, 4, 392, 4, 3, 5, 219, 3, 3, 6, 492, 4, 4, 7, 592, 5, 6, 8, 416, 4, 4, 9, 165, 3, 3, 10, 387, 4, 4, 11, 598, 5, 5, 12, 198, 3, 3, 13, 355, 4, 4, 14, 444, 4, 4, 15, 462, 4, 4, 16, 336, 4, 4, 17, 453, 4, 4, 18, 413, 4, 4, 
http://espn.go.com/golf/player/scorecards/_/id/1499/year/2012/tournamentId/1017/richard-sterne, The Open Championship - (07/19-07/22), 2012, 1, 205, 3, 3, 2, 481, 4, 4, 3, 478, 4, 4, 4, 392, 4, 4, 5, 219, 3, 3, 6, 492, 4, 4, 7, 592, 5, 6, 8, 416, 4, 4, 9, 165, 3, 3, 10, 387, 4, 4, 11, 598, 5, 5, 12, 198, 3, 3, 13, 355, 4, 4, 14, 444, 4, 4, 15, 462, 4, 5, 16, 336, 4, 3, 17, 453, 4, 5, 18, 413, 4, 5, 
http://espn.go.com/golf/player/scorecards/_/id/1499/year/2012/tournamentId/1017/richard-sterne, The Open Championship - (07/19-07/22), 2012, 1, 205, 3, 2, 2, 481, 4, 4, 3, 478, 4, 4, 4, 392, 4, 4, 5, 219, 3, 3, 6, 492, 4, 5, 7, 592, 5, 5, 8, 416, 4, 4, 9, 165, 3, 3, 10, 387, 4, 4, 11, 598, 5, 5, 12, 198, 3, 2, 13, 355, 4, 5, 14, 444, 4, 5, 15, 462, 4, 5, 16, 336, 4, 5, 17, 453, 4, 4, 18, 413, 4, 4, 
http://espn.go.com/golf/player/scorecards/_/id/1499/year/2012/tournamentId/1017/richard-sterne, The Open Championship - (07/19-07/22), 2012, 1, 205, 3, 3, 2, 481, 4, 4, 3, 478, 4, 4, 4, 392, 4, 4, 5, 219, 3, 2, 6, 492, 4, 4, 7, 592, 5, 4, 8, 416, 4, 5, 9, 165, 3, 3, 10, 387, 4, 4, 11, 598, 5, 5, 12, 198, 3, 3, 13, 355, 4, 3, 14, 444, 4, 4, 15, 462, 4, 4, 16, 336, 4, 4, 17, 453, 4, 4, 18, 413, 4, 5, 
http://espn.go.com/golf/player/scorecards/_/id/1499/tournamentId/1193/richard-sterne, RBC Heritage - (04/18-04/21), 2013, 1, 410, 4, 5, 2, 502, 5, 4, 3, 469, 4, 5, 4, 200, 3, 3, 5, 540, 5, 4, 6, 419, 4, 4, 7, 195, 3, 2, 8, 473, 4, 4, 9, 332, 4, 4, 10, 451, 4, 4, 11, 436, 4, 5, 12, 430, 4, 3, 13, 373, 4, 4, 14, 192, 3, 3, 15, 588, 5, 6, 16, 434, 4, 5, 17, 185, 3, 4, 18, 472, 4, 4, 
http://espn.go.com/golf/player/scorecards/_/id/1499/tournamentId/1193/richard-sterne, RBC Heritage - (04/18-04/21), 2013, 1, 410, 4, 4, 2, 502, 5, 5, 3, 469, 4, 5, 4, 200, 3, 4, 5, 540, 5, 5, 6, 419, 4, 3, 7, 195, 3, 3, 8, 473, 4, 4, 9, 332, 4, 5, 10, 451, 4, 4, 11, 436, 4, 5, 12, 430, 4, 4, 13, 373, 4, 4, 14, 192, 3, 5, 15, 588, 5, 5, 16, 434, 4, 5, 17, 185, 3, 3, 18, 472, 4, 4, 
http://espn.go.com/golf/player/scorecards/_/id/1499/tournamentId/1192/richard-sterne, Masters Tournament - (04/11-04/14), 2013, 1, 445, 4, 4, 2, 575, 5, 4, 3, 350, 4, 5, 4, 240, 3, 3, 5, 455, 4, 4, 6, 180, 3, 3, 7, 450, 4, 4, 8, 570, 5, 4, 9, 460, 4, 4, 10, 495, 4, 5, 11, 505, 4, 5, 12, 155, 3, 2, 13, 510, 5, 4, 14, 440, 4, 3, 15, 530, 5, 5, 16, 170, 3, 3, 17, 440, 4, 4, 18, 465, 4, 4, 
http://espn.go.com/golf/player/scorecards/_/id/1499/tournamentId/1192/richard-sterne, Masters Tournament - (04/11-04/14), 2013, 1, 445, 4, 4, 2, 575, 5, 4, 3, 350, 4, 4, 4, 240, 3, 5, 5, 455, 4, 3, 6, 180, 3, 4, 7, 450, 4, 5, 8, 570, 5, 4, 9, 460, 4, 5, 10, 495, 4, 4, 11, 505, 4, 5, 12, 155, 3, 3, 13, 510, 5, 4, 14, 440, 4, 5, 15, 530, 5, 5, 16, 170, 3, 3, 17, 440, 4, 4, 18, 465, 4, 4, 
http://espn.go.com/golf/player/scorecards/_/id/1499/tournamentId/1192/richard-sterne, Masters Tournament - (04/11-04/14), 2013, 1, 445, 4, 4, 2, 575, 5, 3, 3, 350, 4, 5, 4, 240, 3, 4, 5, 455, 4, 5, 6, 180, 3, 3, 7, 450, 4, 5, 8, 570, 5, 4, 9, 460, 4, 5, 10, 495, 4, 4, 11, 505, 4, 4, 12, 155, 3, 4, 13, 510, 5, 4, 14, 440, 4, 4, 15, 530, 5, 4, 16, 170, 3, 3, 17, 440, 4, 3, 18, 465, 4, 4, 
http://espn.go.com/golf/player/scorecards/_/id/1499/tournamentId/1192/richard-sterne, Masters Tournament - (04/11-04/14), 2013, 1, 445, 4, 4, 2, 575, 5, 5, 3, 350, 4, 4, 4, 240, 3, 3, 5, 455, 4, 3, 6, 180, 3, 3, 7, 450, 4, 5, 8, 570, 5, 5, 9, 460, 4, 5, 10, 495, 4, 4, 11, 505, 4, 4, 12, 155, 3, 3, 13, 510, 5, 5, 14, 440, 4, 4, 15, 530, 5, 4, 16, 170, 3, 3, 17, 440, 4, 4, 18, 465, 4, 5, 
http://espn.go.com/golf/player/scorecards/_/id/1499/tournamentId/1215/richard-sterne, World Golf Championships-Cadillac Championship - (03/07-03/10), 2013, 1, 529, 5, 4, 2, 418, 4, 4, 3, 438, 4, 4, 4, 236, 3, 3, 5, 394, 4, 4, 6, 442, 4, 4, 7, 454, 4, 3, 8, 560, 5, 4, 9, 169, 3, 2, 10, 551, 5, 5, 11, 402, 4, 3, 12, 603, 5, 5, 13, 245, 3, 2, 14, 460, 4, 4, 15, 175, 3, 3, 16, 372, 4, 5, 17, 419, 4, 4, 18, 467, 4, 4, 
http://espn.go.com/golf/player/scorecards/_/id/1499/tournamentId/1215/richard-sterne, World Golf Championships-Cadillac Championship - (03/07-03/10), 2013, 1, 529, 5, 4, 2, 418, 4, 5, 3, 438, 4, 4, 4, 236, 3, 2, 5, 394, 4, 4, 6, 442, 4, 4, 7, 454, 4, 4, 8, 560, 5, 5, 9, 169, 3, 3, 10, 551, 5, 6, 11, 402, 4, 4, 12, 603, 5, 5, 13, 245, 3, 3, 14, 460, 4, 3, 15, 175, 3, 3, 16, 372, 4, 4, 17, 419, 4, 4, 18, 467, 4, 4, 
http://espn.go.com/golf/player/scorecards/_/id/1499/tournamentId/1215/richard-sterne, World Golf Championships-Cadillac Championship - (03/07-03/10), 2013, 1, 529, 5, 4, 2, 418, 4, 5, 3, 438, 4, 3, 4, 236, 3, 3, 5, 394, 4, 5, 6, 442, 4, 4, 7, 454, 4, 4, 8, 560, 5, 4, 9, 169, 3, 3, 10, 551, 5, 4, 11, 402, 4, 5, 12, 603, 5, 4, 13, 245, 3, 4, 14, 460, 4, 3, 15, 175, 3, 4, 16, 372, 4, 4, 17, 419, 4, 4, 18, 467, 4, 4, 
http://espn.go.com/golf/player/scorecards/_/id/1499/tournamentId/1215/richard-sterne, World Golf Championships-Cadillac Championship - (03/07-03/10), 2013, 1, 529, 5, 5, 2, 418, 4, 3, 3, 438, 4, 4, 4, 236, 3, 4, 5, 394, 4, 4, 6, 442, 4, 4, 7, 454, 4, 4, 8, 560, 5, 5, 9, 169, 3, 3, 10, 551, 5, 5, 11, 402, 4, 3, 12, 603, 5, 5, 13, 245, 3, 3, 14, 460, 4, 4, 15, 175, 3, 3, 16, 372, 4, 4, 17, 419, 4, 3, 18, 467, 4, 4, 
