http://espn.go.com/golf/player/scorecards/_/id/3452/year/2007/tournamentId/460/daniel-summerhays, PGA TOUR Qualifying Tournament - (11/28-12/03), 2007, 1, -, 5, 4, 2, -, 4, 4, 3, -, 4, 4, 4, -, 5, 3, 5, -, 4, 3, 6, -, 3, 3, 7, -, 4, 5, 8, -, 3, 4, 9, -, 4, 4, 10, -, 4, 4, 11, -, 4, 2, 12, -, 4, 4, 13, -, 3, 3, 14, -, 5, 5, 15, -, 3, 5, 16, -, 4, 4, 17, -, 5, 3, 18, -, 4, 5, 
http://espn.go.com/golf/player/scorecards/_/id/3452/year/2007/tournamentId/460/daniel-summerhays, PGA TOUR Qualifying Tournament - (11/28-12/03), 2007, 1, -, 5, 4, 2, -, 4, 4, 3, -, 4, 4, 4, -, 5, 5, 5, -, 4, 4, 6, -, 3, 3, 7, -, 4, 5, 8, -, 3, 4, 9, -, 4, 3, 10, -, 4, 3, 11, -, 4, 3, 12, -, 4, 4, 13, -, 3, 3, 14, -, 5, 5, 15, -, 3, 3, 16, -, 4, 4, 17, -, 5, 6, 18, -, 4, 4, 
http://espn.go.com/golf/player/scorecards/_/id/3452/year/2007/tournamentId/460/daniel-summerhays, PGA TOUR Qualifying Tournament - (11/28-12/03), 2007, 1, -, 5, 4, 2, -, 4, 4, 3, -, 4, 4, 4, -, 5, 3, 5, -, 4, 4, 6, -, 3, 3, 7, -, 4, 4, 8, -, 3, 5, 9, -, 4, 4, 10, -, 4, 5, 11, -, 4, 3, 12, -, 4, 4, 13, -, 3, 4, 14, -, 5, 5, 15, -, 3, 3, 16, -, 4, 5, 17, -, 5, 3, 18, -, 4, 5, 
http://espn.go.com/golf/player/scorecards/_/id/3452/year/2007/tournamentId/460/daniel-summerhays, PGA TOUR Qualifying Tournament - (11/28-12/03), 2007, 1, -, 5, 5, 2, -, 4, 5, 3, -, 4, 3, 4, -, 5, 4, 5, -, 4, 4, 6, -, 3, 3, 7, -, 4, 3, 8, -, 3, 3, 9, -, 4, 4, 10, -, 4, 4, 11, -, 4, 4, 12, -, 4, 4, 13, -, 3, 3, 14, -, 5, 4, 15, -, 3, 4, 16, -, 4, 3, 17, -, 5, 5, 18, -, 4, 4, 
http://espn.go.com/golf/player/scorecards/_/id/3452/year/2007/tournamentId/460/daniel-summerhays, PGA TOUR Qualifying Tournament - (11/28-12/03), 2007, 1, -, 5, 5, 2, -, 4, 3, 3, -, 4, 5, 4, -, 5, 3, 5, -, 4, 4, 6, -, 3, 3, 7, -, 4, 4, 8, -, 3, 4, 9, -, 4, 5, 10, -, 4, 4, 11, -, 4, 4, 12, -, 4, 4, 13, -, 3, 4, 14, -, 5, 5, 15, -, 3, 3, 16, -, 4, 4, 17, -, 5, 3, 18, -, 4, 5, 
http://espn.go.com/golf/player/scorecards/_/id/3452/year/2007/tournamentId/460/daniel-summerhays, PGA TOUR Qualifying Tournament - (11/28-12/03), 2007, 1, -, 5, 5, 2, -, 4, 5, 3, -, 4, 4, 4, -, 5, 4, 5, -, 4, 5, 6, -, 3, 3, 7, -, 4, 4, 8, -, 3, 3, 9, -, 4, 5, 10, -, 4, 4, 11, -, 4, 4, 12, -, 4, 3, 13, -, 3, 3, 14, -, 5, 5, 15, -, 3, 3, 16, -, 4, 4, 17, -, 5, 5, 18, -, 4, 4, 
http://espn.go.com/golf/player/scorecards/_/id/3452/year/2008/tournamentId/594/daniel-summerhays, PGA Tour Qualifying Tournament - (12/03-12/08), 2008, 1, 374, 4, 5, 2, 414, 4, 4, 3, 177, 3, 3, 4, 538, 5, 5, 5, 443, 4, 4, 6, 406, 4, 3, 7, 140, 3, 4, 8, 509, 5, 3, 9, 410, 4, 4, 10, 412, 4, 4, 11, 191, 3, 5, 12, 403, 4, 3, 13, 528, 5, 3, 14, 375, 4, 4, 15, 415, 4, 5, 16, 530, 5, 4, 17, 204, 3, 2, 18, 455, 4, 3, 
http://espn.go.com/golf/player/scorecards/_/id/3452/year/2008/tournamentId/594/daniel-summerhays, PGA Tour Qualifying Tournament - (12/03-12/08), 2008, 1, 445, 4, 3, 2, 371, 4, 4, 3, 471, 4, 4, 4, 192, 3, 3, 5, 535, 5, 4, 6, 255, 3, 3, 7, 346, 4, 4, 8, 559, 5, 5, 9, 452, 4, 5, 10, 416, 4, 5, 11, 617, 5, 6, 12, 363, 4, 4, 13, 214, 3, 4, 14, 389, 4, 4, 15, 468, 4, 4, 16, 600, 5, 5, 17, 168, 3, 3, 18, 439, 4, 4, 
http://espn.go.com/golf/player/scorecards/_/id/3452/year/2008/tournamentId/594/daniel-summerhays, PGA Tour Qualifying Tournament - (12/03-12/08), 2008, 1, 374, 4, 3, 2, 414, 4, 3, 3, 177, 3, 2, 4, 538, 5, 5, 5, 443, 4, 4, 6, 406, 4, 4, 7, 140, 3, 4, 8, 509, 5, 3, 9, 410, 4, 4, 10, 412, 4, 4, 11, 191, 3, 4, 12, 403, 4, 3, 13, 528, 5, 4, 14, 375, 4, 3, 15, 415, 4, 4, 16, 530, 5, 4, 17, 204, 3, 3, 18, 455, 4, 4, 
http://espn.go.com/golf/player/scorecards/_/id/3452/year/2008/tournamentId/594/daniel-summerhays, PGA Tour Qualifying Tournament - (12/03-12/08), 2008, 1, 445, 4, 4, 2, 371, 4, 4, 3, 471, 4, 4, 4, 192, 3, 2, 5, 535, 5, 5, 6, 255, 3, 3, 7, 346, 4, 5, 8, 559, 5, 4, 9, 452, 4, 4, 10, 416, 4, 5, 11, 617, 5, 5, 12, 363, 4, 5, 13, 214, 3, 3, 14, 389, 4, 3, 15, 468, 4, 5, 16, 600, 5, 5, 17, 168, 3, 3, 18, 439, 4, 4, 
http://espn.go.com/golf/player/scorecards/_/id/3452/year/2008/tournamentId/594/daniel-summerhays, PGA Tour Qualifying Tournament - (12/03-12/08), 2008, 1, 445, 4, 5, 2, 371, 4, 4, 3, 471, 4, 4, 4, 192, 3, 3, 5, 535, 5, 5, 6, 255, 3, 3, 7, 346, 4, 4, 8, 559, 5, 4, 9, 452, 4, 3, 10, 416, 4, 3, 11, 617, 5, 5, 12, 363, 4, 3, 13, 214, 3, 3, 14, 389, 4, 3, 15, 468, 4, 4, 16, 600, 5, 5, 17, 168, 3, 3, 18, 439, 4, 4, 
http://espn.go.com/golf/player/scorecards/_/id/3452/year/2008/tournamentId/594/daniel-summerhays, PGA Tour Qualifying Tournament - (12/03-12/08), 2008, 1, 374, 4, 5, 2, 414, 4, 4, 3, 177, 3, 3, 4, 538, 5, 5, 5, 443, 4, 4, 6, 406, 4, 3, 7, 140, 3, 6, 8, 509, 5, 2, 9, 410, 4, 3, 10, 412, 4, 4, 11, 191, 3, 6, 12, 403, 4, 2, 13, 528, 5, 4, 14, 375, 4, 4, 15, 415, 4, 5, 16, 530, 5, 4, 17, 204, 3, 3, 18, 455, 4, 3, 
http://espn.go.com/golf/player/scorecards/_/id/3452/year/2010/tournamentId/797/daniel-summerhays, U.S. Open Championship - (06/17-06/20), 2010, 1, 380, 4, 5, 2, 502, 4, 6, 3, 404, 4, 4, 4, 331, 4, 4, 5, 195, 3, 4, 6, 523, 5, 4, 7, 109, 3, 3, 8, 428, 4, 4, 9, 505, 4, 5, 10, 495, 4, 5, 11, 390, 4, 4, 12, 202, 3, 4, 13, 445, 4, 4, 14, 580, 5, 5, 15, 397, 4, 5, 16, 403, 4, 4, 17, 208, 3, 3, 18, 543, 5, 4, 
http://espn.go.com/golf/player/scorecards/_/id/3452/year/2010/tournamentId/797/daniel-summerhays, U.S. Open Championship - (06/17-06/20), 2010, 1, 380, 4, 5, 2, 502, 4, 5, 3, 404, 4, 4, 4, 331, 4, 4, 5, 195, 3, 3, 6, 523, 5, 4, 7, 109, 3, 2, 8, 428, 4, 4, 9, 505, 4, 5, 10, 495, 4, 5, 11, 390, 4, 5, 12, 202, 3, 5, 13, 445, 4, 4, 14, 580, 5, 5, 15, 397, 4, 4, 16, 403, 4, 4, 17, 208, 3, 5, 18, 543, 5, 6, 
http://espn.go.com/golf/player/scorecards/_/id/3452/year/2011/tournamentId/897/daniel-summerhays, Sony Open in Hawaii - (01/13-01/16), 2011, 1, 480, 4, 4, 2, 423, 4, 5, 3, 422, 4, 4, 4, 204, 3, 3, 5, 467, 4, 6, 6, 460, 4, 4, 7, 176, 3, 3, 8, 454, 4, 4, 9, 506, 5, 4, 10, 351, 4, 3, 11, 194, 3, 3, 12, 440, 4, 4, 13, 477, 4, 3, 14, 430, 4, 4, 15, 398, 4, 4, 16, 417, 4, 4, 17, 194, 3, 3, 18, 551, 5, 5, 
http://espn.go.com/golf/player/scorecards/_/id/3452/year/2011/tournamentId/897/daniel-summerhays, Sony Open in Hawaii - (01/13-01/16), 2011, 1, 480, 4, 5, 2, 423, 4, 5, 3, 422, 4, 4, 4, 204, 3, 3, 5, 467, 4, 4, 6, 460, 4, 4, 7, 176, 3, 3, 8, 454, 4, 4, 9, 506, 5, 4, 10, 351, 4, 4, 11, 194, 3, 3, 12, 440, 4, 4, 13, 477, 4, 4, 14, 430, 4, 4, 15, 398, 4, 4, 16, 417, 4, 4, 17, 194, 3, 3, 18, 551, 5, 4, 
http://espn.go.com/golf/player/scorecards/_/id/3452/year/2011/tournamentId/897/daniel-summerhays, Sony Open in Hawaii - (01/13-01/16), 2011, 1, 480, 4, 4, 2, 423, 4, 5, 3, 422, 4, 3, 4, 204, 3, 2, 5, 467, 4, 4, 6, 460, 4, 4, 7, 176, 3, 2, 8, 454, 4, 3, 9, 506, 5, 4, 10, 351, 4, 4, 11, 194, 3, 3, 12, 440, 4, 4, 13, 477, 4, 4, 14, 430, 4, 3, 15, 398, 4, 3, 16, 417, 4, 4, 17, 194, 3, 3, 18, 551, 5, 5, 
http://espn.go.com/golf/player/scorecards/_/id/3452/year/2011/tournamentId/897/daniel-summerhays, Sony Open in Hawaii - (01/13-01/16), 2011, 1, 480, 4, 5, 2, 423, 4, 4, 3, 422, 4, 4, 4, 204, 3, 3, 5, 467, 4, 5, 6, 460, 4, 4, 7, 176, 3, 3, 8, 454, 4, 4, 9, 506, 5, 5, 10, 351, 4, 3, 11, 194, 3, 3, 12, 440, 4, 3, 13, 477, 4, 5, 14, 430, 4, 5, 15, 398, 4, 3, 16, 417, 4, 4, 17, 194, 3, 3, 18, 551, 5, 5, 
http://espn.go.com/golf/player/scorecards/_/id/3452/year/2011/tournamentId/893/daniel-summerhays, Bob Hope Classic - (01/19-01/23), 2011, 1, 426, 4, 4, 2, 514, 5, 5, 3, 180, 3, 2, 4, 396, 4, 5, 5, 233, 3, 3, 6, 562, 5, 4, 7, 439, 4, 3, 8, 358, 4, 4, 9, 461, 4, 5, 10, 453, 4, 4, 11, 512, 5, 5, 12, 207, 3, 4, 13, 447, 4, 4, 14, 569, 5, 5, 15, 156, 3, 3, 16, 364, 4, 3, 17, 130, 3, 3, 18, 543, 5, 5, 
http://espn.go.com/golf/player/scorecards/_/id/3452/year/2011/tournamentId/893/daniel-summerhays, Bob Hope Classic - (01/19-01/23), 2011, 1, 426, 4, 3, 2, 514, 5, 4, 3, 180, 3, 3, 4, 396, 4, 4, 5, 233, 3, 2, 6, 562, 5, 4, 7, 439, 4, 3, 8, 358, 4, 4, 9, 461, 4, 4, 10, 453, 4, 5, 11, 512, 5, 4, 12, 207, 3, 3, 13, 447, 4, 3, 14, 569, 5, 5, 15, 156, 3, 2, 16, 364, 4, 4, 17, 130, 3, 3, 18, 543, 5, 4, 
http://espn.go.com/golf/player/scorecards/_/id/3452/year/2011/tournamentId/893/daniel-summerhays, Bob Hope Classic - (01/19-01/23), 2011, 1, 374, 4, 4, 2, 414, 4, 4, 3, 177, 3, 4, 4, 538, 5, 4, 5, 443, 4, 4, 6, 406, 4, 4, 7, 140, 3, 2, 8, 509, 5, 4, 9, 410, 4, 5, 10, 412, 4, 3, 11, 191, 3, 3, 12, 403, 4, 4, 13, 528, 5, 5, 14, 375, 4, 3, 15, 415, 4, 3, 16, 530, 5, 4, 17, 204, 3, 3, 18, 455, 4, 5, 
http://espn.go.com/golf/player/scorecards/_/id/3452/year/2011/tournamentId/893/daniel-summerhays, Bob Hope Classic - (01/19-01/23), 2011, 1, 382, 4, 3, 2, 434, 4, 4, 3, 202, 3, 3, 4, 384, 4, 3, 5, 516, 5, 4, 6, 527, 5, 5, 7, 168, 3, 3, 8, 389, 4, 4, 9, 399, 4, 4, 10, 405, 4, 4, 11, 543, 5, 4, 12, 202, 3, 3, 13, 547, 5, 4, 14, 469, 4, 4, 15, 206, 3, 3, 16, 454, 4, 4, 17, 421, 4, 4, 18, 412, 4, 3, 
http://espn.go.com/golf/player/scorecards/_/id/3452/year/2011/tournamentId/893/daniel-summerhays, Bob Hope Classic - (01/19-01/23), 2011, 1, 426, 4, 4, 2, 592, 5, 5, 3, 183, 3, 3, 4, 385, 4, 5, 5, 335, 4, 3, 6, 493, 4, 4, 7, 603, 5, 4, 8, 191, 3, 3, 9, 489, 4, 3, 10, 350, 4, 4, 11, 418, 4, 3, 12, 625, 5, 5, 13, 449, 4, 4, 14, 165, 3, 3, 15, 480, 4, 4, 16, 468, 4, 4, 17, 207, 3, 3, 18, 544, 5, 5, 
http://espn.go.com/golf/player/scorecards/_/id/3452/year/2011/tournamentId/896/daniel-summerhays, Farmers Insurance Open - (01/27-01/30), 2011, 1, 450, 4, 4, 2, 389, 4, 4, 3, 200, 3, 3, 4, 488, 4, 4, 5, 454, 4, 5, 6, 560, 5, 5, 7, 462, 4, 4, 8, 176, 3, 3, 9, 614, 5, 5, 10, 416, 4, 5, 11, 221, 3, 3, 12, 504, 4, 4, 13, 614, 5, 5, 14, 437, 4, 4, 15, 478, 4, 5, 16, 223, 3, 3, 17, 442, 4, 4, 18, 570, 5, 5, 
http://espn.go.com/golf/player/scorecards/_/id/3452/year/2011/tournamentId/896/daniel-summerhays, Farmers Insurance Open - (01/27-01/30), 2011, 1, 519, 5, 5, 2, 329, 4, 3, 3, 179, 3, 4, 4, 434, 4, 4, 5, 411, 4, 5, 6, 205, 3, 3, 7, 399, 4, 3, 8, 436, 4, 3, 9, 547, 5, 5, 10, 417, 4, 4, 11, 490, 4, 5, 12, 240, 3, 3, 13, 471, 4, 5, 14, 523, 5, 5, 15, 397, 4, 3, 16, 366, 4, 4, 17, 174, 3, 3, 18, 516, 5, 5, 
http://espn.go.com/golf/player/scorecards/_/id/3452/year/2011/tournamentId/894/daniel-summerhays, Waste Management Phoenix Open - (02/03-02/07), 2011, 1, 410, 4, 4, 2, 416, 4, 4, 3, 554, 5, 4, 4, 175, 3, 3, 5, 453, 4, 3, 6, 436, 4, 4, 7, 215, 3, 3, 8, 470, 4, 4, 9, 464, 4, 5, 10, 403, 4, 4, 11, 469, 4, 3, 12, 195, 3, 3, 13, 595, 5, 4, 14, 477, 4, 4, 15, 552, 5, 5, 16, 162, 3, 3, 17, 332, 4, 3, 18, 438, 4, 5, 
http://espn.go.com/golf/player/scorecards/_/id/3452/year/2011/tournamentId/894/daniel-summerhays, Waste Management Phoenix Open - (02/03-02/07), 2011, 1, 410, 4, 5, 2, 416, 4, 4, 3, 554, 5, 6, 4, 175, 3, 3, 5, 453, 4, 4, 6, 436, 4, 5, 7, 215, 3, 3, 8, 470, 4, 3, 9, 464, 4, 3, 10, 403, 4, 4, 11, 469, 4, 3, 12, 195, 3, 3, 13, 595, 5, 5, 14, 477, 4, 5, 15, 552, 5, 5, 16, 162, 3, 3, 17, 332, 4, 4, 18, 438, 4, 4, 
http://espn.go.com/golf/player/scorecards/_/id/3452/year/2011/tournamentId/895/daniel-summerhays, AT&T Pebble Beach National Pro-Am - (02/10-02/13), 2011, 1, 381, 4, 4, 2, 502, 5, 5, 3, 390, 4, 4, 4, 331, 4, 4, 5, 188, 3, 4, 6, 513, 5, 4, 7, 106, 3, 3, 8, 418, 4, 4, 9, 466, 4, 4, 10, 446, 4, 4, 11, 380, 4, 3, 12, 202, 3, 3, 13, 399, 4, 4, 14, 573, 5, 5, 15, 397, 4, 4, 16, 403, 4, 4, 17, 178, 3, 2, 18, 543, 5, 5, 
http://espn.go.com/golf/player/scorecards/_/id/3452/year/2011/tournamentId/895/daniel-summerhays, AT&T Pebble Beach National Pro-Am - (02/10-02/13), 2011, 1, 595, 5, 5, 2, 349, 4, 4, 3, 165, 3, 2, 4, 370, 4, 3, 5, 197, 3, 3, 6, 446, 4, 4, 7, 529, 5, 5, 8, 399, 4, 4, 9, 431, 4, 3, 10, 407, 4, 4, 11, 528, 5, 4, 12, 178, 3, 3, 13, 460, 4, 5, 14, 560, 5, 6, 15, 130, 3, 3, 16, 476, 4, 4, 17, 325, 4, 5, 18, 408, 4, 4, 
http://espn.go.com/golf/player/scorecards/_/id/3452/year/2011/tournamentId/895/daniel-summerhays, AT&T Pebble Beach National Pro-Am - (02/10-02/13), 2011, 1, 454, 4, 5, 2, 391, 4, 3, 3, 155, 3, 3, 4, 401, 4, 4, 5, 349, 4, 5, 6, 548, 5, 5, 7, 226, 3, 3, 8, 454, 4, 4, 9, 224, 3, 3, 10, 544, 5, 4, 11, 176, 3, 3, 12, 599, 5, 5, 13, 401, 4, 4, 14, 190, 3, 3, 15, 415, 4, 3, 16, 500, 4, 4, 17, 430, 4, 4, 18, 381, 4, 3, 
http://espn.go.com/golf/player/scorecards/_/id/3452/year/2011/tournamentId/895/daniel-summerhays, AT&T Pebble Beach National Pro-Am - (02/10-02/13), 2011, 1, 381, 4, 4, 2, 502, 5, 5, 3, 390, 4, 4, 4, 331, 4, 4, 5, 188, 3, 3, 6, 513, 5, 5, 7, 106, 3, 3, 8, 418, 4, 4, 9, 466, 4, 4, 10, 446, 4, 5, 11, 380, 4, 4, 12, 202, 3, 3, 13, 399, 4, 4, 14, 573, 5, 6, 15, 397, 4, 3, 16, 403, 4, 4, 17, 178, 3, 3, 18, 543, 5, 5, 
http://espn.go.com/golf/player/scorecards/_/id/3452/year/2011/tournamentId/898/daniel-summerhays, Northern Trust Open - (02/17-02/20), 2011, 1, 503, 5, 4, 2, 471, 4, 4, 3, 434, 4, 4, 4, 236, 3, 4, 5, 434, 4, 4, 6, 199, 3, 4, 7, 408, 4, 4, 8, 460, 4, 3, 9, 458, 4, 5, 10, 315, 4, 3, 11, 583, 5, 4, 12, 479, 4, 5, 13, 459, 4, 4, 14, 192, 3, 3, 15, 487, 4, 4, 16, 166, 3, 3, 17, 590, 5, 6, 18, 475, 4, 4, 
http://espn.go.com/golf/player/scorecards/_/id/3452/year/2011/tournamentId/898/daniel-summerhays, Northern Trust Open - (02/17-02/20), 2011, 1, 503, 5, 4, 2, 471, 4, 4, 3, 434, 4, 4, 4, 236, 3, 3, 5, 434, 4, 4, 6, 199, 3, 3, 7, 408, 4, 4, 8, 460, 4, 4, 9, 458, 4, 5, 10, 315, 4, 4, 11, 583, 5, 6, 12, 479, 4, 4, 13, 459, 4, 5, 14, 192, 3, 3, 15, 487, 4, 5, 16, 166, 3, 4, 17, 590, 5, 5, 18, 475, 4, 4, 
http://espn.go.com/golf/player/scorecards/_/id/3452/year/2011/tournamentId/899/daniel-summerhays, The Honda Classic - (03/03-03/06), 2011, 1, 365, 4, 4, 2, 464, 4, 4, 3, 538, 5, 6, 4, 376, 4, 4, 5, 217, 3, 4, 6, 479, 4, 4, 7, 226, 3, 3, 8, 427, 4, 5, 9, 421, 4, 5, 10, 508, 4, 4, 11, 450, 4, 3, 12, 427, 4, 5, 13, 388, 4, 6, 14, 465, 4, 5, 15, 179, 3, 4, 16, 434, 4, 4, 17, 190, 3, 3, 18, 556, 5, 5, 
http://espn.go.com/golf/player/scorecards/_/id/3452/year/2011/tournamentId/899/daniel-summerhays, The Honda Classic - (03/03-03/06), 2011, 1, 365, 4, 4, 2, 464, 4, 4, 3, 538, 5, 8, 4, 376, 4, 5, 5, 217, 3, 3, 6, 479, 4, 5, 7, 226, 3, 3, 8, 427, 4, 5, 9, 421, 4, 4, 10, 508, 4, 4, 11, 450, 4, 4, 12, 427, 4, 4, 13, 388, 4, 4, 14, 465, 4, 4, 15, 179, 3, 3, 16, 434, 4, 5, 17, 190, 3, 5, 18, 556, 5, 5, 
http://espn.go.com/golf/player/scorecards/_/id/3452/year/2011/tournamentId/926/daniel-summerhays, Puerto Rico Open presented by seepuertorico.com - (03/10-03/13), 2011, 1, 447, 4, 4, 2, 547, 5, 6, 3, 386, 4, 4, 4, 455, 4, 4, 5, 535, 5, 6, 6, 203, 3, 4, 7, 448, 4, 4, 8, 236, 3, 3, 9, 450, 4, 4, 10, 430, 4, 5, 11, 192, 3, 3, 12, 465, 4, 5, 13, 410, 4, 4, 14, 459, 4, 4, 15, 600, 5, 5, 16, 202, 3, 5, 17, 411, 4, 3, 18, 630, 5, 4, 
http://espn.go.com/golf/player/scorecards/_/id/3452/year/2011/tournamentId/926/daniel-summerhays, Puerto Rico Open presented by seepuertorico.com - (03/10-03/13), 2011, 1, 447, 4, 4, 2, 547, 5, 5, 3, 386, 4, 4, 4, 455, 4, 4, 5, 535, 5, 3, 6, 203, 3, 3, 7, 448, 4, 4, 8, 236, 3, 3, 9, 450, 4, 3, 10, 430, 4, 4, 11, 192, 3, 4, 12, 465, 4, 4, 13, 410, 4, 3, 14, 459, 4, 4, 15, 600, 5, 5, 16, 202, 3, 4, 17, 411, 4, 4, 18, 630, 5, 4, 
http://espn.go.com/golf/player/scorecards/_/id/3452/year/2011/tournamentId/918/daniel-summerhays, Transitions Championship - (03/17-03/20), 2011, 1, 560, 5, 5, 2, 435, 4, 4, 3, 455, 4, 4, 4, 195, 3, 2, 5, 605, 5, 5, 6, 465, 4, 5, 7, 420, 4, 4, 8, 235, 3, 4, 9, 430, 4, 3, 10, 445, 4, 3, 11, 575, 5, 5, 12, 380, 4, 5, 13, 200, 3, 3, 14, 590, 5, 5, 15, 215, 3, 3, 16, 475, 4, 4, 17, 215, 3, 3, 18, 445, 4, 4, 
http://espn.go.com/golf/player/scorecards/_/id/3452/year/2011/tournamentId/918/daniel-summerhays, Transitions Championship - (03/17-03/20), 2011, 1, 560, 5, 4, 2, 435, 4, 4, 3, 455, 4, 4, 4, 195, 3, 3, 5, 605, 5, 5, 6, 465, 4, 6, 7, 420, 4, 4, 8, 235, 3, 4, 9, 430, 4, 5, 10, 445, 4, 4, 11, 575, 5, 5, 12, 380, 4, 3, 13, 200, 3, 3, 14, 590, 5, 5, 15, 215, 3, 3, 16, 475, 4, 7, 17, 215, 3, 4, 18, 445, 4, 4, 
http://espn.go.com/golf/player/scorecards/_/id/3452/year/2011/tournamentId/900/daniel-summerhays, Arnold Palmer Invitational presented by MasterCard - (03/24-03/27), 2011, 1, 461, 4, 3, 2, 231, 3, 3, 3, 434, 4, 4, 4, 561, 5, 4, 5, 390, 4, 4, 6, 555, 5, 5, 7, 199, 3, 3, 8, 460, 4, 3, 9, 474, 4, 4, 10, 400, 4, 4, 11, 438, 4, 4, 12, 574, 5, 5, 13, 370, 4, 5, 14, 215, 3, 2, 15, 467, 4, 5, 16, 511, 5, 4, 17, 221, 3, 4, 18, 458, 4, 5, 
http://espn.go.com/golf/player/scorecards/_/id/3452/year/2011/tournamentId/900/daniel-summerhays, Arnold Palmer Invitational presented by MasterCard - (03/24-03/27), 2011, 1, 461, 4, 5, 2, 231, 3, 3, 3, 434, 4, 5, 4, 561, 5, 5, 5, 390, 4, 4, 6, 555, 5, 5, 7, 199, 3, 4, 8, 460, 4, 4, 9, 474, 4, 4, 10, 400, 4, 4, 11, 438, 4, 5, 12, 574, 5, 5, 13, 370, 4, 4, 14, 215, 3, 4, 15, 467, 4, 5, 16, 511, 5, 5, 17, 221, 3, 3, 18, 458, 4, 6, 
http://espn.go.com/golf/player/scorecards/_/id/3452/year/2011/tournamentId/905/daniel-summerhays, Shell Houston Open - (03/31-04/03), 2011, 1, 397, 4, 5, 2, 429, 4, 4, 3, 398, 4, 4, 4, 566, 5, 5, 5, 480, 4, 4, 6, 464, 4, 4, 7, 174, 3, 5, 8, 557, 5, 5, 9, 238, 3, 3, 10, 380, 4, 5, 11, 441, 4, 4, 12, 338, 4, 4, 13, 590, 5, 5, 14, 216, 3, 2, 15, 608, 5, 5, 16, 188, 3, 3, 17, 489, 4, 4, 18, 488, 4, 4, 
http://espn.go.com/golf/player/scorecards/_/id/3452/year/2011/tournamentId/905/daniel-summerhays, Shell Houston Open - (03/31-04/03), 2011, 1, 397, 4, 5, 2, 429, 4, 4, 3, 398, 4, 4, 4, 566, 5, 5, 5, 480, 4, 4, 6, 464, 4, 4, 7, 174, 3, 3, 8, 557, 5, 5, 9, 238, 3, 3, 10, 380, 4, 4, 11, 441, 4, 5, 12, 338, 4, 3, 13, 590, 5, 5, 14, 216, 3, 4, 15, 608, 5, 5, 16, 188, 3, 3, 17, 489, 4, 4, 18, 488, 4, 4, 
http://espn.go.com/golf/player/scorecards/_/id/3452/year/2011/tournamentId/915/daniel-summerhays, Valero Texas Open - (04/14-04/17), 2011, 1, 454, 4, 4, 2, 602, 5, 5, 3, 213, 3, 3, 4, 481, 4, 4, 5, 342, 4, 3, 6, 403, 4, 4, 7, 207, 3, 3, 8, 604, 5, 6, 9, 474, 4, 4, 10, 447, 4, 4, 11, 405, 4, 4, 12, 410, 4, 5, 13, 241, 3, 4, 14, 567, 5, 5, 15, 464, 4, 4, 16, 183, 3, 3, 17, 347, 4, 4, 18, 591, 5, 5, 
http://espn.go.com/golf/player/scorecards/_/id/3452/year/2011/tournamentId/915/daniel-summerhays, Valero Texas Open - (04/14-04/17), 2011, 1, 454, 4, 5, 2, 602, 5, 5, 3, 213, 3, 5, 4, 481, 4, 6, 5, 342, 4, 5, 6, 403, 4, 5, 7, 207, 3, 3, 8, 604, 5, 5, 9, 474, 4, 4, 10, 447, 4, 6, 11, 405, 4, 5, 12, 410, 4, 4, 13, 241, 3, 3, 14, 567, 5, 5, 15, 464, 4, 5, 16, 183, 3, 3, 17, 347, 4, 4, 18, 591, 5, 5, 
http://espn.go.com/golf/player/scorecards/_/id/3452/year/2011/tournamentId/903/daniel-summerhays, The Heritage - (04/21-04/24), 2011, 1, 410, 4, 3, 2, 502, 5, 5, 3, 469, 4, 6, 4, 200, 3, 4, 5, 540, 5, 6, 6, 419, 4, 4, 7, 195, 3, 3, 8, 473, 4, 3, 9, 332, 4, 4, 10, 451, 4, 5, 11, 436, 4, 4, 12, 430, 4, 4, 13, 373, 4, 4, 14, 192, 3, 3, 15, 588, 5, 5, 16, 434, 4, 5, 17, 185, 3, 3, 18, 472, 4, 3, 
http://espn.go.com/golf/player/scorecards/_/id/3452/year/2011/tournamentId/903/daniel-summerhays, The Heritage - (04/21-04/24), 2011, 1, 410, 4, 3, 2, 502, 5, 5, 3, 469, 4, 3, 4, 200, 3, 4, 5, 540, 5, 4, 6, 419, 4, 5, 7, 195, 3, 3, 8, 473, 4, 5, 9, 332, 4, 4, 10, 451, 4, 6, 11, 436, 4, 4, 12, 430, 4, 4, 13, 373, 4, 4, 14, 192, 3, 3, 15, 588, 5, 5, 16, 434, 4, 4, 17, 185, 3, 3, 18, 472, 4, 4, 
http://espn.go.com/golf/player/scorecards/_/id/3452/year/2011/tournamentId/903/daniel-summerhays, The Heritage - (04/21-04/24), 2011, 1, 410, 4, 4, 2, 502, 5, 5, 3, 469, 4, 4, 4, 200, 3, 3, 5, 540, 5, 5, 6, 419, 4, 3, 7, 195, 3, 2, 8, 473, 4, 5, 9, 332, 4, 3, 10, 451, 4, 4, 11, 436, 4, 4, 12, 430, 4, 4, 13, 373, 4, 3, 14, 192, 3, 3, 15, 588, 5, 4, 16, 434, 4, 6, 17, 185, 3, 1, 18, 472, 4, 3, 
http://espn.go.com/golf/player/scorecards/_/id/3452/year/2011/tournamentId/903/daniel-summerhays, The Heritage - (04/21-04/24), 2011, 1, 410, 4, 5, 2, 502, 5, 5, 3, 469, 4, 4, 4, 200, 3, 3, 5, 540, 5, 6, 6, 419, 4, 4, 7, 195, 3, 3, 8, 473, 4, 4, 9, 332, 4, 4, 10, 451, 4, 4, 11, 436, 4, 4, 12, 430, 4, 3, 13, 373, 4, 4, 14, 192, 3, 4, 15, 588, 5, 5, 16, 434, 4, 5, 17, 185, 3, 3, 18, 472, 4, 3, 
http://espn.go.com/golf/player/scorecards/_/id/3452/year/2011/tournamentId/901/daniel-summerhays, Zurich Classic of New Orleans - (04/28-05/01), 2011, 1, 399, 4, 4, 2, 548, 5, 5, 3, 221, 3, 3, 4, 482, 4, 5, 5, 438, 4, 4, 6, 476, 4, 3, 7, 561, 5, 5, 8, 372, 4, 4, 9, 207, 3, 5, 10, 390, 4, 4, 11, 575, 5, 5, 12, 492, 4, 4, 13, 403, 4, 4, 14, 216, 3, 3, 15, 490, 4, 4, 16, 355, 4, 3, 17, 215, 3, 4, 18, 585, 5, 5, 
http://espn.go.com/golf/player/scorecards/_/id/3452/year/2011/tournamentId/901/daniel-summerhays, Zurich Classic of New Orleans - (04/28-05/01), 2011, 1, 399, 4, 3, 2, 548, 5, 4, 3, 221, 3, 3, 4, 482, 4, 7, 5, 438, 4, 4, 6, 476, 4, 4, 7, 561, 5, 4, 8, 372, 4, 4, 9, 207, 3, 3, 10, 390, 4, 4, 11, 575, 5, 5, 12, 492, 4, 5, 13, 403, 4, 4, 14, 216, 3, 4, 15, 490, 4, 6, 16, 355, 4, 4, 17, 215, 3, 3, 18, 585, 5, 5, 
http://espn.go.com/golf/player/scorecards/_/id/3452/year/2011/tournamentId/921/daniel-summerhays, Wells Fargo Championship - (05/05-05/08), 2011, 1, 418, 4, 5, 2, 178, 3, 4, 3, 452, 4, 4, 4, 483, 4, 4, 5, 570, 5, 5, 6, 250, 3, 3, 7, 532, 5, 5, 8, 350, 4, 4, 9, 495, 4, 4, 10, 598, 5, 5, 11, 426, 4, 5, 12, 456, 4, 6, 13, 210, 3, 3, 14, 345, 4, 4, 15, 566, 5, 4, 16, 487, 4, 5, 17, 198, 3, 4, 18, 478, 4, 4, 
http://espn.go.com/golf/player/scorecards/_/id/3452/year/2011/tournamentId/921/daniel-summerhays, Wells Fargo Championship - (05/05-05/08), 2011, 1, 418, 4, 4, 2, 178, 3, 3, 3, 452, 4, 4, 4, 483, 4, 5, 5, 570, 5, 5, 6, 250, 3, 3, 7, 532, 5, 5, 8, 350, 4, 4, 9, 495, 4, 5, 10, 598, 5, 6, 11, 426, 4, 4, 12, 456, 4, 5, 13, 210, 3, 3, 14, 345, 4, 5, 15, 566, 5, 6, 16, 487, 4, 4, 17, 198, 3, 3, 18, 478, 4, 4, 
http://espn.go.com/golf/player/scorecards/_/id/3452/year/2011/tournamentId/907/daniel-summerhays, Crowne Plaza Invitational at Colonial - (05/19-05/22), 2011, 1, 565, 5, 8, 2, 389, 4, 4, 3, 483, 4, 4, 4, 247, 3, 3, 5, 481, 4, 4, 6, 406, 4, 4, 7, 440, 4, 5, 8, 194, 3, 3, 9, 407, 4, 7, 10, 408, 4, 4, 11, 635, 5, 5, 12, 445, 4, 6, 13, 190, 3, 3, 14, 464, 4, 5, 15, 430, 4, 5, 16, 192, 3, 3, 17, 387, 4, 4, 18, 441, 4, 4, 
http://espn.go.com/golf/player/scorecards/_/id/3452/year/2011/tournamentId/907/daniel-summerhays, Crowne Plaza Invitational at Colonial - (05/19-05/22), 2011, 1, 565, 5, 3, 2, 389, 4, 4, 3, 483, 4, 4, 4, 247, 3, 3, 5, 481, 4, 4, 6, 406, 4, 4, 7, 440, 4, 4, 8, 194, 3, 3, 9, 407, 4, 4, 10, 408, 4, 6, 11, 635, 5, 5, 12, 445, 4, 4, 13, 190, 3, 3, 14, 464, 4, 5, 15, 430, 4, 4, 16, 192, 3, 3, 17, 387, 4, 4, 18, 441, 4, 5, 
http://espn.go.com/golf/player/scorecards/_/id/3452/year/2011/tournamentId/906/daniel-summerhays, HP Byron Nelson Championship - (05/26-05/29), 2011, 1, 458, 4, 4, 2, 221, 3, 3, 3, 528, 4, 5, 4, 431, 4, 5, 5, 174, 3, 3, 6, 448, 4, 6, 7, 542, 5, 5, 8, 461, 4, 5, 9, 427, 4, 6, 10, 435, 4, 4, 11, 323, 4, 4, 12, 455, 4, 4, 13, 180, 3, 4, 14, 406, 4, 4, 15, 504, 4, 6, 16, 546, 5, 5, 17, 198, 3, 3, 18, 429, 4, 6, 
http://espn.go.com/golf/player/scorecards/_/id/3452/year/2011/tournamentId/906/daniel-summerhays, HP Byron Nelson Championship - (05/26-05/29), 2011, 1, 458, 4, 5, 2, 221, 3, 3, 3, 528, 4, 5, 4, 431, 4, 6, 5, 174, 3, 3, 6, 448, 4, 4, 7, 542, 5, 5, 8, 461, 4, 5, 9, 427, 4, 4, 10, 435, 4, 3, 11, 323, 4, 5, 12, 455, 4, 5, 13, 180, 3, 2, 14, 406, 4, 4, 15, 504, 4, 4, 16, 546, 5, 4, 17, 198, 3, 2, 18, 429, 4, 3, 
http://espn.go.com/golf/player/scorecards/_/id/3452/year/2011/tournamentId/908/daniel-summerhays, the Memorial Tournament presented by Nationwide Insurance - (06/02-06/05), 2011, 1, 470, 4, 4, 2, 455, 4, 5, 3, 401, 4, 4, 4, 200, 3, 3, 5, 527, 5, 4, 6, 447, 4, 4, 7, 563, 5, 4, 8, 185, 3, 3, 9, 412, 4, 4, 10, 471, 4, 4, 11, 567, 5, 5, 12, 184, 3, 3, 13, 455, 4, 4, 14, 363, 4, 3, 15, 529, 5, 4, 16, 201, 3, 2, 17, 478, 4, 4, 18, 444, 4, 5, 
http://espn.go.com/golf/player/scorecards/_/id/3452/year/2011/tournamentId/908/daniel-summerhays, the Memorial Tournament presented by Nationwide Insurance - (06/02-06/05), 2011, 1, 470, 4, 4, 2, 455, 4, 5, 3, 401, 4, 5, 4, 200, 3, 3, 5, 527, 5, 6, 6, 447, 4, 5, 7, 563, 5, 5, 8, 185, 3, 3, 9, 412, 4, 4, 10, 471, 4, 4, 11, 567, 5, 5, 12, 184, 3, 3, 13, 455, 4, 4, 14, 363, 4, 5, 15, 529, 5, 7, 16, 201, 3, 3, 17, 478, 4, 4, 18, 444, 4, 5, 
http://espn.go.com/golf/player/scorecards/_/id/3452/year/2011/tournamentId/908/daniel-summerhays, the Memorial Tournament presented by Nationwide Insurance - (06/02-06/05), 2011, 1, 470, 4, 4, 2, 455, 4, 4, 3, 401, 4, 4, 4, 200, 3, 4, 5, 527, 5, 4, 6, 447, 4, 4, 7, 563, 5, 3, 8, 185, 3, 3, 9, 412, 4, 4, 10, 471, 4, 5, 11, 567, 5, 5, 12, 184, 3, 2, 13, 455, 4, 6, 14, 363, 4, 4, 15, 529, 5, 5, 16, 201, 3, 3, 17, 478, 4, 4, 18, 444, 4, 4, 
http://espn.go.com/golf/player/scorecards/_/id/3452/year/2011/tournamentId/908/daniel-summerhays, the Memorial Tournament presented by Nationwide Insurance - (06/02-06/05), 2011, 1, 470, 4, 4, 2, 455, 4, 5, 3, 401, 4, 4, 4, 200, 3, 3, 5, 527, 5, 3, 6, 447, 4, 4, 7, 563, 5, 5, 8, 185, 3, 4, 9, 412, 4, 4, 10, 471, 4, 4, 11, 567, 5, 5, 12, 184, 3, 3, 13, 455, 4, 4, 14, 363, 4, 4, 15, 529, 5, 5, 16, 201, 3, 3, 17, 478, 4, 4, 18, 444, 4, 3, 
http://espn.go.com/golf/player/scorecards/_/id/3452/year/2011/tournamentId/909/daniel-summerhays, FedEx St. Jude Classic - (06/09-06/12), 2011, 1, 434, 4, 4, 2, 401, 4, 4, 3, 554, 5, 6, 4, 196, 3, 3, 5, 485, 4, 3, 6, 445, 4, 4, 7, 482, 4, 4, 8, 178, 3, 2, 9, 457, 4, 4, 10, 465, 4, 6, 11, 157, 3, 3, 12, 406, 4, 6, 13, 472, 4, 4, 14, 239, 3, 3, 15, 395, 4, 3, 16, 530, 5, 4, 17, 490, 4, 5, 18, 453, 4, 4, 
http://espn.go.com/golf/player/scorecards/_/id/3452/year/2011/tournamentId/909/daniel-summerhays, FedEx St. Jude Classic - (06/09-06/12), 2011, 1, 434, 4, 5, 2, 401, 4, 4, 3, 554, 5, 6, 4, 196, 3, 3, 5, 485, 4, 4, 6, 445, 4, 4, 7, 482, 4, 4, 8, 178, 3, 3, 9, 457, 4, 4, 10, 465, 4, 4, 11, 157, 3, 3, 12, 406, 4, 3, 13, 472, 4, 4, 14, 239, 3, 3, 15, 395, 4, 4, 16, 530, 5, 5, 17, 490, 4, 5, 18, 453, 4, 4, 
http://espn.go.com/golf/player/scorecards/_/id/3452/year/2011/tournamentId/910/daniel-summerhays, Travelers Championship - (06/23-06/26), 2011, 1, 434, 4, 4, 2, 341, 4, 4, 3, 431, 4, 4, 4, 481, 4, 5, 5, 223, 3, 4, 6, 574, 5, 5, 7, 443, 4, 4, 8, 202, 3, 3, 9, 406, 4, 4, 10, 462, 4, 4, 11, 158, 3, 4, 12, 411, 4, 5, 13, 523, 5, 4, 14, 421, 4, 3, 15, 296, 4, 5, 16, 171, 3, 3, 17, 433, 4, 5, 18, 444, 4, 4, 
http://espn.go.com/golf/player/scorecards/_/id/3452/year/2011/tournamentId/910/daniel-summerhays, Travelers Championship - (06/23-06/26), 2011, 1, 434, 4, 4, 2, 341, 4, 4, 3, 431, 4, 5, 4, 481, 4, 4, 5, 223, 3, 3, 6, 574, 5, 5, 7, 443, 4, 4, 8, 202, 3, 4, 9, 406, 4, 4, 10, 462, 4, 5, 11, 158, 3, 3, 12, 411, 4, 5, 13, 523, 5, 5, 14, 421, 4, 5, 15, 296, 4, 4, 16, 171, 3, 3, 17, 433, 4, 4, 18, 444, 4, 4, 
http://espn.go.com/golf/player/scorecards/_/id/3452/year/2011/tournamentId/910/daniel-summerhays, Travelers Championship - (06/23-06/26), 2011, 1, 434, 4, 3, 2, 341, 4, 4, 3, 431, 4, 3, 4, 481, 4, 5, 5, 223, 3, 3, 6, 574, 5, 5, 7, 443, 4, 4, 8, 202, 3, 3, 9, 406, 4, 4, 10, 462, 4, 4, 11, 158, 3, 3, 12, 411, 4, 3, 13, 523, 5, 4, 14, 421, 4, 4, 15, 296, 4, 4, 16, 171, 3, 3, 17, 433, 4, 4, 18, 444, 4, 4, 
http://espn.go.com/golf/player/scorecards/_/id/3452/year/2011/tournamentId/910/daniel-summerhays, Travelers Championship - (06/23-06/26), 2011, 1, 434, 4, 4, 2, 341, 4, 3, 3, 431, 4, 4, 4, 481, 4, 5, 5, 223, 3, 3, 6, 574, 5, 5, 7, 443, 4, 4, 8, 202, 3, 4, 9, 406, 4, 4, 10, 462, 4, 4, 11, 158, 3, 3, 12, 411, 4, 3, 13, 523, 5, 4, 14, 421, 4, 4, 15, 296, 4, 3, 16, 171, 3, 3, 17, 433, 4, 4, 18, 444, 4, 5, 
http://espn.go.com/golf/player/scorecards/_/id/3452/year/2011/tournamentId/913/daniel-summerhays, John Deere Classic - (07/07-07/10), 2011, 1, 395, 4, 4, 2, 561, 5, 4, 3, 186, 3, 3, 4, 454, 4, 4, 5, 433, 4, 4, 6, 367, 4, 5, 7, 226, 3, 3, 8, 428, 4, 4, 9, 503, 4, 4, 10, 596, 5, 5, 11, 432, 4, 3, 12, 215, 3, 3, 13, 424, 4, 4, 14, 361, 4, 3, 15, 484, 4, 4, 16, 158, 3, 3, 17, 569, 5, 5, 18, 476, 4, 4, 
http://espn.go.com/golf/player/scorecards/_/id/3452/year/2011/tournamentId/913/daniel-summerhays, John Deere Classic - (07/07-07/10), 2011, 1, 395, 4, 4, 2, 561, 5, 4, 3, 186, 3, 4, 4, 454, 4, 3, 5, 433, 4, 4, 6, 367, 4, 3, 7, 226, 3, 3, 8, 428, 4, 5, 9, 503, 4, 4, 10, 596, 5, 5, 11, 432, 4, 4, 12, 215, 3, 3, 13, 424, 4, 4, 14, 361, 4, 4, 15, 484, 4, 5, 16, 158, 3, 3, 17, 569, 5, 4, 18, 476, 4, 4, 
http://espn.go.com/golf/player/scorecards/_/id/3452/year/2011/tournamentId/912/daniel-summerhays, Viking Classic - (07/14-07/17), 2011, 1, 385, 4, 4, 2, 213, 3, 3, 3, 406, 4, 3, 4, 465, 4, 4, 5, 522, 5, 5, 6, 424, 4, 4, 7, 556, 5, 4, 8, 209, 3, 3, 9, 450, 4, 5, 10, 410, 4, 4, 11, 579, 5, 5, 12, 171, 3, 4, 13, 414, 4, 4, 14, 473, 4, 4, 15, 176, 3, 3, 16, 408, 4, 4, 17, 409, 4, 4, 18, 532, 5, 5, 
http://espn.go.com/golf/player/scorecards/_/id/3452/year/2011/tournamentId/912/daniel-summerhays, Viking Classic - (07/14-07/17), 2011, 1, 385, 4, 3, 2, 213, 3, 3, 3, 406, 4, 4, 4, 465, 4, 4, 5, 522, 5, 5, 6, 424, 4, 3, 7, 556, 5, 4, 8, 209, 3, 3, 9, 450, 4, 4, 10, 410, 4, 3, 11, 579, 5, 4, 12, 171, 3, 4, 13, 414, 4, 4, 14, 473, 4, 5, 15, 176, 3, 3, 16, 408, 4, 4, 17, 409, 4, 4, 18, 532, 5, 5, 
http://espn.go.com/golf/player/scorecards/_/id/3452/year/2011/tournamentId/927/daniel-summerhays, The Greenbrier Classic - (07/28-07/31), 2011, 1, 449, 4, 4, 2, 488, 4, 5, 3, 205, 3, 3, 4, 427, 4, 5, 5, 388, 4, 3, 6, 471, 4, 6, 7, 430, 4, 3, 8, 234, 3, 3, 9, 404, 4, 4, 10, 385, 4, 4, 11, 493, 4, 4, 12, 568, 5, 4, 13, 492, 4, 4, 14, 401, 4, 4, 15, 217, 3, 3, 16, 444, 4, 5, 17, 616, 5, 4, 18, 175, 3, 3, 
http://espn.go.com/golf/player/scorecards/_/id/3452/year/2011/tournamentId/927/daniel-summerhays, The Greenbrier Classic - (07/28-07/31), 2011, 1, 449, 4, 4, 2, 488, 4, 5, 3, 205, 3, 3, 4, 427, 4, 4, 5, 388, 4, 4, 6, 471, 4, 4, 7, 430, 4, 4, 8, 234, 3, 4, 9, 404, 4, 4, 10, 385, 4, 4, 11, 493, 4, 4, 12, 568, 5, 5, 13, 492, 4, 4, 14, 401, 4, 5, 15, 217, 3, 3, 16, 444, 4, 4, 17, 616, 5, 4, 18, 175, 3, 3, 
http://espn.go.com/golf/player/scorecards/_/id/3452/year/2011/tournamentId/920/daniel-summerhays, Reno-Tahoe Open - (08/04-08/07), 2011, 1, 494, 4, 4, 2, 584, 5, 6, 3, 186, 3, 6, 4, 355, 4, 4, 5, 491, 4, 4, 6, 477, 4, 4, 7, 183, 3, 4, 8, 636, 5, 5, 9, 429, 4, 3, 10, 413, 4, 4, 11, 171, 3, 3, 12, 429, 4, 4, 13, 518, 5, 3, 14, 367, 4, 2, 15, 439, 4, 3, 16, 220, 3, 4, 17, 464, 4, 4, 18, 616, 5, 4, 
http://espn.go.com/golf/player/scorecards/_/id/3452/year/2011/tournamentId/920/daniel-summerhays, Reno-Tahoe Open - (08/04-08/07), 2011, 1, 494, 4, 5, 2, 584, 5, 4, 3, 186, 3, 4, 4, 355, 4, 3, 5, 491, 4, 4, 6, 477, 4, 4, 7, 183, 3, 8, 8, 636, 5, 5, 9, 429, 4, 3, 10, 413, 4, 3, 11, 171, 3, 3, 12, 429, 4, 3, 13, 518, 5, 4, 14, 367, 4, 4, 15, 439, 4, 4, 16, 220, 3, 3, 17, 464, 4, 4, 18, 616, 5, 5, 
http://espn.go.com/golf/player/scorecards/_/id/3452/year/2011/tournamentId/920/daniel-summerhays, Reno-Tahoe Open - (08/04-08/07), 2011, 1, 494, 4, 3, 2, 584, 5, 5, 3, 186, 3, 3, 4, 355, 4, 4, 5, 491, 4, 5, 6, 477, 4, 4, 7, 183, 3, 3, 8, 636, 5, 4, 9, 429, 4, 4, 10, 413, 4, 4, 11, 171, 3, 3, 12, 429, 4, 4, 13, 518, 5, 4, 14, 367, 4, 4, 15, 439, 4, 5, 16, 220, 3, 3, 17, 464, 4, 3, 18, 616, 5, 6, 
http://espn.go.com/golf/player/scorecards/_/id/3452/year/2011/tournamentId/920/daniel-summerhays, Reno-Tahoe Open - (08/04-08/07), 2011, 1, 494, 4, 3, 2, 584, 5, 5, 3, 186, 3, 3, 4, 355, 4, 4, 5, 491, 4, 3, 6, 477, 4, 3, 7, 183, 3, 4, 8, 636, 5, 4, 9, 429, 4, 4, 10, 413, 4, 4, 11, 171, 3, 3, 12, 429, 4, 4, 13, 518, 5, 5, 14, 367, 4, 4, 15, 439, 4, 4, 16, 220, 3, 3, 17, 464, 4, 4, 18, 616, 5, 9, 
http://espn.go.com/golf/player/scorecards/_/id/3452/year/2011/tournamentId/904/daniel-summerhays, Wyndham Championship - (08/18-08/21), 2011, 1, 418, 4, 5, 2, 442, 4, 4, 3, 174, 3, 3, 4, 428, 4, 4, 5, 529, 5, 4, 6, 423, 4, 4, 7, 223, 3, 3, 8, 374, 4, 3, 9, 416, 4, 4, 10, 440, 4, 4, 11, 486, 4, 5, 12, 235, 3, 3, 13, 405, 4, 4, 14, 501, 4, 5, 15, 545, 5, 5, 16, 165, 3, 3, 17, 406, 4, 4, 18, 507, 4, 4, 
http://espn.go.com/golf/player/scorecards/_/id/3452/year/2011/tournamentId/904/daniel-summerhays, Wyndham Championship - (08/18-08/21), 2011, 1, 418, 4, 3, 2, 442, 4, 4, 3, 174, 3, 3, 4, 428, 4, 4, 5, 529, 5, 4, 6, 423, 4, 4, 7, 223, 3, 3, 8, 374, 4, 3, 9, 416, 4, 4, 10, 440, 4, 4, 11, 486, 4, 5, 12, 235, 3, 3, 13, 405, 4, 4, 14, 501, 4, 4, 15, 545, 5, 5, 16, 165, 3, 4, 17, 406, 4, 4, 18, 507, 4, 3, 
http://espn.go.com/golf/player/scorecards/_/id/3452/year/2011/tournamentId/904/daniel-summerhays, Wyndham Championship - (08/18-08/21), 2011, 1, 418, 4, 4, 2, 442, 4, 4, 3, 174, 3, 3, 4, 428, 4, 3, 5, 529, 5, 3, 6, 423, 4, 4, 7, 223, 3, 3, 8, 374, 4, 3, 9, 416, 4, 4, 10, 440, 4, 3, 11, 486, 4, 3, 12, 235, 3, 3, 13, 405, 4, 4, 14, 501, 4, 4, 15, 545, 5, 6, 16, 165, 3, 3, 17, 406, 4, 4, 18, 507, 4, 4, 
http://espn.go.com/golf/player/scorecards/_/id/3452/year/2011/tournamentId/904/daniel-summerhays, Wyndham Championship - (08/18-08/21), 2011, 1, 418, 4, 4, 2, 442, 4, 4, 3, 174, 3, 3, 4, 428, 4, 4, 5, 529, 5, 4, 6, 423, 4, 4, 7, 223, 3, 2, 8, 374, 4, 4, 9, 416, 4, 4, 10, 440, 4, 4, 11, 486, 4, 4, 12, 235, 3, 3, 13, 405, 4, 4, 14, 501, 4, 3, 15, 545, 5, 4, 16, 165, 3, 3, 17, 406, 4, 4, 18, 507, 4, 4, 
http://espn.go.com/golf/player/scorecards/_/id/3452/year/2011/tournamentId/914/daniel-summerhays, Justin Timberlake Shriners Hospitals for Children Open - (09/29-10/02), 2011, 1, 408, 4, 4, 2, 469, 4, 4, 3, 492, 4, 4, 4, 450, 4, 4, 5, 197, 3, 4, 6, 430, 4, 4, 7, 382, 4, 4, 8, 239, 3, 3, 9, 563, 5, 4, 10, 420, 4, 4, 11, 448, 4, 4, 12, 442, 4, 4, 13, 606, 5, 5, 14, 156, 3, 3, 15, 341, 4, 4, 16, 560, 5, 4, 17, 196, 3, 3, 18, 444, 4, 4, 
http://espn.go.com/golf/player/scorecards/_/id/3452/year/2011/tournamentId/914/daniel-summerhays, Justin Timberlake Shriners Hospitals for Children Open - (09/29-10/02), 2011, 1, 408, 4, 4, 2, 469, 4, 4, 3, 492, 4, 3, 4, 450, 4, 3, 5, 197, 3, 4, 6, 430, 4, 4, 7, 382, 4, 4, 8, 239, 3, 4, 9, 563, 5, 4, 10, 420, 4, 4, 11, 448, 4, 4, 12, 442, 4, 3, 13, 606, 5, 5, 14, 156, 3, 4, 15, 341, 4, 3, 16, 560, 5, 5, 17, 196, 3, 4, 18, 444, 4, 5, 
http://espn.go.com/golf/player/scorecards/_/id/3452/year/2011/tournamentId/924/daniel-summerhays, Frys.com Open - (10/06-10/09), 2011, 1, 422, 4, 4, 2, 434, 4, 4, 3, 230, 3, 3, 4, 418, 4, 4, 5, 454, 4, 5, 6, 480, 4, 5, 7, 166, 3, 3, 8, 478, 4, 4, 9, 555, 5, 5, 10, 425, 4, 4, 11, 236, 3, 3, 12, 605, 5, 6, 13, 407, 4, 4, 14, 497, 4, 5, 15, 568, 5, 5, 16, 210, 3, 4, 17, 358, 4, 3, 18, 425, 4, 5, 
http://espn.go.com/golf/player/scorecards/_/id/3452/year/2011/tournamentId/924/daniel-summerhays, Frys.com Open - (10/06-10/09), 2011, 1, 422, 4, 4, 2, 434, 4, 4, 3, 230, 3, 3, 4, 418, 4, 4, 5, 454, 4, 4, 6, 480, 4, 5, 7, 166, 3, 3, 8, 478, 4, 5, 9, 555, 5, 6, 10, 425, 4, 4, 11, 236, 3, 3, 12, 605, 5, 5, 13, 407, 4, 4, 14, 497, 4, 4, 15, 568, 5, 4, 16, 210, 3, 4, 17, 358, 4, 4, 18, 425, 4, 4, 
http://espn.go.com/golf/player/scorecards/_/id/3452/year/2011/tournamentId/928/daniel-summerhays, The McGladrey Classic - (10/13-10/16), 2011, 1, 417, 4, 4, 2, 415, 4, 4, 3, 204, 3, 3, 4, 429, 4, 4, 5, 409, 4, 4, 6, 179, 3, 3, 7, 582, 5, 5, 8, 368, 4, 5, 9, 452, 4, 4, 10, 418, 4, 5, 11, 425, 4, 5, 12, 223, 3, 3, 13, 408, 4, 4, 14, 442, 4, 4, 15, 565, 5, 4, 16, 407, 4, 5, 17, 192, 3, 3, 18, 470, 4, 4, 
http://espn.go.com/golf/player/scorecards/_/id/3452/year/2011/tournamentId/928/daniel-summerhays, The McGladrey Classic - (10/13-10/16), 2011, 1, 417, 4, 4, 2, 415, 4, 5, 3, 204, 3, 4, 4, 429, 4, 4, 5, 409, 4, 3, 6, 179, 3, 3, 7, 582, 5, 5, 8, 368, 4, 4, 9, 452, 4, 4, 10, 418, 4, 4, 11, 425, 4, 4, 12, 223, 3, 4, 13, 408, 4, 3, 14, 442, 4, 4, 15, 565, 5, 5, 16, 407, 4, 4, 17, 192, 3, 3, 18, 470, 4, 4, 
http://espn.go.com/golf/player/scorecards/_/id/3452/year/2011/tournamentId/916/daniel-summerhays, Children's Miracle Network Hospitals Classic - (10/20-10/23), 2011, 1, 428, 4, 5, 2, 417, 4, 4, 3, 170, 3, 2, 4, 542, 5, 5, 5, 492, 4, 5, 6, 231, 3, 3, 7, 422, 4, 4, 8, 614, 5, 4, 9, 500, 4, 5, 10, 526, 5, 4, 11, 399, 4, 4, 12, 169, 3, 3, 13, 384, 4, 5, 14, 592, 5, 5, 15, 203, 3, 3, 16, 450, 4, 4, 17, 485, 4, 4, 18, 492, 4, 5, 
http://espn.go.com/golf/player/scorecards/_/id/3452/year/2011/tournamentId/916/daniel-summerhays, Children's Miracle Network Hospitals Classic - (10/20-10/23), 2011, 1, 498, 5, 3, 2, 424, 4, 4, 3, 167, 3, 3, 4, 422, 4, 4, 5, 410, 4, 4, 6, 411, 4, 5, 7, 524, 5, 5, 8, 205, 3, 3, 9, 380, 4, 4, 10, 441, 4, 4, 11, 544, 5, 5, 12, 206, 3, 3, 13, 358, 4, 4, 14, 547, 5, 5, 15, 422, 4, 3, 16, 195, 3, 3, 17, 399, 4, 4, 18, 458, 4, 6, 
http://espn.go.com/golf/player/scorecards/_/id/3452/year/2011/tournamentId/995/daniel-summerhays, PGA TOUR Qualifying Tournament - (11/30-12/05), 2011, 1, 412, 4, 4, 2, 444, 4, 4, 3, 192, 3, 3, 4, 549, 5, 4, 5, 364, 4, 4, 6, 462, 4, 4, 7, 527, 5, 4, 8, 172, 3, 3, 9, 461, 4, 4, 10, 370, 4, 4, 11, 528, 5, 4, 12, 188, 3, 3, 13, 419, 4, 4, 14, 442, 4, 4, 15, 572, 5, 6, 16, 440, 4, 4, 17, 209, 3, 3, 18, 453, 4, 5, 
http://espn.go.com/golf/player/scorecards/_/id/3452/year/2011/tournamentId/995/daniel-summerhays, PGA TOUR Qualifying Tournament - (11/30-12/05), 2011, 1, 445, 4, 3, 2, 371, 4, 3, 3, 471, 4, 4, 4, 192, 3, 2, 5, 535, 5, 5, 6, 255, 3, 3, 7, 346, 4, 4, 8, 559, 5, 4, 9, 452, 4, 5, 10, 416, 4, 4, 11, 617, 5, 5, 12, 363, 4, 4, 13, 214, 3, 3, 14, 389, 4, 4, 15, 468, 4, 4, 16, 600, 5, 5, 17, 168, 3, 2, 18, 439, 4, 4, 
http://espn.go.com/golf/player/scorecards/_/id/3452/year/2011/tournamentId/995/daniel-summerhays, PGA TOUR Qualifying Tournament - (11/30-12/05), 2011, 1, 412, 4, 5, 2, 444, 4, 4, 3, 192, 3, 4, 4, 549, 5, 6, 5, 364, 4, 4, 6, 462, 4, 4, 7, 527, 5, 4, 8, 172, 3, 3, 9, 461, 4, 4, 10, 370, 4, 3, 11, 528, 5, 4, 12, 188, 3, 4, 13, 419, 4, 4, 14, 442, 4, 4, 15, 572, 5, 5, 16, 440, 4, 4, 17, 209, 3, 3, 18, 453, 4, 5, 
http://espn.go.com/golf/player/scorecards/_/id/3452/year/2011/tournamentId/995/daniel-summerhays, PGA TOUR Qualifying Tournament - (11/30-12/05), 2011, 1, 445, 4, 3, 2, 371, 4, 3, 3, 471, 4, 5, 4, 192, 3, 3, 5, 535, 5, 6, 6, 255, 3, 3, 7, 346, 4, 3, 8, 559, 5, 5, 9, 452, 4, 7, 10, 416, 4, 3, 11, 617, 5, 4, 12, 363, 4, 3, 13, 214, 3, 3, 14, 389, 4, 3, 15, 468, 4, 4, 16, 600, 5, 6, 17, 168, 3, 3, 18, 439, 4, 5, 
http://espn.go.com/golf/player/scorecards/_/id/3452/year/2011/tournamentId/995/daniel-summerhays, PGA TOUR Qualifying Tournament - (11/30-12/05), 2011, 1, 412, 4, 5, 2, 444, 4, 4, 3, 192, 3, 3, 4, 549, 5, 5, 5, 364, 4, 4, 6, 462, 4, 3, 7, 527, 5, 5, 8, 172, 3, 4, 9, 461, 4, 4, 10, 370, 4, 3, 11, 528, 5, 4, 12, 188, 3, 4, 13, 419, 4, 4, 14, 442, 4, 4, 15, 572, 5, 5, 16, 440, 4, 4, 17, 209, 3, 4, 18, 453, 4, 4, 
http://espn.go.com/golf/player/scorecards/_/id/3452/year/2011/tournamentId/995/daniel-summerhays, PGA TOUR Qualifying Tournament - (11/30-12/05), 2011, 1, 445, 4, 4, 2, 371, 4, 4, 3, 471, 4, 3, 4, 192, 3, 2, 5, 535, 5, 5, 6, 255, 3, 3, 7, 346, 4, 3, 8, 559, 5, 4, 9, 452, 4, 4, 10, 416, 4, 3, 11, 617, 5, 5, 12, 363, 4, 3, 13, 214, 3, 4, 14, 389, 4, 3, 15, 468, 4, 3, 16, 600, 5, 4, 17, 168, 3, 3, 18, 439, 4, 4, 
http://espn.go.com/golf/player/scorecards/_/id/3452/year/2012/tournamentId/999/daniel-summerhays, Sony Open in Hawaii - (01/12-01/15), 2012, 1, 480, 4, 5, 2, 423, 4, 4, 3, 422, 4, 4, 4, 204, 3, 3, 5, 467, 4, 6, 6, 460, 4, 4, 7, 176, 3, 3, 8, 454, 4, 4, 9, 506, 5, 4, 10, 351, 4, 4, 11, 194, 3, 4, 12, 440, 4, 4, 13, 477, 4, 4, 14, 430, 4, 4, 15, 398, 4, 4, 16, 417, 4, 4, 17, 194, 3, 3, 18, 551, 5, 4, 
http://espn.go.com/golf/player/scorecards/_/id/3452/year/2012/tournamentId/999/daniel-summerhays, Sony Open in Hawaii - (01/12-01/15), 2012, 1, 480, 4, 4, 2, 423, 4, 5, 3, 422, 4, 4, 4, 204, 3, 3, 5, 467, 4, 3, 6, 460, 4, 5, 7, 176, 3, 2, 8, 454, 4, 4, 9, 506, 5, 4, 10, 351, 4, 4, 11, 194, 3, 2, 12, 440, 4, 4, 13, 477, 4, 4, 14, 430, 4, 3, 15, 398, 4, 5, 16, 417, 4, 4, 17, 194, 3, 2, 18, 551, 5, 5, 
http://espn.go.com/golf/player/scorecards/_/id/3452/year/2012/tournamentId/999/daniel-summerhays, Sony Open in Hawaii - (01/12-01/15), 2012, 1, 480, 4, 4, 2, 423, 4, 4, 3, 422, 4, 4, 4, 204, 3, 3, 5, 467, 4, 4, 6, 460, 4, 4, 7, 176, 3, 3, 8, 454, 4, 5, 9, 506, 5, 4, 10, 351, 4, 4, 11, 194, 3, 3, 12, 440, 4, 4, 13, 477, 4, 5, 14, 430, 4, 4, 15, 398, 4, 3, 16, 417, 4, 4, 17, 194, 3, 3, 18, 551, 5, 4, 
http://espn.go.com/golf/player/scorecards/_/id/3452/year/2012/tournamentId/999/daniel-summerhays, Sony Open in Hawaii - (01/12-01/15), 2012, 1, 480, 4, 4, 2, 423, 4, 4, 3, 422, 4, 4, 4, 204, 3, 4, 5, 467, 4, 4, 6, 460, 4, 4, 7, 176, 3, 2, 8, 454, 4, 4, 9, 506, 5, 5, 10, 351, 4, 3, 11, 194, 3, 4, 12, 440, 4, 4, 13, 477, 4, 4, 14, 430, 4, 4, 15, 398, 4, 3, 16, 417, 4, 4, 17, 194, 3, 3, 18, 551, 5, 5, 
http://espn.go.com/golf/player/scorecards/_/id/3452/year/2012/tournamentId/998/daniel-summerhays, Farmers Insurance Open - (01/26-01/29), 2012, 1, 519, 5, 5, 2, 329, 4, 4, 3, 179, 3, 3, 4, 434, 4, 4, 5, 411, 4, 4, 6, 205, 3, 3, 7, 399, 4, 4, 8, 436, 4, 3, 9, 547, 5, 6, 10, 417, 4, 4, 11, 490, 4, 5, 12, 240, 3, 3, 13, 471, 4, 4, 14, 523, 5, 5, 15, 397, 4, 3, 16, 366, 4, 4, 17, 174, 3, 3, 18, 516, 5, 5, 
http://espn.go.com/golf/player/scorecards/_/id/3452/year/2012/tournamentId/998/daniel-summerhays, Farmers Insurance Open - (01/26-01/29), 2012, 1, 450, 4, 6, 2, 389, 4, 3, 3, 200, 3, 3, 4, 488, 4, 4, 5, 454, 4, 4, 6, 560, 5, 4, 7, 462, 4, 5, 8, 176, 3, 2, 9, 614, 5, 6, 10, 416, 4, 5, 11, 221, 3, 3, 12, 504, 4, 6, 13, 614, 5, 5, 14, 437, 4, 4, 15, 478, 4, 3, 16, 223, 3, 2, 17, 442, 4, 5, 18, 570, 5, 5, 
http://espn.go.com/golf/player/scorecards/_/id/3452/year/2012/tournamentId/997/daniel-summerhays, AT&T Pebble Beach National Pro-Am - (02/09-02/12), 2012, 1, 381, 4, 5, 2, 502, 5, 4, 3, 390, 4, 3, 4, 331, 4, 4, 5, 188, 3, 3, 6, 513, 5, 4, 7, 106, 3, 2, 8, 418, 4, 5, 9, 466, 4, 4, 10, 446, 4, 4, 11, 380, 4, 4, 12, 202, 3, 3, 13, 399, 4, 4, 14, 573, 5, 5, 15, 397, 4, 5, 16, 403, 4, 5, 17, 178, 3, 3, 18, 543, 5, 5, 
http://espn.go.com/golf/player/scorecards/_/id/3452/year/2012/tournamentId/997/daniel-summerhays, AT&T Pebble Beach National Pro-Am - (02/09-02/12), 2012, 1, 595, 5, 5, 2, 349, 4, 4, 3, 165, 3, 5, 4, 370, 4, 4, 5, 197, 3, 3, 6, 446, 4, 3, 7, 529, 5, 5, 8, 399, 4, 4, 9, 431, 4, 5, 10, 407, 4, 4, 11, 528, 5, 5, 12, 178, 3, 2, 13, 460, 4, 4, 14, 560, 5, 4, 15, 130, 3, 3, 16, 476, 4, 5, 17, 325, 4, 4, 18, 408, 4, 4, 
http://espn.go.com/golf/player/scorecards/_/id/3452/year/2012/tournamentId/997/daniel-summerhays, AT&T Pebble Beach National Pro-Am - (02/09-02/12), 2012, 1, 454, 4, 5, 2, 391, 4, 5, 3, 155, 3, 3, 4, 401, 4, 4, 5, 349, 4, 4, 6, 548, 5, 5, 7, 226, 3, 2, 8, 454, 4, 5, 9, 224, 3, 2, 10, 544, 5, 4, 11, 176, 3, 2, 12, 599, 5, 4, 13, 401, 4, 3, 14, 190, 3, 2, 15, 415, 4, 4, 16, 500, 4, 4, 17, 430, 4, 3, 18, 381, 4, 4, 
http://espn.go.com/golf/player/scorecards/_/id/3452/year/2012/tournamentId/997/daniel-summerhays, AT&T Pebble Beach National Pro-Am - (02/09-02/12), 2012, 1, 381, 4, 5, 2, 502, 5, 4, 3, 390, 4, 4, 4, 331, 4, 4, 5, 188, 3, 4, 6, 513, 5, 4, 7, 106, 3, 3, 8, 418, 4, 4, 9, 466, 4, 4, 10, 446, 4, 4, 11, 380, 4, 4, 12, 202, 3, 3, 13, 399, 4, 4, 14, 573, 5, 5, 15, 397, 4, 4, 16, 403, 4, 4, 17, 178, 3, 3, 18, 543, 5, 6, 
http://espn.go.com/golf/player/scorecards/_/id/3452/year/2012/tournamentId/1030/daniel-summerhays, Mayakoba Golf Classic - (02/23-02/26), 2012, 1, 438, 4, 5, 2, 428, 4, 4, 3, 389, 4, 4, 4, 116, 3, 4, 5, 554, 5, 6, 6, 416, 4, 4, 7, 554, 5, 6, 8, 151, 3, 3, 9, 462, 4, 5, 10, 200, 3, 2, 11, 360, 4, 3, 12, 451, 4, 5, 13, 532, 5, 4, 14, 452, 4, 4, 15, 155, 3, 3, 16, 485, 4, 4, 17, 386, 4, 4, 18, 458, 4, 3, 
http://espn.go.com/golf/player/scorecards/_/id/3452/year/2012/tournamentId/1030/daniel-summerhays, Mayakoba Golf Classic - (02/23-02/26), 2012, 1, 438, 4, 4, 2, 428, 4, 3, 3, 389, 4, 4, 4, 116, 3, 3, 5, 554, 5, 5, 6, 416, 4, 4, 7, 554, 5, 4, 8, 151, 3, 2, 9, 462, 4, 4, 10, 200, 3, 3, 11, 360, 4, 3, 12, 451, 4, 4, 13, 532, 5, 5, 14, 452, 4, 4, 15, 155, 3, 3, 16, 485, 4, 4, 17, 386, 4, 4, 18, 458, 4, 4, 
http://espn.go.com/golf/player/scorecards/_/id/3452/year/2012/tournamentId/1030/daniel-summerhays, Mayakoba Golf Classic - (02/23-02/26), 2012, 1, 438, 4, 4, 2, 428, 4, 3, 3, 389, 4, 3, 4, 116, 3, 3, 5, 554, 5, 4, 6, 416, 4, 4, 7, 554, 5, 4, 8, 151, 3, 3, 9, 462, 4, 5, 10, 200, 3, 3, 11, 360, 4, 4, 12, 451, 4, 3, 13, 532, 5, 5, 14, 452, 4, 3, 15, 155, 3, 3, 16, 485, 4, 4, 17, 386, 4, 4, 18, 458, 4, 3, 
http://espn.go.com/golf/player/scorecards/_/id/3452/year/2012/tournamentId/1030/daniel-summerhays, Mayakoba Golf Classic - (02/23-02/26), 2012, 1, 438, 4, 5, 2, 428, 4, 4, 3, 389, 4, 4, 4, 116, 3, 2, 5, 554, 5, 4, 6, 416, 4, 4, 7, 554, 5, 4, 8, 151, 3, 3, 9, 462, 4, 4, 10, 200, 3, 3, 11, 360, 4, 4, 12, 451, 4, 3, 13, 532, 5, 6, 14, 452, 4, 4, 15, 155, 3, 3, 16, 485, 4, 4, 17, 386, 4, 4, 18, 458, 4, 4, 
http://espn.go.com/golf/player/scorecards/_/id/3452/year/2012/tournamentId/1001/daniel-summerhays, The Honda Classic - (03/01-03/04), 2012, 1, 365, 4, 4, 2, 464, 4, 4, 3, 538, 5, 4, 4, 376, 4, 4, 5, 217, 3, 3, 6, 479, 4, 5, 7, 226, 3, 4, 8, 427, 4, 4, 9, 421, 4, 4, 10, 508, 4, 4, 11, 450, 4, 4, 12, 427, 4, 4, 13, 388, 4, 3, 14, 465, 4, 4, 15, 179, 3, 2, 16, 434, 4, 4, 17, 190, 3, 3, 18, 556, 5, 5, 
http://espn.go.com/golf/player/scorecards/_/id/3452/year/2012/tournamentId/1001/daniel-summerhays, The Honda Classic - (03/01-03/04), 2012, 1, 365, 4, 4, 2, 464, 4, 5, 3, 538, 5, 5, 4, 376, 4, 3, 5, 217, 3, 3, 6, 479, 4, 4, 7, 226, 3, 4, 8, 427, 4, 5, 9, 421, 4, 4, 10, 508, 4, 4, 11, 450, 4, 4, 12, 427, 4, 4, 13, 388, 4, 5, 14, 465, 4, 4, 15, 179, 3, 3, 16, 434, 4, 4, 17, 190, 3, 3, 18, 556, 5, 5, 
http://espn.go.com/golf/player/scorecards/_/id/3452/year/2012/tournamentId/1033/daniel-summerhays, Puerto Rico Open presented by seepuertorico.com - (03/08-03/11), 2012, 1, 447, 4, 4, 2, 547, 5, 4, 3, 386, 4, 4, 4, 455, 4, 4, 5, 535, 5, 5, 6, 203, 3, 4, 7, 448, 4, 4, 8, 236, 3, 3, 9, 450, 4, 5, 10, 430, 4, 3, 11, 192, 3, 3, 12, 465, 4, 4, 13, 410, 4, 4, 14, 459, 4, 4, 15, 600, 5, 5, 16, 202, 3, 2, 17, 411, 4, 4, 18, 630, 5, 5, 
http://espn.go.com/golf/player/scorecards/_/id/3452/year/2012/tournamentId/1033/daniel-summerhays, Puerto Rico Open presented by seepuertorico.com - (03/08-03/11), 2012, 1, 447, 4, 4, 2, 547, 5, 4, 3, 386, 4, 4, 4, 455, 4, 4, 5, 535, 5, 5, 6, 203, 3, 2, 7, 448, 4, 3, 8, 236, 3, 3, 9, 450, 4, 3, 10, 430, 4, 4, 11, 192, 3, 3, 12, 465, 4, 4, 13, 410, 4, 3, 14, 459, 4, 5, 15, 600, 5, 4, 16, 202, 3, 3, 17, 411, 4, 4, 18, 630, 5, 6, 
http://espn.go.com/golf/player/scorecards/_/id/3452/year/2012/tournamentId/1033/daniel-summerhays, Puerto Rico Open presented by seepuertorico.com - (03/08-03/11), 2012, 1, 447, 4, 5, 2, 547, 5, 5, 3, 386, 4, 3, 4, 455, 4, 5, 5, 535, 5, 4, 6, 203, 3, 3, 7, 448, 4, 4, 8, 236, 3, 3, 9, 450, 4, 3, 10, 430, 4, 4, 11, 192, 3, 3, 12, 465, 4, 3, 13, 410, 4, 4, 14, 459, 4, 4, 15, 600, 5, 5, 16, 202, 3, 3, 17, 411, 4, 4, 18, 630, 5, 5, 
http://espn.go.com/golf/player/scorecards/_/id/3452/year/2012/tournamentId/1033/daniel-summerhays, Puerto Rico Open presented by seepuertorico.com - (03/08-03/11), 2012, 1, 447, 4, 4, 2, 547, 5, 5, 3, 386, 4, 4, 4, 455, 4, 4, 5, 535, 5, 5, 6, 203, 3, 3, 7, 448, 4, 3, 8, 236, 3, 3, 9, 450, 4, 3, 10, 430, 4, 5, 11, 192, 3, 2, 12, 465, 4, 4, 13, 410, 4, 3, 14, 459, 4, 4, 15, 600, 5, 5, 16, 202, 3, 3, 17, 411, 4, 4, 18, 630, 5, 4, 
http://espn.go.com/golf/player/scorecards/_/id/3452/year/2012/tournamentId/1002/daniel-summerhays, Arnold Palmer Invitational presented by MasterCard - (03/22-03/25), 2012, 1, 461, 4, 5, 2, 231, 3, 4, 3, 434, 4, 5, 4, 561, 5, 5, 5, 390, 4, 4, 6, 555, 5, 4, 7, 199, 3, 3, 8, 460, 4, 5, 9, 474, 4, 3, 10, 400, 4, 4, 11, 438, 4, 4, 12, 574, 5, 5, 13, 370, 4, 4, 14, 215, 3, 3, 15, 467, 4, 4, 16, 511, 5, 4, 17, 221, 3, 5, 18, 458, 4, 3, 
http://espn.go.com/golf/player/scorecards/_/id/3452/year/2012/tournamentId/1002/daniel-summerhays, Arnold Palmer Invitational presented by MasterCard - (03/22-03/25), 2012, 1, 461, 4, 3, 2, 231, 3, 4, 3, 434, 4, 4, 4, 561, 5, 5, 5, 390, 4, 4, 6, 555, 5, 5, 7, 199, 3, 2, 8, 460, 4, 4, 9, 474, 4, 4, 10, 400, 4, 4, 11, 438, 4, 4, 12, 574, 5, 6, 13, 370, 4, 4, 14, 215, 3, 3, 15, 467, 4, 4, 16, 511, 5, 7, 17, 221, 3, 2, 18, 458, 4, 4, 
http://espn.go.com/golf/player/scorecards/_/id/3452/year/2012/tournamentId/1002/daniel-summerhays, Arnold Palmer Invitational presented by MasterCard - (03/22-03/25), 2012, 1, 461, 4, 4, 2, 231, 3, 3, 3, 434, 4, 4, 4, 561, 5, 5, 5, 390, 4, 4, 6, 555, 5, 5, 7, 199, 3, 3, 8, 460, 4, 4, 9, 474, 4, 4, 10, 400, 4, 4, 11, 438, 4, 4, 12, 574, 5, 4, 13, 370, 4, 3, 14, 215, 3, 3, 15, 467, 4, 4, 16, 511, 5, 5, 17, 221, 3, 3, 18, 458, 4, 4, 
http://espn.go.com/golf/player/scorecards/_/id/3452/year/2012/tournamentId/1002/daniel-summerhays, Arnold Palmer Invitational presented by MasterCard - (03/22-03/25), 2012, 1, 461, 4, 4, 2, 231, 3, 3, 3, 434, 4, 4, 4, 561, 5, 7, 5, 390, 4, 4, 6, 555, 5, 5, 7, 199, 3, 2, 8, 460, 4, 5, 9, 474, 4, 3, 10, 400, 4, 3, 11, 438, 4, 4, 12, 574, 5, 5, 13, 370, 4, 4, 14, 215, 3, 3, 15, 467, 4, 5, 16, 511, 5, 4, 17, 221, 3, 3, 18, 458, 4, 4, 
http://espn.go.com/golf/player/scorecards/_/id/3452/year/2012/tournamentId/1008/daniel-summerhays, Shell Houston Open - (03/29-04/01), 2012, 1, 397, 4, 4, 2, 429, 4, 4, 3, 398, 4, 5, 4, 566, 5, 6, 5, 480, 4, 5, 6, 464, 4, 4, 7, 174, 3, 3, 8, 557, 5, 10, 9, 238, 3, 3, 10, 380, 4, 5, 11, 441, 4, 4, 12, 338, 4, 4, 13, 590, 5, 4, 14, 216, 3, 3, 15, 608, 5, 5, 16, 188, 3, 3, 17, 489, 4, 4, 18, 488, 4, 4, 
http://espn.go.com/golf/player/scorecards/_/id/3452/year/2012/tournamentId/1008/daniel-summerhays, Shell Houston Open - (03/29-04/01), 2012, 1, 397, 4, 4, 2, 429, 4, 4, 3, 398, 4, 3, 4, 566, 5, 5, 5, 480, 4, 4, 6, 464, 4, 4, 7, 174, 3, 4, 8, 557, 5, 4, 9, 238, 3, 3, 10, 380, 4, 4, 11, 441, 4, 4, 12, 338, 4, 3, 13, 590, 5, 4, 14, 216, 3, 3, 15, 608, 5, 5, 16, 188, 3, 2, 17, 489, 4, 4, 18, 488, 4, 5, 
http://espn.go.com/golf/player/scorecards/_/id/3452/year/2012/tournamentId/1008/daniel-summerhays, Shell Houston Open - (03/29-04/01), 2012, 1, 397, 4, 4, 2, 429, 4, 6, 3, 398, 4, 4, 4, 566, 5, 5, 5, 480, 4, 4, 6, 464, 4, 3, 7, 174, 3, 3, 8, 557, 5, 5, 9, 238, 3, 3, 10, 380, 4, 4, 11, 441, 4, 4, 12, 338, 4, 4, 13, 590, 5, 5, 14, 216, 3, 3, 15, 608, 5, 4, 16, 188, 3, 3, 17, 489, 4, 4, 18, 488, 4, 4, 
http://espn.go.com/golf/player/scorecards/_/id/3452/year/2012/tournamentId/1006/daniel-summerhays, RBC Heritage - (04/12-04/15), 2012, 1, 410, 4, 4, 2, 502, 5, 5, 3, 469, 4, 4, 4, 200, 3, 4, 5, 540, 5, 4, 6, 419, 4, 4, 7, 195, 3, 4, 8, 473, 4, 4, 9, 332, 4, 4, 10, 451, 4, 4, 11, 436, 4, 4, 12, 430, 4, 5, 13, 373, 4, 3, 14, 192, 3, 4, 15, 588, 5, 5, 16, 434, 4, 4, 17, 185, 3, 3, 18, 472, 4, 5, 
http://espn.go.com/golf/player/scorecards/_/id/3452/year/2012/tournamentId/1006/daniel-summerhays, RBC Heritage - (04/12-04/15), 2012, 1, 410, 4, 4, 2, 502, 5, 3, 3, 469, 4, 4, 4, 200, 3, 3, 5, 540, 5, 5, 6, 419, 4, 5, 7, 195, 3, 4, 8, 473, 4, 4, 9, 332, 4, 3, 10, 451, 4, 5, 11, 436, 4, 4, 12, 430, 4, 4, 13, 373, 4, 5, 14, 192, 3, 5, 15, 588, 5, 4, 16, 434, 4, 4, 17, 185, 3, 3, 18, 472, 4, 4, 
http://espn.go.com/golf/player/scorecards/_/id/3452/year/2012/tournamentId/1023/daniel-summerhays, Valero Texas Open - (04/19-04/22), 2012, 1, 454, 4, 5, 2, 602, 5, 5, 3, 213, 3, 3, 4, 481, 4, 4, 5, 342, 4, 3, 6, 403, 4, 4, 7, 207, 3, 3, 8, 604, 5, 6, 9, 474, 4, 4, 10, 447, 4, 5, 11, 405, 4, 4, 12, 410, 4, 5, 13, 241, 3, 3, 14, 567, 5, 3, 15, 464, 4, 4, 16, 183, 3, 3, 17, 347, 4, 4, 18, 591, 5, 5, 
http://espn.go.com/golf/player/scorecards/_/id/3452/year/2012/tournamentId/1023/daniel-summerhays, Valero Texas Open - (04/19-04/22), 2012, 1, 454, 4, 4, 2, 602, 5, 6, 3, 213, 3, 2, 4, 481, 4, 4, 5, 342, 4, 4, 6, 403, 4, 3, 7, 207, 3, 3, 8, 604, 5, 6, 9, 474, 4, 5, 10, 447, 4, 6, 11, 405, 4, 4, 12, 410, 4, 5, 13, 241, 3, 4, 14, 567, 5, 4, 15, 464, 4, 4, 16, 183, 3, 2, 17, 347, 4, 4, 18, 591, 5, 4, 
http://espn.go.com/golf/player/scorecards/_/id/3452/year/2012/tournamentId/1023/daniel-summerhays, Valero Texas Open - (04/19-04/22), 2012, 1, 454, 4, 4, 2, 602, 5, 4, 3, 213, 3, 2, 4, 481, 4, 4, 5, 342, 4, 3, 6, 403, 4, 4, 7, 207, 3, 3, 8, 604, 5, 5, 9, 474, 4, 4, 10, 447, 4, 5, 11, 405, 4, 4, 12, 410, 4, 5, 13, 241, 3, 3, 14, 567, 5, 4, 15, 464, 4, 4, 16, 183, 3, 3, 17, 347, 4, 3, 18, 591, 5, 4, 
http://espn.go.com/golf/player/scorecards/_/id/3452/year/2012/tournamentId/1023/daniel-summerhays, Valero Texas Open - (04/19-04/22), 2012, 1, 454, 4, 4, 2, 602, 5, 5, 3, 213, 3, 4, 4, 481, 4, 4, 5, 342, 4, 5, 6, 403, 4, 4, 7, 207, 3, 3, 8, 604, 5, 5, 9, 474, 4, 4, 10, 447, 4, 4, 11, 405, 4, 4, 12, 410, 4, 5, 13, 241, 3, 3, 14, 567, 5, 5, 15, 464, 4, 4, 16, 183, 3, 3, 17, 347, 4, 4, 18, 591, 5, 4, 
http://espn.go.com/golf/player/scorecards/_/id/3452/year/2012/tournamentId/1003/daniel-summerhays, Zurich Classic of New Orleans - (04/26-04/29), 2012, 1, 399, 4, 4, 2, 548, 5, 5, 3, 221, 3, 3, 4, 482, 4, 4, 5, 438, 4, 4, 6, 476, 4, 5, 7, 561, 5, 4, 8, 372, 4, 4, 9, 207, 3, 3, 10, 390, 4, 4, 11, 575, 5, 4, 12, 492, 4, 6, 13, 403, 4, 3, 14, 216, 3, 3, 15, 490, 4, 4, 16, 355, 4, 4, 17, 215, 3, 3, 18, 585, 5, 6, 
http://espn.go.com/golf/player/scorecards/_/id/3452/year/2012/tournamentId/1003/daniel-summerhays, Zurich Classic of New Orleans - (04/26-04/29), 2012, 1, 399, 4, 3, 2, 548, 5, 5, 3, 221, 3, 3, 4, 482, 4, 4, 5, 438, 4, 4, 6, 476, 4, 4, 7, 561, 5, 4, 8, 372, 4, 4, 9, 207, 3, 2, 10, 390, 4, 5, 11, 575, 5, 3, 12, 492, 4, 4, 13, 403, 4, 4, 14, 216, 3, 3, 15, 490, 4, 4, 16, 355, 4, 5, 17, 215, 3, 3, 18, 585, 5, 4, 
http://espn.go.com/golf/player/scorecards/_/id/3452/year/2012/tournamentId/1003/daniel-summerhays, Zurich Classic of New Orleans - (04/26-04/29), 2012, 1, 399, 4, 4, 2, 548, 5, 5, 3, 221, 3, 4, 4, 482, 4, 5, 5, 438, 4, 3, 6, 476, 4, 3, 7, 561, 5, 5, 8, 372, 4, 4, 9, 207, 3, 3, 10, 390, 4, 4, 11, 575, 5, 5, 12, 492, 4, 4, 13, 403, 4, 4, 14, 216, 3, 3, 15, 490, 4, 4, 16, 355, 4, 3, 17, 215, 3, 3, 18, 585, 5, 4, 
http://espn.go.com/golf/player/scorecards/_/id/3452/year/2012/tournamentId/1003/daniel-summerhays, Zurich Classic of New Orleans - (04/26-04/29), 2012, 1, 399, 4, 3, 2, 548, 5, 4, 3, 221, 3, 3, 4, 482, 4, 4, 5, 438, 4, 4, 6, 476, 4, 5, 7, 561, 5, 4, 8, 372, 4, 4, 9, 207, 3, 3, 10, 390, 4, 4, 11, 575, 5, 4, 12, 492, 4, 4, 13, 403, 4, 4, 14, 216, 3, 2, 15, 490, 4, 4, 16, 355, 4, 4, 17, 215, 3, 3, 18, 585, 5, 5, 
http://espn.go.com/golf/player/scorecards/_/id/3452/year/2012/tournamentId/1028/daniel-summerhays, Wells Fargo Championship - (05/03-05/06), 2012, 1, 418, 4, 3, 2, 178, 3, 3, 3, 452, 4, 4, 4, 483, 4, 5, 5, 570, 5, 5, 6, 250, 3, 4, 7, 532, 5, 4, 8, 350, 4, 5, 9, 495, 4, 4, 10, 598, 5, 5, 11, 426, 4, 5, 12, 456, 4, 4, 13, 210, 3, 3, 14, 345, 4, 5, 15, 566, 5, 5, 16, 487, 4, 5, 17, 198, 3, 3, 18, 478, 4, 5, 
http://espn.go.com/golf/player/scorecards/_/id/3452/year/2012/tournamentId/1028/daniel-summerhays, Wells Fargo Championship - (05/03-05/06), 2012, 1, 418, 4, 4, 2, 178, 3, 4, 3, 452, 4, 4, 4, 483, 4, 4, 5, 570, 5, 5, 6, 250, 3, 3, 7, 532, 5, 5, 8, 350, 4, 4, 9, 495, 4, 3, 10, 598, 5, 5, 11, 426, 4, 4, 12, 456, 4, 5, 13, 210, 3, 3, 14, 345, 4, 4, 15, 566, 5, 3, 16, 487, 4, 5, 17, 198, 3, 3, 18, 478, 4, 3, 
http://espn.go.com/golf/player/scorecards/_/id/3452/year/2012/tournamentId/1010/daniel-summerhays, Crowne Plaza Invitational at Colonial - (05/24-05/27), 2012, 1, 565, 5, 5, 2, 389, 4, 4, 3, 483, 4, 3, 4, 247, 3, 3, 5, 481, 4, 4, 6, 406, 4, 4, 7, 440, 4, 4, 8, 194, 3, 4, 9, 407, 4, 3, 10, 408, 4, 4, 11, 635, 5, 6, 12, 445, 4, 4, 13, 190, 3, 7, 14, 464, 4, 5, 15, 430, 4, 4, 16, 192, 3, 3, 17, 387, 4, 5, 18, 441, 4, 6, 
http://espn.go.com/golf/player/scorecards/_/id/3452/year/2012/tournamentId/1010/daniel-summerhays, Crowne Plaza Invitational at Colonial - (05/24-05/27), 2012, 1, 565, 5, 4, 2, 389, 4, 4, 3, 483, 4, 3, 4, 247, 3, 4, 5, 481, 4, 3, 6, 406, 4, 4, 7, 440, 4, 4, 8, 194, 3, 4, 9, 407, 4, 3, 10, 408, 4, 3, 11, 635, 5, 5, 12, 445, 4, 4, 13, 190, 3, 5, 14, 464, 4, 3, 15, 430, 4, 4, 16, 192, 3, 3, 17, 387, 4, 4, 18, 441, 4, 3, 
http://espn.go.com/golf/player/scorecards/_/id/3452/year/2012/tournamentId/1011/daniel-summerhays, the Memorial Tournament presented by Nationwide Insurance - (05/31-06/03), 2012, 1, 470, 4, 4, 2, 455, 4, 4, 3, 401, 4, 3, 4, 200, 3, 3, 5, 527, 5, 4, 6, 447, 4, 5, 7, 563, 5, 5, 8, 185, 3, 4, 9, 412, 4, 4, 10, 471, 4, 4, 11, 567, 5, 5, 12, 184, 3, 3, 13, 455, 4, 4, 14, 363, 4, 3, 15, 529, 5, 3, 16, 201, 3, 3, 17, 478, 4, 5, 18, 444, 4, 3, 
http://espn.go.com/golf/player/scorecards/_/id/3452/year/2012/tournamentId/1011/daniel-summerhays, the Memorial Tournament presented by Nationwide Insurance - (05/31-06/03), 2012, 1, 470, 4, 4, 2, 455, 4, 4, 3, 401, 4, 4, 4, 200, 3, 4, 5, 527, 5, 5, 6, 447, 4, 4, 7, 563, 5, 5, 8, 185, 3, 3, 9, 412, 4, 5, 10, 471, 4, 4, 11, 567, 5, 5, 12, 184, 3, 4, 13, 455, 4, 3, 14, 363, 4, 4, 15, 529, 5, 5, 16, 201, 3, 2, 17, 478, 4, 3, 18, 444, 4, 6, 
http://espn.go.com/golf/player/scorecards/_/id/3452/year/2012/tournamentId/1011/daniel-summerhays, the Memorial Tournament presented by Nationwide Insurance - (05/31-06/03), 2012, 1, 470, 4, 4, 2, 455, 4, 4, 3, 401, 4, 4, 4, 200, 3, 3, 5, 527, 5, 5, 6, 447, 4, 3, 7, 563, 5, 5, 8, 185, 3, 3, 9, 412, 4, 4, 10, 471, 4, 4, 11, 567, 5, 4, 12, 184, 3, 3, 13, 455, 4, 4, 14, 363, 4, 4, 15, 529, 5, 4, 16, 201, 3, 3, 17, 478, 4, 6, 18, 444, 4, 4, 
http://espn.go.com/golf/player/scorecards/_/id/3452/year/2012/tournamentId/1011/daniel-summerhays, the Memorial Tournament presented by Nationwide Insurance - (05/31-06/03), 2012, 1, 470, 4, 3, 2, 455, 4, 5, 3, 401, 4, 4, 4, 200, 3, 3, 5, 527, 5, 4, 6, 447, 4, 3, 7, 563, 5, 5, 8, 185, 3, 3, 9, 412, 4, 4, 10, 471, 4, 3, 11, 567, 5, 4, 12, 184, 3, 2, 13, 455, 4, 4, 14, 363, 4, 5, 15, 529, 5, 4, 16, 201, 3, 5, 17, 478, 4, 4, 18, 444, 4, 4, 
http://espn.go.com/golf/player/scorecards/_/id/3452/year/2012/tournamentId/1015/daniel-summerhays, Travelers Championship - (06/21-06/24), 2012, 1, 434, 4, 4, 2, 341, 4, 3, 3, 431, 4, 4, 4, 481, 4, 4, 5, 223, 3, 3, 6, 574, 5, 5, 7, 443, 4, 5, 8, 202, 3, 3, 9, 406, 4, 4, 10, 462, 4, 4, 11, 158, 3, 3, 12, 411, 4, 3, 13, 523, 5, 5, 14, 421, 4, 4, 15, 296, 4, 4, 16, 171, 3, 3, 17, 433, 4, 7, 18, 444, 4, 4, 
http://espn.go.com/golf/player/scorecards/_/id/3452/year/2012/tournamentId/1015/daniel-summerhays, Travelers Championship - (06/21-06/24), 2012, 1, 434, 4, 4, 2, 341, 4, 4, 3, 431, 4, 3, 4, 481, 4, 4, 5, 223, 3, 3, 6, 574, 5, 4, 7, 443, 4, 4, 8, 202, 3, 3, 9, 406, 4, 4, 10, 462, 4, 5, 11, 158, 3, 3, 12, 411, 4, 3, 13, 523, 5, 5, 14, 421, 4, 4, 15, 296, 4, 5, 16, 171, 3, 3, 17, 433, 4, 6, 18, 444, 4, 4, 
http://espn.go.com/golf/player/scorecards/_/id/3452/year/2012/tournamentId/1032/daniel-summerhays, AT&T National - (06/28-07/01), 2012, 1, 402, 4, 4, 2, 233, 3, 3, 3, 466, 4, 4, 4, 470, 4, 5, 5, 413, 4, 4, 6, 555, 5, 5, 7, 173, 3, 3, 8, 354, 4, 5, 9, 636, 5, 5, 10, 218, 3, 3, 11, 489, 4, 3, 12, 471, 4, 4, 13, 193, 3, 3, 14, 467, 4, 4, 15, 490, 4, 4, 16, 579, 5, 5, 17, 437, 4, 5, 18, 523, 4, 4, 
http://espn.go.com/golf/player/scorecards/_/id/3452/year/2012/tournamentId/1032/daniel-summerhays, AT&T National - (06/28-07/01), 2012, 1, 402, 4, 4, 2, 233, 3, 2, 3, 466, 4, 4, 4, 470, 4, 4, 5, 413, 4, 4, 6, 555, 5, 5, 7, 173, 3, 3, 8, 354, 4, 4, 9, 636, 5, 5, 10, 218, 3, 3, 11, 489, 4, 4, 12, 471, 4, 4, 13, 193, 3, 3, 14, 467, 4, 4, 15, 490, 4, 4, 16, 579, 5, 4, 17, 437, 4, 4, 18, 523, 4, 4, 
http://espn.go.com/golf/player/scorecards/_/id/3452/year/2012/tournamentId/1032/daniel-summerhays, AT&T National - (06/28-07/01), 2012, 1, 402, 4, 4, 2, 233, 3, 3, 3, 466, 4, 4, 4, 470, 4, 4, 5, 413, 4, 5, 6, 555, 5, 5, 7, 173, 3, 3, 8, 354, 4, 4, 9, 636, 5, 5, 10, 218, 3, 2, 11, 489, 4, 4, 12, 471, 4, 5, 13, 193, 3, 4, 14, 467, 4, 3, 15, 490, 4, 5, 16, 579, 5, 5, 17, 437, 4, 4, 18, 523, 4, 4, 
http://espn.go.com/golf/player/scorecards/_/id/3452/year/2012/tournamentId/1032/daniel-summerhays, AT&T National - (06/28-07/01), 2012, 1, 402, 4, 4, 2, 233, 3, 3, 3, 466, 4, 5, 4, 470, 4, 5, 5, 413, 4, 4, 6, 555, 5, 4, 7, 173, 3, 2, 8, 354, 4, 4, 9, 636, 5, 5, 10, 218, 3, 3, 11, 489, 4, 3, 12, 471, 4, 5, 13, 193, 3, 4, 14, 467, 4, 4, 15, 490, 4, 3, 16, 579, 5, 4, 17, 437, 4, 4, 18, 523, 4, 4, 
http://espn.go.com/golf/player/scorecards/_/id/3452/year/2012/tournamentId/1034/daniel-summerhays, The Greenbrier Classic - (07/05-07/08), 2012, 1, 449, 4, 4, 2, 488, 4, 4, 3, 205, 3, 2, 4, 427, 4, 4, 5, 388, 4, 4, 6, 471, 4, 4, 7, 430, 4, 3, 8, 234, 3, 3, 9, 404, 4, 3, 10, 385, 4, 3, 11, 493, 4, 4, 12, 568, 5, 4, 13, 492, 4, 4, 14, 401, 4, 4, 15, 217, 3, 3, 16, 444, 4, 4, 17, 616, 5, 4, 18, 175, 3, 3, 
http://espn.go.com/golf/player/scorecards/_/id/3452/year/2012/tournamentId/1034/daniel-summerhays, The Greenbrier Classic - (07/05-07/08), 2012, 1, 449, 4, 4, 2, 488, 4, 4, 3, 205, 3, 2, 4, 427, 4, 4, 5, 388, 4, 3, 6, 471, 4, 4, 7, 430, 4, 4, 8, 234, 3, 3, 9, 404, 4, 4, 10, 385, 4, 4, 11, 493, 4, 4, 12, 568, 5, 5, 13, 492, 4, 4, 14, 401, 4, 4, 15, 217, 3, 3, 16, 444, 4, 4, 17, 616, 5, 5, 18, 175, 3, 3, 
http://espn.go.com/golf/player/scorecards/_/id/3452/year/2012/tournamentId/1034/daniel-summerhays, The Greenbrier Classic - (07/05-07/08), 2012, 1, 449, 4, 4, 2, 488, 4, 4, 3, 205, 3, 4, 4, 427, 4, 4, 5, 388, 4, 4, 6, 471, 4, 4, 7, 430, 4, 5, 8, 234, 3, 3, 9, 404, 4, 3, 10, 385, 4, 3, 11, 493, 4, 4, 12, 568, 5, 4, 13, 492, 4, 4, 14, 401, 4, 4, 15, 217, 3, 3, 16, 444, 4, 4, 17, 616, 5, 4, 18, 175, 3, 3, 
http://espn.go.com/golf/player/scorecards/_/id/3452/year/2012/tournamentId/1034/daniel-summerhays, The Greenbrier Classic - (07/05-07/08), 2012, 1, 449, 4, 4, 2, 488, 4, 4, 3, 205, 3, 2, 4, 427, 4, 4, 5, 388, 4, 5, 6, 471, 4, 4, 7, 430, 4, 4, 8, 234, 3, 3, 9, 404, 4, 3, 10, 385, 4, 4, 11, 493, 4, 4, 12, 568, 5, 5, 13, 492, 4, 4, 14, 401, 4, 4, 15, 217, 3, 3, 16, 444, 4, 4, 17, 616, 5, 4, 18, 175, 3, 2, 
http://espn.go.com/golf/player/scorecards/_/id/3452/year/2012/tournamentId/1021/daniel-summerhays, John Deere Classic - (07/12-07/15), 2012, 1, 395, 4, 4, 2, 561, 5, 4, 3, 186, 3, 3, 4, 454, 4, 4, 5, 433, 4, 4, 6, 367, 4, 4, 7, 226, 3, 3, 8, 428, 4, 4, 9, 503, 4, 3, 10, 596, 5, 4, 11, 432, 4, 4, 12, 215, 3, 3, 13, 424, 4, 5, 14, 361, 4, 3, 15, 484, 4, 4, 16, 158, 3, 4, 17, 569, 5, 4, 18, 476, 4, 5, 
http://espn.go.com/golf/player/scorecards/_/id/3452/year/2012/tournamentId/1021/daniel-summerhays, John Deere Classic - (07/12-07/15), 2012, 1, 395, 4, 4, 2, 561, 5, 5, 3, 186, 3, 4, 4, 454, 4, 4, 5, 433, 4, 3, 6, 367, 4, 4, 7, 226, 3, 4, 8, 428, 4, 5, 9, 503, 4, 5, 10, 596, 5, 5, 11, 432, 4, 5, 12, 215, 3, 3, 13, 424, 4, 3, 14, 361, 4, 4, 15, 484, 4, 5, 16, 158, 3, 2, 17, 569, 5, 4, 18, 476, 4, 4, 
http://espn.go.com/golf/player/scorecards/_/id/3452/year/2012/tournamentId/1020/daniel-summerhays, RBC Canadian Open - (07/26-07/29), 2012, 1, 417, 4, 4, 2, 442, 4, 4, 3, 408, 4, 4, 4, 542, 5, 4, 5, 317, 4, 4, 6, 224, 3, 4, 7, 412, 4, 4, 8, 210, 3, 4, 9, 440, 4, 4, 10, 392, 4, 4, 11, 481, 4, 4, 12, 388, 4, 4, 13, 236, 3, 3, 14, 450, 4, 5, 15, 423, 4, 4, 16, 188, 3, 3, 17, 550, 5, 5, 18, 446, 4, 4, 
http://espn.go.com/golf/player/scorecards/_/id/3452/year/2012/tournamentId/1020/daniel-summerhays, RBC Canadian Open - (07/26-07/29), 2012, 1, 417, 4, 4, 2, 442, 4, 4, 3, 408, 4, 5, 4, 542, 5, 5, 5, 317, 4, 3, 6, 224, 3, 3, 7, 412, 4, 5, 8, 210, 3, 2, 9, 440, 4, 4, 10, 392, 4, 4, 11, 481, 4, 4, 12, 388, 4, 3, 13, 236, 3, 3, 14, 450, 4, 4, 15, 423, 4, 3, 16, 188, 3, 3, 17, 550, 5, 5, 18, 446, 4, 5, 
http://espn.go.com/golf/player/scorecards/_/id/3452/year/2012/tournamentId/1020/daniel-summerhays, RBC Canadian Open - (07/26-07/29), 2012, 1, 417, 4, 4, 2, 442, 4, 4, 3, 408, 4, 4, 4, 542, 5, 5, 5, 317, 4, 4, 6, 224, 3, 3, 7, 412, 4, 3, 8, 210, 3, 3, 9, 440, 4, 4, 10, 392, 4, 4, 11, 481, 4, 4, 12, 388, 4, 4, 13, 236, 3, 3, 14, 450, 4, 3, 15, 423, 4, 4, 16, 188, 3, 3, 17, 550, 5, 4, 18, 446, 4, 5, 
http://espn.go.com/golf/player/scorecards/_/id/3452/year/2012/tournamentId/1020/daniel-summerhays, RBC Canadian Open - (07/26-07/29), 2012, 1, 417, 4, 4, 2, 442, 4, 4, 3, 408, 4, 4, 4, 542, 5, 4, 5, 317, 4, 4, 6, 224, 3, 2, 7, 412, 4, 4, 8, 210, 3, 3, 9, 440, 4, 4, 10, 392, 4, 4, 11, 481, 4, 5, 12, 388, 4, 3, 13, 236, 3, 3, 14, 450, 4, 4, 15, 423, 4, 3, 16, 188, 3, 3, 17, 550, 5, 5, 18, 446, 4, 4, 
http://espn.go.com/golf/player/scorecards/_/id/3452/year/2012/tournamentId/1007/daniel-summerhays, Wyndham Championship - (08/16-08/20), 2012, 1, 418, 4, 4, 2, 442, 4, 3, 3, 174, 3, 3, 4, 428, 4, 4, 5, 529, 5, 5, 6, 423, 4, 4, 7, 223, 3, 3, 8, 374, 4, 3, 9, 416, 4, 4, 10, 440, 4, 3, 11, 486, 4, 5, 12, 235, 3, 3, 13, 405, 4, 5, 14, 501, 4, 5, 15, 545, 5, 6, 16, 165, 3, 4, 17, 406, 4, 3, 18, 507, 4, 5, 
http://espn.go.com/golf/player/scorecards/_/id/3452/year/2012/tournamentId/1007/daniel-summerhays, Wyndham Championship - (08/16-08/20), 2012, 1, 418, 4, 4, 2, 442, 4, 4, 3, 174, 3, 2, 4, 428, 4, 4, 5, 529, 5, 4, 6, 423, 4, 4, 7, 223, 3, 3, 8, 374, 4, 4, 9, 416, 4, 4, 10, 440, 4, 5, 11, 486, 4, 4, 12, 235, 3, 3, 13, 405, 4, 4, 14, 501, 4, 4, 15, 545, 5, 5, 16, 165, 3, 3, 17, 406, 4, 4, 18, 507, 4, 5, 
http://espn.go.com/golf/player/scorecards/_/id/3452/year/2012/tournamentId/1012/daniel-summerhays, The Barclays - (08/23-08/26), 2012, 1, 430, 4, 4, 2, 389, 4, 4, 3, 230, 3, 3, 4, 517, 5, 5, 5, 478, 4, 5, 6, 408, 4, 4, 7, 553, 5, 5, 8, 210, 3, 3, 9, 460, 4, 5, 10, 502, 4, 4, 11, 435, 4, 4, 12, 501, 4, 4, 13, 608, 5, 4, 14, 161, 3, 3, 15, 478, 4, 5, 16, 490, 4, 3, 17, 207, 3, 3, 18, 411, 4, 5, 
http://espn.go.com/golf/player/scorecards/_/id/3452/year/2012/tournamentId/1012/daniel-summerhays, The Barclays - (08/23-08/26), 2012, 1, 430, 4, 4, 2, 389, 4, 3, 3, 230, 3, 4, 4, 517, 5, 5, 5, 478, 4, 3, 6, 408, 4, 4, 7, 553, 5, 5, 8, 210, 3, 4, 9, 460, 4, 5, 10, 502, 4, 4, 11, 435, 4, 4, 12, 501, 4, 4, 13, 608, 5, 6, 14, 161, 3, 4, 15, 478, 4, 4, 16, 490, 4, 5, 17, 207, 3, 2, 18, 411, 4, 4, 
http://espn.go.com/golf/player/scorecards/_/id/3452/year/2012/tournamentId/1029/daniel-summerhays, Deutsche Bank Championship - (08/31-09/03), 2012, 1, 365, 4, 4, 2, 542, 5, 5, 3, 208, 3, 3, 4, 298, 4, 4, 5, 466, 4, 5, 6, 465, 4, 4, 7, 600, 5, 6, 8, 213, 3, 3, 9, 472, 4, 4, 10, 425, 4, 6, 11, 231, 3, 4, 12, 461, 4, 4, 13, 451, 4, 4, 14, 495, 4, 4, 15, 421, 4, 5, 16, 161, 3, 3, 17, 412, 4, 4, 18, 530, 5, 5, 
http://espn.go.com/golf/player/scorecards/_/id/3452/year/2012/tournamentId/1029/daniel-summerhays, Deutsche Bank Championship - (08/31-09/03), 2012, 1, 365, 4, 4, 2, 542, 5, 5, 3, 208, 3, 4, 4, 298, 4, 4, 5, 466, 4, 4, 6, 465, 4, 3, 7, 600, 5, 5, 8, 213, 3, 4, 9, 472, 4, 4, 10, 425, 4, 4, 11, 231, 3, 4, 12, 461, 4, 4, 13, 451, 4, 4, 14, 495, 4, 4, 15, 421, 4, 4, 16, 161, 3, 3, 17, 412, 4, 4, 18, 530, 5, 4, 
http://espn.go.com/golf/player/scorecards/_/id/3452/year/2012/tournamentId/1029/daniel-summerhays, Deutsche Bank Championship - (08/31-09/03), 2012, 1, 365, 4, 4, 2, 542, 5, 5, 3, 208, 3, 3, 4, 298, 4, 4, 5, 466, 4, 4, 6, 465, 4, 5, 7, 600, 5, 4, 8, 213, 3, 3, 9, 472, 4, 4, 10, 425, 4, 3, 11, 231, 3, 3, 12, 461, 4, 4, 13, 451, 4, 5, 14, 495, 4, 5, 15, 421, 4, 3, 16, 161, 3, 2, 17, 412, 4, 4, 18, 530, 5, 5, 
http://espn.go.com/golf/player/scorecards/_/id/3452/year/2012/tournamentId/1029/daniel-summerhays, Deutsche Bank Championship - (08/31-09/03), 2012, 1, 365, 4, 3, 2, 542, 5, 5, 3, 208, 3, 4, 4, 298, 4, 4, 5, 466, 4, 3, 6, 465, 4, 4, 7, 600, 5, 4, 8, 213, 3, 3, 9, 472, 4, 5, 10, 425, 4, 4, 11, 231, 3, 4, 12, 461, 4, 5, 13, 451, 4, 4, 14, 495, 4, 5, 15, 421, 4, 3, 16, 161, 3, 3, 17, 412, 4, 3, 18, 530, 5, 5, 
http://espn.go.com/golf/player/scorecards/_/id/3452/year/2012/tournamentId/1022/daniel-summerhays, Justin Timberlake Shriners Hospitals for Children Open - (10/04-10/07), 2012, 1, 408, 4, 5, 2, 469, 4, 4, 3, 492, 4, 4, 4, 450, 4, 4, 5, 197, 3, 3, 6, 430, 4, 4, 7, 382, 4, 5, 8, 239, 3, 3, 9, 563, 5, 5, 10, 420, 4, 3, 11, 448, 4, 5, 12, 442, 4, 4, 13, 606, 5, 6, 14, 156, 3, 2, 15, 341, 4, 5, 16, 560, 5, 5, 17, 196, 3, 3, 18, 444, 4, 4, 
http://espn.go.com/golf/player/scorecards/_/id/3452/year/2012/tournamentId/1022/daniel-summerhays, Justin Timberlake Shriners Hospitals for Children Open - (10/04-10/07), 2012, 1, 408, 4, 3, 2, 469, 4, 4, 3, 492, 4, 5, 4, 450, 4, 4, 5, 197, 3, 3, 6, 430, 4, 4, 7, 382, 4, 4, 8, 239, 3, 4, 9, 563, 5, 5, 10, 420, 4, 4, 11, 448, 4, 4, 12, 442, 4, 4, 13, 606, 5, 6, 14, 156, 3, 2, 15, 341, 4, 3, 16, 560, 5, 5, 17, 196, 3, 4, 18, 444, 4, 4, 
http://espn.go.com/golf/player/scorecards/_/id/3452/year/2012/tournamentId/1022/daniel-summerhays, Justin Timberlake Shriners Hospitals for Children Open - (10/04-10/07), 2012, 1, 408, 4, 3, 2, 469, 4, 3, 3, 492, 4, 4, 4, 450, 4, 3, 5, 197, 3, 2, 6, 430, 4, 4, 7, 382, 4, 4, 8, 239, 3, 3, 9, 563, 5, 5, 10, 420, 4, 3, 11, 448, 4, 3, 12, 442, 4, 4, 13, 606, 5, 5, 14, 156, 3, 2, 15, 341, 4, 2, 16, 560, 5, 5, 17, 196, 3, 4, 18, 444, 4, 4, 
http://espn.go.com/golf/player/scorecards/_/id/3452/year/2012/tournamentId/1022/daniel-summerhays, Justin Timberlake Shriners Hospitals for Children Open - (10/04-10/07), 2012, 1, 408, 4, 3, 2, 469, 4, 4, 3, 492, 4, 4, 4, 450, 4, 3, 5, 197, 3, 3, 6, 430, 4, 3, 7, 382, 4, 4, 8, 239, 3, 3, 9, 563, 5, 5, 10, 420, 4, 5, 11, 448, 4, 4, 12, 442, 4, 4, 13, 606, 5, 4, 14, 156, 3, 3, 15, 341, 4, 4, 16, 560, 5, 5, 17, 196, 3, 2, 18, 444, 4, 5, 
http://espn.go.com/golf/player/scorecards/_/id/3452/year/2012/tournamentId/1031/daniel-summerhays, Frys.com Open - (10/11-10/14), 2012, 1, 422, 4, 4, 2, 434, 4, 5, 3, 230, 3, 5, 4, 418, 4, 4, 5, 454, 4, 3, 6, 480, 4, 5, 7, 166, 3, 3, 8, 478, 4, 4, 9, 555, 5, 5, 10, 425, 4, 4, 11, 236, 3, 2, 12, 605, 5, 5, 13, 407, 4, 4, 14, 497, 4, 4, 15, 568, 5, 4, 16, 210, 3, 3, 17, 358, 4, 4, 18, 425, 4, 4, 
http://espn.go.com/golf/player/scorecards/_/id/3452/year/2012/tournamentId/1031/daniel-summerhays, Frys.com Open - (10/11-10/14), 2012, 1, 422, 4, 4, 2, 434, 4, 4, 3, 230, 3, 4, 4, 418, 4, 4, 5, 454, 4, 4, 6, 480, 4, 4, 7, 166, 3, 3, 8, 478, 4, 4, 9, 555, 5, 5, 10, 425, 4, 4, 11, 236, 3, 3, 12, 605, 5, 5, 13, 407, 4, 4, 14, 497, 4, 4, 15, 568, 5, 4, 16, 210, 3, 3, 17, 358, 4, 4, 18, 425, 4, 5, 
http://espn.go.com/golf/player/scorecards/_/id/3452/year/2012/tournamentId/1035/daniel-summerhays, The McGladrey Classic - (10/18-10/21), 2012, 1, 417, 4, 4, 2, 415, 4, 5, 3, 204, 3, 3, 4, 429, 4, 4, 5, 409, 4, 4, 6, 179, 3, 3, 7, 582, 5, 5, 8, 368, 4, 4, 9, 452, 4, 4, 10, 418, 4, 4, 11, 425, 4, 3, 12, 223, 3, 4, 13, 408, 4, 4, 14, 442, 4, 5, 15, 565, 5, 5, 16, 407, 4, 4, 17, 192, 3, 3, 18, 470, 4, 4, 
http://espn.go.com/golf/player/scorecards/_/id/3452/year/2012/tournamentId/1035/daniel-summerhays, The McGladrey Classic - (10/18-10/21), 2012, 1, 417, 4, 4, 2, 415, 4, 4, 3, 204, 3, 5, 4, 429, 4, 3, 5, 409, 4, 4, 6, 179, 3, 3, 7, 582, 5, 5, 8, 368, 4, 4, 9, 452, 4, 4, 10, 418, 4, 4, 11, 425, 4, 4, 12, 223, 3, 3, 13, 408, 4, 4, 14, 442, 4, 5, 15, 565, 5, 4, 16, 407, 4, 4, 17, 192, 3, 3, 18, 470, 4, 4, 
http://espn.go.com/golf/player/scorecards/_/id/3452/year/2012/tournamentId/1024/daniel-summerhays, Children's Miracle Network Hospitals Classic - (11/08-11/11), 2012, 1, 428, 4, 4, 2, 417, 4, 4, 3, 170, 3, 2, 4, 542, 5, 5, 5, 492, 4, 4, 6, 231, 3, 3, 7, 422, 4, 4, 8, 614, 5, 5, 9, 500, 4, 3, 10, 526, 5, 4, 11, 399, 4, 4, 12, 169, 3, 2, 13, 384, 4, 4, 14, 592, 5, 5, 15, 203, 3, 3, 16, 450, 4, 4, 17, 485, 4, 4, 18, 492, 4, 5, 
http://espn.go.com/golf/player/scorecards/_/id/3452/year/2012/tournamentId/1024/daniel-summerhays, Children's Miracle Network Hospitals Classic - (11/08-11/11), 2012, 1, 428, 4, 3, 2, 417, 4, 4, 3, 170, 3, 2, 4, 542, 5, 4, 5, 492, 4, 5, 6, 231, 3, 2, 7, 422, 4, 4, 8, 614, 5, 5, 9, 500, 4, 5, 10, 526, 5, 4, 11, 399, 4, 3, 12, 169, 3, 3, 13, 384, 4, 4, 14, 592, 5, 4, 15, 203, 3, 3, 16, 450, 4, 4, 17, 485, 4, 5, 18, 492, 4, 4, 
http://espn.go.com/golf/player/scorecards/_/id/3452/year/2012/tournamentId/1024/daniel-summerhays, Children's Miracle Network Hospitals Classic - (11/08-11/11), 2012, 1, 498, 5, 5, 2, 424, 4, 3, 3, 167, 3, 3, 4, 422, 4, 4, 5, 410, 4, 4, 6, 411, 4, 4, 7, 524, 5, 4, 8, 205, 3, 3, 9, 380, 4, 3, 10, 441, 4, 5, 11, 544, 5, 5, 12, 206, 3, 4, 13, 358, 4, 5, 14, 547, 5, 5, 15, 422, 4, 3, 16, 195, 3, 3, 17, 399, 4, 4, 18, 458, 4, 4, 
http://espn.go.com/golf/player/scorecards/_/id/3452/year/2012/tournamentId/1024/daniel-summerhays, Children's Miracle Network Hospitals Classic - (11/08-11/11), 2012, 1, 428, 4, 4, 2, 417, 4, 4, 3, 170, 3, 2, 4, 542, 5, 5, 5, 492, 4, 4, 6, 231, 3, 3, 7, 422, 4, 4, 8, 614, 5, 5, 9, 500, 4, 4, 10, 526, 5, 4, 11, 399, 4, 4, 12, 169, 3, 2, 13, 384, 4, 4, 14, 592, 5, 6, 15, 203, 3, 3, 16, 450, 4, 4, 17, 485, 4, 5, 18, 492, 4, 4, 
http://espn.go.com/golf/player/scorecards/_/id/3452/tournamentId/1220/daniel-summerhays, The Greenbrier Classic - (07/04-07/07), 2013, 1, 449, 4, 4, 2, 488, 4, 4, 3, 205, 3, 2, 4, 427, 4, 4, 5, 388, 4, 4, 6, 471, 4, 4, 7, 430, 4, 4, 8, 234, 3, 3, 9, 404, 4, 4, 10, 385, 4, 3, 11, 493, 4, 4, 12, 568, 5, 5, 13, 492, 4, 4, 14, 401, 4, 4, 15, 217, 3, 2, 16, 444, 4, 4, 17, 616, 5, 5, 18, 175, 3, 3, 
http://espn.go.com/golf/player/scorecards/_/id/3452/tournamentId/1220/daniel-summerhays, The Greenbrier Classic - (07/04-07/07), 2013, 1, 449, 4, 4, 2, 488, 4, 4, 3, 205, 3, 3, 4, 427, 4, 4, 5, 388, 4, 4, 6, 471, 4, 4, 7, 430, 4, 5, 8, 234, 3, 3, 9, 404, 4, 5, 10, 385, 4, 4, 11, 493, 4, 5, 12, 568, 5, 5, 13, 492, 4, 4, 14, 401, 4, 5, 15, 217, 3, 2, 16, 444, 4, 4, 17, 616, 5, 5, 18, 175, 3, 3, 
http://espn.go.com/golf/player/scorecards/_/id/3452/tournamentId/1220/daniel-summerhays, The Greenbrier Classic - (07/04-07/07), 2013, 1, 449, 4, 4, 2, 488, 4, 4, 3, 205, 3, 3, 4, 427, 4, 4, 5, 388, 4, 4, 6, 471, 4, 3, 7, 430, 4, 4, 8, 234, 3, 2, 9, 404, 4, 4, 10, 385, 4, 4, 11, 493, 4, 4, 12, 568, 5, 5, 13, 492, 4, 4, 14, 401, 4, 3, 15, 217, 3, 3, 16, 444, 4, 4, 17, 616, 5, 5, 18, 175, 3, 3, 
http://espn.go.com/golf/player/scorecards/_/id/3452/tournamentId/1220/daniel-summerhays, The Greenbrier Classic - (07/04-07/07), 2013, 1, 449, 4, 3, 2, 488, 4, 3, 3, 205, 3, 3, 4, 427, 4, 5, 5, 388, 4, 4, 6, 471, 4, 4, 7, 430, 4, 4, 8, 234, 3, 2, 9, 404, 4, 3, 10, 385, 4, 3, 11, 493, 4, 3, 12, 568, 5, 4, 13, 492, 4, 4, 14, 401, 4, 4, 15, 217, 3, 4, 16, 444, 4, 4, 17, 616, 5, 6, 18, 175, 3, 2, 
http://espn.go.com/golf/player/scorecards/_/id/3452/tournamentId/1218/daniel-summerhays, AT&T National - (06/27-06/30), 2013, 1, 402, 4, 4, 2, 233, 3, 4, 3, 466, 4, 4, 4, 470, 4, 4, 5, 413, 4, 5, 6, 555, 5, 5, 7, 173, 3, 4, 8, 354, 4, 6, 9, 636, 5, 6, 10, 218, 3, 3, 11, 489, 4, 5, 12, 471, 4, 3, 13, 193, 3, 4, 14, 467, 4, 4, 15, 490, 4, 4, 16, 579, 5, 5, 17, 437, 4, 4, 18, 523, 4, 5, 
http://espn.go.com/golf/player/scorecards/_/id/3452/tournamentId/1218/daniel-summerhays, AT&T National - (06/27-06/30), 2013, 1, 402, 4, 6, 2, 233, 3, 3, 3, 466, 4, 4, 4, 470, 4, 4, 5, 413, 4, 4, 6, 555, 5, 5, 7, 173, 3, 3, 8, 354, 4, 4, 9, 636, 5, 8, 10, 218, 3, 3, 11, 489, 4, 6, 12, 471, 4, 4, 13, 193, 3, 3, 14, 467, 4, 4, 15, 490, 4, 5, 16, 579, 5, 4, 17, 437, 4, 4, 18, 523, 4, 4, 
http://espn.go.com/golf/player/scorecards/_/id/3452/tournamentId/1202/daniel-summerhays, Travelers Championship - (06/20-06/23), 2013, 1, 434, 4, 3, 2, 341, 4, 4, 3, 431, 4, 4, 4, 481, 4, 5, 5, 223, 3, 4, 6, 574, 5, 4, 7, 443, 4, 4, 8, 202, 3, 2, 9, 406, 4, 4, 10, 462, 4, 3, 11, 158, 3, 3, 12, 411, 4, 4, 13, 523, 5, 5, 14, 421, 4, 4, 15, 296, 4, 4, 16, 171, 3, 3, 17, 433, 4, 5, 18, 444, 4, 5, 
http://espn.go.com/golf/player/scorecards/_/id/3452/tournamentId/1202/daniel-summerhays, Travelers Championship - (06/20-06/23), 2013, 1, 434, 4, 4, 2, 341, 4, 4, 3, 431, 4, 4, 4, 481, 4, 4, 5, 223, 3, 4, 6, 574, 5, 5, 7, 443, 4, 5, 8, 202, 3, 3, 9, 406, 4, 4, 10, 462, 4, 4, 11, 158, 3, 3, 12, 411, 4, 4, 13, 523, 5, 3, 14, 421, 4, 4, 15, 296, 4, 4, 16, 171, 3, 2, 17, 433, 4, 6, 18, 444, 4, 4, 
http://espn.go.com/golf/player/scorecards/_/id/3452/tournamentId/1198/daniel-summerhays, the Memorial Tournament presented by Nationwide Insurance - (05/30-06/02), 2013, 1, 470, 4, 4, 2, 455, 4, 4, 3, 401, 4, 4, 4, 200, 3, 3, 5, 527, 5, 4, 6, 447, 4, 3, 7, 563, 5, 5, 8, 185, 3, 3, 9, 412, 4, 4, 10, 471, 4, 4, 11, 567, 5, 6, 12, 184, 3, 3, 13, 455, 4, 4, 14, 363, 4, 5, 15, 529, 5, 5, 16, 201, 3, 7, 17, 478, 4, 4, 18, 444, 4, 4, 
http://espn.go.com/golf/player/scorecards/_/id/3452/tournamentId/1198/daniel-summerhays, the Memorial Tournament presented by Nationwide Insurance - (05/30-06/02), 2013, 1, 470, 4, 6, 2, 455, 4, 4, 3, 401, 4, 3, 4, 200, 3, 2, 5, 527, 5, 5, 6, 447, 4, 4, 7, 563, 5, 5, 8, 185, 3, 4, 9, 412, 4, 4, 10, 471, 4, 4, 11, 567, 5, 5, 12, 184, 3, 4, 13, 455, 4, 4, 14, 363, 4, 4, 15, 529, 5, 4, 16, 201, 3, 3, 17, 478, 4, 5, 18, 444, 4, 4, 
http://espn.go.com/golf/player/scorecards/_/id/3452/tournamentId/1197/daniel-summerhays, Crowne Plaza Invitational at Colonial - (05/23-05/26), 2013, 1, 565, 5, 4, 2, 389, 4, 4, 3, 483, 4, 4, 4, 247, 3, 3, 5, 481, 4, 4, 6, 406, 4, 4, 7, 440, 4, 6, 8, 194, 3, 3, 9, 407, 4, 3, 10, 408, 4, 5, 11, 635, 5, 4, 12, 445, 4, 3, 13, 190, 3, 4, 14, 464, 4, 4, 15, 430, 4, 4, 16, 192, 3, 3, 17, 387, 4, 4, 18, 441, 4, 6, 
http://espn.go.com/golf/player/scorecards/_/id/3452/tournamentId/1197/daniel-summerhays, Crowne Plaza Invitational at Colonial - (05/23-05/26), 2013, 1, 565, 5, 5, 2, 389, 4, 4, 3, 483, 4, 4, 4, 247, 3, 3, 5, 481, 4, 4, 6, 406, 4, 4, 7, 440, 4, 4, 8, 194, 3, 2, 9, 407, 4, 4, 10, 408, 4, 4, 11, 635, 5, 4, 12, 445, 4, 3, 13, 190, 3, 3, 14, 464, 4, 5, 15, 430, 4, 3, 16, 192, 3, 3, 17, 387, 4, 4, 18, 441, 4, 4, 
http://espn.go.com/golf/player/scorecards/_/id/3452/tournamentId/1197/daniel-summerhays, Crowne Plaza Invitational at Colonial - (05/23-05/26), 2013, 1, 565, 5, 5, 2, 389, 4, 4, 3, 483, 4, 5, 4, 247, 3, 3, 5, 481, 4, 4, 6, 406, 4, 5, 7, 440, 4, 3, 8, 194, 3, 2, 9, 407, 4, 4, 10, 408, 4, 4, 11, 635, 5, 5, 12, 445, 4, 4, 13, 190, 3, 5, 14, 464, 4, 4, 15, 430, 4, 4, 16, 192, 3, 3, 17, 387, 4, 4, 18, 441, 4, 5, 
http://espn.go.com/golf/player/scorecards/_/id/3452/tournamentId/1197/daniel-summerhays, Crowne Plaza Invitational at Colonial - (05/23-05/26), 2013, 1, 565, 5, 4, 2, 389, 4, 3, 3, 483, 4, 5, 4, 247, 3, 2, 5, 481, 4, 4, 6, 406, 4, 3, 7, 440, 4, 4, 8, 194, 3, 3, 9, 407, 4, 6, 10, 408, 4, 3, 11, 635, 5, 5, 12, 445, 4, 3, 13, 190, 3, 3, 14, 464, 4, 3, 15, 430, 4, 5, 16, 192, 3, 3, 17, 387, 4, 3, 18, 441, 4, 3, 
http://espn.go.com/golf/player/scorecards/_/id/3452/tournamentId/1191/daniel-summerhays, THE PLAYERS Championship - (05/09-05/12), 2013, 1, 423, 4, 4, 2, 532, 5, 4, 3, 177, 3, 4, 4, 384, 4, 3, 5, 471, 4, 4, 6, 393, 4, 4, 7, 442, 4, 4, 8, 237, 3, 3, 9, 583, 5, 4, 10, 424, 4, 4, 11, 558, 5, 6, 12, 358, 4, 4, 13, 181, 3, 3, 14, 481, 4, 4, 15, 449, 4, 4, 16, 523, 5, 4, 17, 137, 3, 3, 18, 462, 4, 6, 
http://espn.go.com/golf/player/scorecards/_/id/3452/tournamentId/1191/daniel-summerhays, THE PLAYERS Championship - (05/09-05/12), 2013, 1, 423, 4, 4, 2, 532, 5, 3, 3, 177, 3, 3, 4, 384, 4, 4, 5, 471, 4, 4, 6, 393, 4, 4, 7, 442, 4, 4, 8, 237, 3, 3, 9, 583, 5, 5, 10, 424, 4, 4, 11, 558, 5, 4, 12, 358, 4, 4, 13, 181, 3, 3, 14, 481, 4, 3, 15, 449, 4, 5, 16, 523, 5, 5, 17, 137, 3, 3, 18, 462, 4, 4, 
http://espn.go.com/golf/player/scorecards/_/id/3452/tournamentId/1191/daniel-summerhays, THE PLAYERS Championship - (05/09-05/12), 2013, 1, 423, 4, 4, 2, 532, 5, 5, 3, 177, 3, 2, 4, 384, 4, 3, 5, 471, 4, 4, 6, 393, 4, 4, 7, 442, 4, 5, 8, 237, 3, 4, 9, 583, 5, 5, 10, 424, 4, 6, 11, 558, 5, 5, 12, 358, 4, 3, 13, 181, 3, 4, 14, 481, 4, 4, 15, 449, 4, 4, 16, 523, 5, 4, 17, 137, 3, 3, 18, 462, 4, 5, 
http://espn.go.com/golf/player/scorecards/_/id/3452/tournamentId/1191/daniel-summerhays, THE PLAYERS Championship - (05/09-05/12), 2013, 1, 423, 4, 4, 2, 532, 5, 5, 3, 177, 3, 3, 4, 384, 4, 4, 5, 471, 4, 4, 6, 393, 4, 3, 7, 442, 4, 4, 8, 237, 3, 3, 9, 583, 5, 4, 10, 424, 4, 3, 11, 558, 5, 5, 12, 358, 4, 3, 13, 181, 3, 3, 14, 481, 4, 4, 15, 449, 4, 4, 16, 523, 5, 5, 17, 137, 3, 4, 18, 462, 4, 4, 
http://espn.go.com/golf/player/scorecards/_/id/3452/tournamentId/1216/daniel-summerhays, Wells Fargo Championship - (05/02-05/05), 2013, 1, 418, 4, 4, 2, 178, 3, 4, 3, 452, 4, 4, 4, 483, 4, 6, 5, 570, 5, 5, 6, 250, 3, 4, 7, 532, 5, 4, 8, 350, 4, 4, 9, 495, 4, 4, 10, 598, 5, 5, 11, 426, 4, 4, 12, 456, 4, 4, 13, 210, 3, 2, 14, 345, 4, 4, 15, 566, 5, 5, 16, 487, 4, 3, 17, 198, 3, 5, 18, 478, 4, 4, 
http://espn.go.com/golf/player/scorecards/_/id/3452/tournamentId/1216/daniel-summerhays, Wells Fargo Championship - (05/02-05/05), 2013, 1, 418, 4, 5, 2, 178, 3, 3, 3, 452, 4, 5, 4, 483, 4, 4, 5, 570, 5, 5, 6, 250, 3, 3, 7, 532, 5, 4, 8, 350, 4, 4, 9, 495, 4, 3, 10, 598, 5, 6, 11, 426, 4, 5, 12, 456, 4, 5, 13, 210, 3, 3, 14, 345, 4, 4, 15, 566, 5, 5, 16, 487, 4, 4, 17, 198, 3, 3, 18, 478, 4, 4, 
http://espn.go.com/golf/player/scorecards/_/id/3452/tournamentId/1216/daniel-summerhays, Wells Fargo Championship - (05/02-05/05), 2013, 1, 418, 4, 4, 2, 178, 3, 3, 3, 452, 4, 5, 4, 483, 4, 4, 5, 570, 5, 5, 6, 250, 3, 3, 7, 532, 5, 5, 8, 350, 4, 4, 9, 495, 4, 4, 10, 598, 5, 5, 11, 426, 4, 4, 12, 456, 4, 4, 13, 210, 3, 3, 14, 345, 4, 4, 15, 566, 5, 5, 16, 487, 4, 4, 17, 198, 3, 2, 18, 478, 4, 5, 
http://espn.go.com/golf/player/scorecards/_/id/3452/tournamentId/1216/daniel-summerhays, Wells Fargo Championship - (05/02-05/05), 2013, 1, 418, 4, 3, 2, 178, 3, 3, 3, 452, 4, 4, 4, 483, 4, 5, 5, 570, 5, 4, 6, 250, 3, 2, 7, 532, 5, 4, 8, 350, 4, 3, 9, 495, 4, 4, 10, 598, 5, 5, 11, 426, 4, 3, 12, 456, 4, 5, 13, 210, 3, 3, 14, 345, 4, 3, 15, 566, 5, 4, 16, 487, 4, 4, 17, 198, 3, 4, 18, 478, 4, 4, 
http://espn.go.com/golf/player/scorecards/_/id/3452/tournamentId/1190/daniel-summerhays, Zurich Classic of New Orleans - (04/25-04/28), 2013, 1, 399, 4, 4, 2, 548, 5, 5, 3, 221, 3, 3, 4, 482, 4, 4, 5, 438, 4, 3, 6, 476, 4, 4, 7, 561, 5, 5, 8, 372, 4, 3, 9, 207, 3, 3, 10, 390, 4, 4, 11, 575, 5, 6, 12, 492, 4, 4, 13, 403, 4, 4, 14, 216, 3, 2, 15, 490, 4, 4, 16, 355, 4, 4, 17, 215, 3, 3, 18, 585, 5, 6, 
http://espn.go.com/golf/player/scorecards/_/id/3452/tournamentId/1190/daniel-summerhays, Zurich Classic of New Orleans - (04/25-04/28), 2013, 1, 399, 4, 4, 2, 548, 5, 5, 3, 221, 3, 3, 4, 482, 4, 6, 5, 438, 4, 4, 6, 476, 4, 4, 7, 561, 5, 5, 8, 372, 4, 5, 9, 207, 3, 3, 10, 390, 4, 4, 11, 575, 5, 5, 12, 492, 4, 5, 13, 403, 4, 4, 14, 216, 3, 3, 15, 490, 4, 4, 16, 355, 4, 3, 17, 215, 3, 3, 18, 585, 5, 6, 
http://espn.go.com/golf/player/scorecards/_/id/3452/tournamentId/1193/daniel-summerhays, RBC Heritage - (04/18-04/21), 2013, 1, 410, 4, 4, 2, 502, 5, 4, 3, 469, 4, 4, 4, 200, 3, 3, 5, 540, 5, 4, 6, 419, 4, 4, 7, 195, 3, 3, 8, 473, 4, 4, 9, 332, 4, 5, 10, 451, 4, 5, 11, 436, 4, 5, 12, 430, 4, 4, 13, 373, 4, 4, 14, 192, 3, 4, 15, 588, 5, 4, 16, 434, 4, 7, 17, 185, 3, 3, 18, 472, 4, 4, 
http://espn.go.com/golf/player/scorecards/_/id/3452/tournamentId/1193/daniel-summerhays, RBC Heritage - (04/18-04/21), 2013, 1, 410, 4, 4, 2, 502, 5, 5, 3, 469, 4, 4, 4, 200, 3, 3, 5, 540, 5, 5, 6, 419, 4, 4, 7, 195, 3, 4, 8, 473, 4, 4, 9, 332, 4, 4, 10, 451, 4, 5, 11, 436, 4, 4, 12, 430, 4, 3, 13, 373, 4, 3, 14, 192, 3, 4, 15, 588, 5, 4, 16, 434, 4, 4, 17, 185, 3, 3, 18, 472, 4, 4, 
http://espn.go.com/golf/player/scorecards/_/id/3452/tournamentId/1210/daniel-summerhays, Valero Texas Open - (04/04-04/07), 2013, 1, 454, 4, 4, 2, 602, 5, 5, 3, 213, 3, 3, 4, 481, 4, 4, 5, 342, 4, 4, 6, 403, 4, 4, 7, 207, 3, 2, 8, 604, 5, 5, 9, 474, 4, 4, 10, 447, 4, 4, 11, 405, 4, 4, 12, 410, 4, 4, 13, 241, 3, 3, 14, 567, 5, 5, 15, 464, 4, 5, 16, 183, 3, 2, 17, 347, 4, 3, 18, 591, 5, 4, 
http://espn.go.com/golf/player/scorecards/_/id/3452/tournamentId/1210/daniel-summerhays, Valero Texas Open - (04/04-04/07), 2013, 1, 454, 4, 4, 2, 602, 5, 4, 3, 213, 3, 4, 4, 481, 4, 5, 5, 342, 4, 3, 6, 403, 4, 4, 7, 207, 3, 4, 8, 604, 5, 5, 9, 474, 4, 4, 10, 447, 4, 5, 11, 405, 4, 3, 12, 410, 4, 4, 13, 241, 3, 4, 14, 567, 5, 4, 15, 464, 4, 4, 16, 183, 3, 3, 17, 347, 4, 4, 18, 591, 5, 5, 
http://espn.go.com/golf/player/scorecards/_/id/3452/tournamentId/1210/daniel-summerhays, Valero Texas Open - (04/04-04/07), 2013, 1, 454, 4, 3, 2, 602, 5, 5, 3, 213, 3, 3, 4, 481, 4, 4, 5, 342, 4, 5, 6, 403, 4, 3, 7, 207, 3, 3, 8, 604, 5, 4, 9, 474, 4, 5, 10, 447, 4, 4, 11, 405, 4, 5, 12, 410, 4, 4, 13, 241, 3, 3, 14, 567, 5, 4, 15, 464, 4, 3, 16, 183, 3, 2, 17, 347, 4, 4, 18, 591, 5, 5, 
http://espn.go.com/golf/player/scorecards/_/id/3452/tournamentId/1210/daniel-summerhays, Valero Texas Open - (04/04-04/07), 2013, 1, 454, 4, 4, 2, 602, 5, 5, 3, 213, 3, 2, 4, 481, 4, 4, 5, 342, 4, 3, 6, 403, 4, 4, 7, 207, 3, 3, 8, 604, 5, 4, 9, 474, 4, 4, 10, 447, 4, 4, 11, 405, 4, 4, 12, 410, 4, 6, 13, 241, 3, 4, 14, 567, 5, 4, 15, 464, 4, 3, 16, 183, 3, 4, 17, 347, 4, 3, 18, 591, 5, 4, 
http://espn.go.com/golf/player/scorecards/_/id/3452/tournamentId/1195/daniel-summerhays, Shell Houston Open - (03/28-03/31), 2013, 1, 397, 4, 4, 2, 429, 4, 5, 3, 398, 4, 4, 4, 566, 5, 5, 5, 480, 4, 4, 6, 464, 4, 3, 7, 174, 3, 3, 8, 557, 5, 5, 9, 238, 3, 3, 10, 380, 4, 4, 11, 441, 4, 4, 12, 338, 4, 3, 13, 590, 5, 5, 14, 216, 3, 3, 15, 608, 5, 5, 16, 188, 3, 3, 17, 489, 4, 3, 18, 488, 4, 4, 
http://espn.go.com/golf/player/scorecards/_/id/3452/tournamentId/1195/daniel-summerhays, Shell Houston Open - (03/28-03/31), 2013, 1, 397, 4, 4, 2, 429, 4, 4, 3, 398, 4, 5, 4, 566, 5, 4, 5, 480, 4, 4, 6, 464, 4, 4, 7, 174, 3, 3, 8, 557, 5, 4, 9, 238, 3, 2, 10, 380, 4, 4, 11, 441, 4, 4, 12, 338, 4, 4, 13, 590, 5, 5, 14, 216, 3, 3, 15, 608, 5, 4, 16, 188, 3, 3, 17, 489, 4, 4, 18, 488, 4, 4, 
http://espn.go.com/golf/player/scorecards/_/id/3452/tournamentId/1195/daniel-summerhays, Shell Houston Open - (03/28-03/31), 2013, 1, 397, 4, 4, 2, 429, 4, 4, 3, 398, 4, 5, 4, 566, 5, 4, 5, 480, 4, 4, 6, 464, 4, 3, 7, 174, 3, 3, 8, 557, 5, 5, 9, 238, 3, 3, 10, 380, 4, 4, 11, 441, 4, 4, 12, 338, 4, 5, 13, 590, 5, 4, 14, 216, 3, 2, 15, 608, 5, 6, 16, 188, 3, 3, 17, 489, 4, 4, 18, 488, 4, 4, 
http://espn.go.com/golf/player/scorecards/_/id/3452/tournamentId/1195/daniel-summerhays, Shell Houston Open - (03/28-03/31), 2013, 1, 397, 4, 4, 2, 429, 4, 4, 3, 398, 4, 4, 4, 566, 5, 4, 5, 480, 4, 6, 6, 464, 4, 6, 7, 174, 3, 3, 8, 557, 5, 5, 9, 238, 3, 3, 10, 380, 4, 3, 11, 441, 4, 4, 12, 338, 4, 3, 13, 590, 5, 3, 14, 216, 3, 3, 15, 608, 5, 5, 16, 188, 3, 3, 17, 489, 4, 4, 18, 488, 4, 5, 
http://espn.go.com/golf/player/scorecards/_/id/3452/tournamentId/1212/daniel-summerhays, Tampa Bay Championship presented by EverBank - (03/14-03/17), 2013, 1, 560, 5, 5, 2, 435, 4, 6, 3, 455, 4, 4, 4, 195, 3, 3, 5, 605, 5, 5, 6, 465, 4, 3, 7, 420, 4, 4, 8, 235, 3, 3, 9, 430, 4, 4, 10, 445, 4, 4, 11, 575, 5, 5, 12, 380, 4, 4, 13, 200, 3, 4, 14, 590, 5, 4, 15, 215, 3, 2, 16, 475, 4, 4, 17, 215, 3, 3, 18, 445, 4, 5, 
http://espn.go.com/golf/player/scorecards/_/id/3452/tournamentId/1212/daniel-summerhays, Tampa Bay Championship presented by EverBank - (03/14-03/17), 2013, 1, 560, 5, 4, 2, 435, 4, 4, 3, 455, 4, 4, 4, 195, 3, 3, 5, 605, 5, 5, 6, 465, 4, 4, 7, 420, 4, 4, 8, 235, 3, 4, 9, 430, 4, 3, 10, 445, 4, 4, 11, 575, 5, 5, 12, 380, 4, 4, 13, 200, 3, 3, 14, 590, 5, 5, 15, 215, 3, 3, 16, 475, 4, 5, 17, 215, 3, 3, 18, 445, 4, 7, 
http://espn.go.com/golf/player/scorecards/_/id/3452/tournamentId/1212/daniel-summerhays, Tampa Bay Championship presented by EverBank - (03/14-03/17), 2013, 1, 560, 5, 5, 2, 435, 4, 5, 3, 455, 4, 5, 4, 195, 3, 2, 5, 605, 5, 4, 6, 465, 4, 3, 7, 420, 4, 4, 8, 235, 3, 4, 9, 430, 4, 5, 10, 445, 4, 4, 11, 575, 5, 5, 12, 380, 4, 4, 13, 200, 3, 3, 14, 590, 5, 6, 15, 215, 3, 3, 16, 475, 4, 5, 17, 215, 3, 3, 18, 445, 4, 3, 
http://espn.go.com/golf/player/scorecards/_/id/3452/tournamentId/1212/daniel-summerhays, Tampa Bay Championship presented by EverBank - (03/14-03/17), 2013, 1, 560, 5, 4, 2, 435, 4, 4, 3, 455, 4, 4, 4, 195, 3, 3, 5, 605, 5, 5, 6, 465, 4, 5, 7, 420, 4, 3, 8, 235, 3, 4, 9, 430, 4, 4, 10, 445, 4, 5, 11, 575, 5, 4, 12, 380, 4, 4, 13, 200, 3, 2, 14, 590, 5, 5, 15, 215, 3, 3, 16, 475, 4, 4, 17, 215, 3, 3, 18, 445, 4, 5, 
http://espn.go.com/golf/player/scorecards/_/id/3452/tournamentId/1188/daniel-summerhays, The Honda Classic - (02/28-03/03), 2013, 1, 365, 4, 4, 2, 464, 4, 4, 3, 538, 5, 4, 4, 376, 4, 5, 5, 217, 3, 3, 6, 479, 4, 4, 7, 226, 3, 3, 8, 427, 4, 5, 9, 421, 4, 5, 10, 508, 4, 5, 11, 450, 4, 5, 12, 427, 4, 4, 13, 388, 4, 4, 14, 465, 4, 4, 15, 179, 3, 4, 16, 434, 4, 5, 17, 190, 3, 4, 18, 556, 5, 6, 
http://espn.go.com/golf/player/scorecards/_/id/3452/tournamentId/1188/daniel-summerhays, The Honda Classic - (02/28-03/03), 2013, 1, 365, 4, 5, 2, 464, 4, 5, 3, 538, 5, 4, 4, 376, 4, 4, 5, 217, 3, 3, 6, 479, 4, 4, 7, 226, 3, 3, 8, 427, 4, 4, 9, 421, 4, 4, 10, 508, 4, 4, 11, 450, 4, 4, 12, 427, 4, 4, 13, 388, 4, 4, 14, 465, 4, 4, 15, 179, 3, 3, 16, 434, 4, 5, 17, 190, 3, 3, 18, 556, 5, 7, 
http://espn.go.com/golf/player/scorecards/_/id/3452/tournamentId/1188/daniel-summerhays, The Honda Classic - (02/28-03/03), 2013, 1, 365, 4, 4, 2, 464, 4, 3, 3, 538, 5, 5, 4, 376, 4, 3, 5, 217, 3, 3, 6, 479, 4, 5, 7, 226, 3, 3, 8, 427, 4, 4, 9, 421, 4, 4, 10, 508, 4, 3, 11, 450, 4, 5, 12, 427, 4, 4, 13, 388, 4, 4, 14, 465, 4, 4, 15, 179, 3, 3, 16, 434, 4, 4, 17, 190, 3, 2, 18, 556, 5, 4, 
http://espn.go.com/golf/player/scorecards/_/id/3452/tournamentId/1188/daniel-summerhays, The Honda Classic - (02/28-03/03), 2013, 1, 365, 4, 4, 2, 464, 4, 6, 3, 538, 5, 5, 4, 376, 4, 3, 5, 217, 3, 3, 6, 479, 4, 4, 7, 226, 3, 3, 8, 427, 4, 4, 9, 421, 4, 3, 10, 508, 4, 4, 11, 450, 4, 4, 12, 427, 4, 3, 13, 388, 4, 4, 14, 465, 4, 3, 15, 179, 3, 2, 16, 434, 4, 5, 17, 190, 3, 3, 18, 556, 5, 6, 
http://espn.go.com/golf/player/scorecards/_/id/3452/tournamentId/1187/daniel-summerhays, Northern Trust Open - (02/14-02/17), 2013, 1, 503, 5, 4, 2, 471, 4, 4, 3, 434, 4, 5, 4, 236, 3, 3, 5, 434, 4, 5, 6, 199, 3, 3, 7, 408, 4, 4, 8, 460, 4, 4, 9, 458, 4, 5, 10, 315, 4, 3, 11, 583, 5, 5, 12, 479, 4, 5, 13, 459, 4, 3, 14, 192, 3, 4, 15, 487, 4, 4, 16, 166, 3, 4, 17, 590, 5, 5, 18, 475, 4, 4, 
http://espn.go.com/golf/player/scorecards/_/id/3452/tournamentId/1187/daniel-summerhays, Northern Trust Open - (02/14-02/17), 2013, 1, 503, 5, 4, 2, 471, 4, 5, 3, 434, 4, 4, 4, 236, 3, 3, 5, 434, 4, 5, 6, 199, 3, 4, 7, 408, 4, 5, 8, 460, 4, 4, 9, 458, 4, 4, 10, 315, 4, 5, 11, 583, 5, 4, 12, 479, 4, 4, 13, 459, 4, 4, 14, 192, 3, 3, 15, 487, 4, 4, 16, 166, 3, 4, 17, 590, 5, 5, 18, 475, 4, 4, 
http://espn.go.com/golf/player/scorecards/_/id/3452/tournamentId/1184/daniel-summerhays, AT&T Pebble Beach National Pro-Am - (02/07-02/10), 2013, 1, 381, 4, 5, 2, 502, 5, 4, 3, 390, 4, 5, 4, 331, 4, 4, 5, 188, 3, 3, 6, 513, 5, 3, 7, 106, 3, 3, 8, 418, 4, 4, 9, 466, 4, 4, 10, 446, 4, 4, 11, 380, 4, 4, 12, 202, 3, 4, 13, 399, 4, 3, 14, 573, 5, 5, 15, 397, 4, 3, 16, 403, 4, 4, 17, 178, 3, 3, 18, 543, 5, 5, 
http://espn.go.com/golf/player/scorecards/_/id/3452/tournamentId/1184/daniel-summerhays, AT&T Pebble Beach National Pro-Am - (02/07-02/10), 2013, 1, 595, 5, 5, 2, 349, 4, 4, 3, 165, 3, 3, 4, 370, 4, 4, 5, 197, 3, 3, 6, 446, 4, 4, 7, 529, 5, 5, 8, 399, 4, 4, 9, 431, 4, 3, 10, 407, 4, 4, 11, 528, 5, 4, 12, 178, 3, 3, 13, 460, 4, 5, 14, 560, 5, 5, 15, 130, 3, 5, 16, 476, 4, 4, 17, 325, 4, 4, 18, 408, 4, 4, 
http://espn.go.com/golf/player/scorecards/_/id/3452/tournamentId/1184/daniel-summerhays, AT&T Pebble Beach National Pro-Am - (02/07-02/10), 2013, 1, 454, 4, 5, 2, 391, 4, 4, 3, 155, 3, 2, 4, 401, 4, 5, 5, 349, 4, 3, 6, 548, 5, 5, 7, 226, 3, 4, 8, 454, 4, 5, 9, 224, 3, 3, 10, 544, 5, 4, 11, 176, 3, 3, 12, 599, 5, 6, 13, 401, 4, 4, 14, 190, 3, 4, 15, 415, 4, 4, 16, 500, 4, 4, 17, 430, 4, 4, 18, 381, 4, 5, 
http://espn.go.com/golf/player/scorecards/_/id/3452/tournamentId/1183/daniel-summerhays, Waste Management Phoenix Open - (01/31-02/03), 2013, 1, 410, 4, 3, 2, 416, 4, 5, 3, 554, 5, 6, 4, 175, 3, 4, 5, 453, 4, 4, 6, 436, 4, 4, 7, 215, 3, 2, 8, 470, 4, 4, 9, 464, 4, 4, 10, 403, 4, 3, 11, 469, 4, 4, 12, 195, 3, 4, 13, 595, 5, 5, 14, 477, 4, 3, 15, 552, 5, 5, 16, 162, 3, 3, 17, 332, 4, 3, 18, 438, 4, 5, 
http://espn.go.com/golf/player/scorecards/_/id/3452/tournamentId/1183/daniel-summerhays, Waste Management Phoenix Open - (01/31-02/03), 2013, 1, 410, 4, 4, 2, 416, 4, 5, 3, 554, 5, 5, 4, 175, 3, 3, 5, 453, 4, 5, 6, 436, 4, 4, 7, 215, 3, 3, 8, 470, 4, 4, 9, 464, 4, 4, 10, 403, 4, 3, 11, 469, 4, 4, 12, 195, 3, 3, 13, 595, 5, 4, 14, 477, 4, 4, 15, 552, 5, 4, 16, 162, 3, 3, 17, 332, 4, 4, 18, 438, 4, 4, 
http://espn.go.com/golf/player/scorecards/_/id/3452/tournamentId/1185/daniel-summerhays, Farmers Insurance Open - (01/24-01/28), 2013, 1, 450, 4, 5, 2, 389, 4, 4, 3, 200, 3, 3, 4, 488, 4, 4, 5, 454, 4, 5, 6, 560, 5, 5, 7, 462, 4, 4, 8, 176, 3, 3, 9, 614, 5, 4, 10, 416, 4, 4, 11, 221, 3, 4, 12, 504, 4, 4, 13, 614, 5, 5, 14, 437, 4, 4, 15, 478, 4, 4, 16, 223, 3, 3, 17, 442, 4, 4, 18, 570, 5, 4, 
http://espn.go.com/golf/player/scorecards/_/id/3452/tournamentId/1185/daniel-summerhays, Farmers Insurance Open - (01/24-01/28), 2013, 1, 450, 4, 4, 2, 389, 4, 4, 3, 200, 3, 4, 4, 488, 4, 4, 5, 454, 4, 5, 6, 560, 5, 5, 7, 462, 4, 5, 8, 176, 3, 3, 9, 614, 5, 4, 10, 416, 4, 4, 11, 221, 3, 3, 12, 504, 4, 4, 13, 614, 5, 4, 14, 437, 4, 4, 15, 478, 4, 5, 16, 223, 3, 3, 17, 442, 4, 4, 18, 570, 5, 5, 
http://espn.go.com/golf/player/scorecards/_/id/3452/tournamentId/1185/daniel-summerhays, Farmers Insurance Open - (01/24-01/28), 2013, 1, 450, 4, 5, 2, 389, 4, 3, 3, 200, 3, 2, 4, 488, 4, 4, 5, 454, 4, 4, 6, 560, 5, 5, 7, 462, 4, 4, 8, 176, 3, 2, 9, 614, 5, 5, 10, 416, 4, 4, 11, 221, 3, 3, 12, 504, 4, 4, 13, 614, 5, 5, 14, 437, 4, 4, 15, 478, 4, 4, 16, 223, 3, 3, 17, 442, 4, 5, 18, 570, 5, 5, 
http://espn.go.com/golf/player/scorecards/_/id/3452/tournamentId/1185/daniel-summerhays, Farmers Insurance Open - (01/24-01/28), 2013, 1, 519, 5, 5, 2, 329, 4, 4, 3, 179, 3, 4, 4, 434, 4, 4, 5, 411, 4, 4, 6, 205, 3, 3, 7, 399, 4, 4, 8, 436, 4, 4, 9, 547, 5, 4, 10, 417, 4, 4, 11, 490, 4, 5, 12, 240, 3, 3, 13, 471, 4, 4, 14, 523, 5, 5, 15, 397, 4, 5, 16, 366, 4, 3, 17, 174, 3, 3, 18, 516, 5, 4, 
http://espn.go.com/golf/player/scorecards/_/id/3452/tournamentId/1182/daniel-summerhays, Humana Challenge in partnership with the Clinton Foundation - (01/17-01/20), 2013, 1, 426, 4, 4, 2, 514, 5, 4, 3, 180, 3, 3, 4, 396, 4, 4, 5, 233, 3, 3, 6, 562, 5, 4, 7, 439, 4, 4, 8, 358, 4, 4, 9, 461, 4, 5, 10, 453, 4, 4, 11, 512, 5, 4, 12, 207, 3, 3, 13, 447, 4, 4, 14, 569, 5, 4, 15, 156, 3, 3, 16, 364, 4, 4, 17, 130, 3, 3, 18, 543, 5, 4, 
http://espn.go.com/golf/player/scorecards/_/id/3452/tournamentId/1182/daniel-summerhays, Humana Challenge in partnership with the Clinton Foundation - (01/17-01/20), 2013, 1, 382, 4, 3, 2, 434, 4, 5, 3, 202, 3, 3, 4, 384, 4, 4, 5, 516, 5, 5, 6, 527, 5, 4, 7, 168, 3, 3, 8, 389, 4, 4, 9, 399, 4, 4, 10, 405, 4, 4, 11, 543, 5, 4, 12, 202, 3, 2, 13, 547, 5, 5, 14, 469, 4, 4, 15, 206, 3, 4, 16, 454, 4, 3, 17, 421, 4, 4, 18, 412, 4, 4, 
http://espn.go.com/golf/player/scorecards/_/id/3452/tournamentId/1182/daniel-summerhays, Humana Challenge in partnership with the Clinton Foundation - (01/17-01/20), 2013, 1, 426, 4, 4, 2, 514, 5, 5, 3, 180, 3, 3, 4, 396, 4, 3, 5, 233, 3, 3, 6, 562, 5, 3, 7, 439, 4, 4, 8, 358, 4, 5, 9, 461, 4, 4, 10, 453, 4, 5, 11, 512, 5, 4, 12, 207, 3, 3, 13, 447, 4, 4, 14, 569, 5, 5, 15, 156, 3, 3, 16, 364, 4, 4, 17, 130, 3, 2, 18, 543, 5, 4, 
http://espn.go.com/golf/player/scorecards/_/id/3452/tournamentId/1182/daniel-summerhays, Humana Challenge in partnership with the Clinton Foundation - (01/17-01/20), 2013, 1, 374, 4, 3, 2, 414, 4, 3, 3, 177, 3, 3, 4, 538, 5, 5, 5, 443, 4, 4, 6, 406, 4, 5, 7, 140, 3, 2, 8, 509, 5, 4, 9, 410, 4, 4, 10, 412, 4, 4, 11, 191, 3, 3, 12, 403, 4, 3, 13, 528, 5, 5, 14, 375, 4, 3, 15, 415, 4, 4, 16, 530, 5, 3, 17, 204, 3, 3, 18, 455, 4, 4, 
http://espn.go.com/golf/player/scorecards/_/id/3452/tournamentId/1186/daniel-summerhays, Sony Open in Hawaii - (01/10-01/13), 2013, 1, 480, 4, 5, 2, 423, 4, 5, 3, 422, 4, 4, 4, 204, 3, 4, 5, 467, 4, 4, 6, 460, 4, 4, 7, 176, 3, 3, 8, 454, 4, 3, 9, 506, 5, 5, 10, 351, 4, 4, 11, 194, 3, 3, 12, 440, 4, 5, 13, 477, 4, 3, 14, 430, 4, 4, 15, 398, 4, 4, 16, 417, 4, 4, 17, 194, 3, 3, 18, 551, 5, 4, 
http://espn.go.com/golf/player/scorecards/_/id/3452/tournamentId/1186/daniel-summerhays, Sony Open in Hawaii - (01/10-01/13), 2013, 1, 480, 4, 4, 2, 423, 4, 5, 3, 422, 4, 4, 4, 204, 3, 2, 5, 467, 4, 4, 6, 460, 4, 4, 7, 176, 3, 3, 8, 454, 4, 4, 9, 506, 5, 4, 10, 351, 4, 3, 11, 194, 3, 4, 12, 440, 4, 4, 13, 477, 4, 4, 14, 430, 4, 4, 15, 398, 4, 5, 16, 417, 4, 4, 17, 194, 3, 3, 18, 551, 5, 4, 
