http://espn.go.com/golf/player/scorecards/_/id/1426/year/2005/tournamentId/219/lee-williams, U.S. Open Championship - (06/16-06/19), 2005, 1, 401, 4, 5, 2, 469, 4, 5, 3, 336, 4, 4, 4, 565, 5, 5, 5, 472, 4, 4, 6, 220, 3, 3, 7, 404, 4, 5, 8, 467, 4, 5, 9, 175, 3, 3, 10, 607, 5, 5, 11, 476, 4, 5, 12, 449, 4, 4, 13, 378, 4, 4, 14, 468, 4, 5, 15, 203, 3, 4, 16, 492, 4, 4, 17, 190, 3, 5, 18, 442, 4, 4, 
http://espn.go.com/golf/player/scorecards/_/id/1426/year/2005/tournamentId/219/lee-williams, U.S. Open Championship - (06/16-06/19), 2005, 1, 401, 4, 4, 2, 469, 4, 4, 3, 336, 4, 4, 4, 565, 5, 4, 5, 472, 4, 5, 6, 220, 3, 3, 7, 404, 4, 4, 8, 467, 4, 4, 9, 175, 3, 4, 10, 607, 5, 6, 11, 476, 4, 5, 12, 449, 4, 5, 13, 378, 4, 4, 14, 468, 4, 4, 15, 203, 3, 4, 16, 492, 4, 5, 17, 190, 3, 5, 18, 442, 4, 5, 
http://espn.go.com/golf/player/scorecards/_/id/1426/year/2006/tournamentId/269/lee-williams, U.S. Open Championship - (06/15-06/18), 2006, 1, 450, 4, 4, 2, 453, 4, 4, 3, 216, 3, 4, 4, 469, 4, 4, 5, 515, 5, 5, 6, 321, 4, 5, 7, 162, 3, 3, 8, 475, 4, 4, 9, 514, 4, 4, 10, 188, 3, 3, 11, 396, 4, 4, 12, 640, 5, 8, 13, 214, 3, 3, 14, 458, 4, 3, 15, 416, 4, 4, 16, 478, 4, 4, 17, 449, 4, 5, 18, 450, 4, 4, 
http://espn.go.com/golf/player/scorecards/_/id/1426/year/2006/tournamentId/269/lee-williams, U.S. Open Championship - (06/15-06/18), 2006, 1, 450, 4, 4, 2, 453, 4, 4, 3, 216, 3, 3, 4, 469, 4, 5, 5, 515, 5, 5, 6, 321, 4, 3, 7, 162, 3, 2, 8, 475, 4, 4, 9, 514, 4, 4, 10, 188, 3, 3, 11, 396, 4, 5, 12, 640, 5, 5, 13, 214, 3, 4, 14, 458, 4, 4, 15, 416, 4, 5, 16, 478, 4, 3, 17, 449, 4, 5, 18, 450, 4, 5, 
http://espn.go.com/golf/player/scorecards/_/id/1426/year/2006/tournamentId/269/lee-williams, U.S. Open Championship - (06/15-06/18), 2006, 1, 450, 4, 4, 2, 453, 4, 4, 3, 216, 3, 3, 4, 469, 4, 4, 5, 515, 5, 4, 6, 321, 4, 5, 7, 162, 3, 3, 8, 475, 4, 5, 9, 514, 4, 4, 10, 188, 3, 3, 11, 396, 4, 4, 12, 640, 5, 5, 13, 214, 3, 3, 14, 458, 4, 6, 15, 416, 4, 3, 16, 478, 4, 4, 17, 449, 4, 5, 18, 450, 4, 4, 
http://espn.go.com/golf/player/scorecards/_/id/1426/year/2006/tournamentId/269/lee-williams, U.S. Open Championship - (06/15-06/18), 2006, 1, 450, 4, 4, 2, 453, 4, 4, 3, 216, 3, 3, 4, 469, 4, 4, 5, 515, 5, 6, 6, 321, 4, 4, 7, 162, 3, 3, 8, 475, 4, 3, 9, 514, 4, 4, 10, 188, 3, 3, 11, 396, 4, 4, 12, 640, 5, 7, 13, 214, 3, 3, 14, 458, 4, 5, 15, 416, 4, 4, 16, 478, 4, 5, 17, 449, 4, 4, 18, 450, 4, 5, 
http://espn.go.com/golf/player/scorecards/_/id/1426/year/2007/tournamentId/316/lee-williams, U.S. Open Championship - (06/14-06/17), 2007, 1, 482, 4, 6, 2, 440, 4, 4, 3, 428, 4, 5, 4, 609, 5, 5, 5, 382, 4, 5, 6, 194, 3, 3, 7, 479, 4, 4, 8, 288, 3, 3, 9, 477, 4, 4, 10, 462, 4, 4, 11, 379, 4, 5, 12, 667, 5, 4, 13, 183, 3, 4, 14, 358, 4, 4, 15, 499, 4, 5, 16, 231, 3, 4, 17, 313, 4, 4, 18, 484, 4, 5, 
http://espn.go.com/golf/player/scorecards/_/id/1426/year/2007/tournamentId/316/lee-williams, U.S. Open Championship - (06/14-06/17), 2007, 1, 482, 4, 4, 2, 440, 4, 6, 3, 428, 4, 4, 4, 609, 5, 5, 5, 382, 4, 4, 6, 194, 3, 4, 7, 479, 4, 4, 8, 288, 3, 4, 9, 477, 4, 4, 10, 462, 4, 6, 11, 379, 4, 4, 12, 667, 5, 5, 13, 183, 3, 4, 14, 358, 4, 4, 15, 499, 4, 4, 16, 231, 3, 3, 17, 313, 4, 5, 18, 484, 4, 6, 
http://espn.go.com/golf/player/scorecards/_/id/1426/year/2007/tournamentId/321/lee-williams, Buick Open - (06/28-07/01), 2007, 1, 567, 5, 5, 2, 431, 4, 4, 3, 187, 3, 3, 4, 401, 4, 3, 5, 437, 4, 4, 6, 421, 4, 4, 7, 584, 5, 5, 8, 199, 3, 4, 9, 434, 4, 4, 10, 401, 4, 3, 11, 190, 3, 3, 12, 340, 4, 4, 13, 544, 5, 4, 14, 322, 4, 3, 15, 457, 4, 5, 16, 580, 5, 5, 17, 197, 3, 4, 18, 435, 4, 4, 
http://espn.go.com/golf/player/scorecards/_/id/1426/year/2007/tournamentId/321/lee-williams, Buick Open - (06/28-07/01), 2007, 1, 567, 5, 5, 2, 431, 4, 4, 3, 187, 3, 3, 4, 401, 4, 4, 5, 437, 4, 3, 6, 421, 4, 3, 7, 584, 5, 5, 8, 199, 3, 4, 9, 434, 4, 5, 10, 401, 4, 4, 11, 190, 3, 4, 12, 340, 4, 3, 13, 544, 5, 4, 14, 322, 4, 4, 15, 457, 4, 4, 16, 580, 5, 5, 17, 197, 3, 3, 18, 435, 4, 4, 
http://espn.go.com/golf/player/scorecards/_/id/1426/year/2007/tournamentId/321/lee-williams, Buick Open - (06/28-07/01), 2007, 1, 567, 5, 5, 2, 431, 4, 4, 3, 187, 3, 3, 4, 401, 4, 3, 5, 437, 4, 4, 6, 421, 4, 4, 7, 584, 5, 5, 8, 199, 3, 3, 9, 434, 4, 3, 10, 401, 4, 5, 11, 190, 3, 3, 12, 340, 4, 5, 13, 544, 5, 4, 14, 322, 4, 4, 15, 457, 4, 5, 16, 580, 5, 5, 17, 197, 3, 3, 18, 435, 4, 4, 
http://espn.go.com/golf/player/scorecards/_/id/1426/year/2007/tournamentId/321/lee-williams, Buick Open - (06/28-07/01), 2007, 1, 567, 5, 4, 2, 431, 4, 5, 3, 187, 3, 3, 4, 401, 4, 5, 5, 437, 4, 3, 6, 421, 4, 4, 7, 584, 5, 6, 8, 199, 3, 3, 9, 434, 4, 4, 10, 401, 4, 5, 11, 190, 3, 3, 12, 340, 4, 3, 13, 544, 5, 4, 14, 322, 4, 3, 15, 457, 4, 3, 16, 580, 5, 4, 17, 197, 3, 3, 18, 435, 4, 4, 
http://espn.go.com/golf/player/scorecards/_/id/1426/year/2011/tournamentId/995/lee-williams, PGA TOUR Qualifying Tournament - (11/30-12/05), 2011, 1, 445, 4, 4, 2, 371, 4, 5, 3, 471, 4, 4, 4, 192, 3, 3, 5, 535, 5, 7, 6, 255, 3, 3, 7, 346, 4, 3, 8, 559, 5, 4, 9, 452, 4, 4, 10, 416, 4, 5, 11, 617, 5, 5, 12, 363, 4, 4, 13, 214, 3, 3, 14, 389, 4, 4, 15, 468, 4, 4, 16, 600, 5, 5, 17, 168, 3, 3, 18, 439, 4, 4, 
http://espn.go.com/golf/player/scorecards/_/id/1426/year/2011/tournamentId/995/lee-williams, PGA TOUR Qualifying Tournament - (11/30-12/05), 2011, 1, 412, 4, 3, 2, 444, 4, 3, 3, 192, 3, 3, 4, 549, 5, 5, 5, 364, 4, 4, 6, 462, 4, 4, 7, 527, 5, 4, 8, 172, 3, 3, 9, 461, 4, 3, 10, 370, 4, 4, 11, 528, 5, 4, 12, 188, 3, 3, 13, 419, 4, 4, 14, 442, 4, 4, 15, 572, 5, 5, 16, 440, 4, 4, 17, 209, 3, 3, 18, 453, 4, 3, 
http://espn.go.com/golf/player/scorecards/_/id/1426/year/2011/tournamentId/995/lee-williams, PGA TOUR Qualifying Tournament - (11/30-12/05), 2011, 1, 445, 4, 4, 2, 371, 4, 4, 3, 471, 4, 4, 4, 192, 3, 3, 5, 535, 5, 5, 6, 255, 3, 3, 7, 346, 4, 5, 8, 559, 5, 4, 9, 452, 4, 4, 10, 416, 4, 5, 11, 617, 5, 6, 12, 363, 4, 4, 13, 214, 3, 3, 14, 389, 4, 4, 15, 468, 4, 4, 16, 600, 5, 6, 17, 168, 3, 4, 18, 439, 4, 4, 
http://espn.go.com/golf/player/scorecards/_/id/1426/year/2011/tournamentId/995/lee-williams, PGA TOUR Qualifying Tournament - (11/30-12/05), 2011, 1, 412, 4, 3, 2, 444, 4, 4, 3, 192, 3, 4, 4, 549, 5, 5, 5, 364, 4, 4, 6, 462, 4, 3, 7, 527, 5, 5, 8, 172, 3, 1, 9, 461, 4, 4, 10, 370, 4, 3, 11, 528, 5, 4, 12, 188, 3, 2, 13, 419, 4, 4, 14, 442, 4, 5, 15, 572, 5, 5, 16, 440, 4, 4, 17, 209, 3, 3, 18, 453, 4, 4, 
http://espn.go.com/golf/player/scorecards/_/id/1426/year/2011/tournamentId/995/lee-williams, PGA TOUR Qualifying Tournament - (11/30-12/05), 2011, 1, 445, 4, 4, 2, 371, 4, 3, 3, 471, 4, 4, 4, 192, 3, 3, 5, 535, 5, 5, 6, 255, 3, 4, 7, 346, 4, 4, 8, 559, 5, 5, 9, 452, 4, 5, 10, 416, 4, 4, 11, 617, 5, 6, 12, 363, 4, 5, 13, 214, 3, 3, 14, 389, 4, 4, 15, 468, 4, 5, 16, 600, 5, 4, 17, 168, 3, 6, 18, 439, 4, 4, 
http://espn.go.com/golf/player/scorecards/_/id/1426/year/2011/tournamentId/995/lee-williams, PGA TOUR Qualifying Tournament - (11/30-12/05), 2011, 1, 412, 4, 4, 2, 444, 4, 4, 3, 192, 3, 3, 4, 549, 5, 4, 5, 364, 4, 4, 6, 462, 4, 4, 7, 527, 5, 4, 8, 172, 3, 2, 9, 461, 4, 3, 10, 370, 4, 5, 11, 528, 5, 6, 12, 188, 3, 3, 13, 419, 4, 4, 14, 442, 4, 4, 15, 572, 5, 4, 16, 440, 4, 3, 17, 209, 3, 4, 18, 453, 4, 4, 
http://espn.go.com/golf/player/scorecards/_/id/1426/year/2012/tournamentId/1155/lee-williams, PGA TOUR Qualifying Tournament - (11/28-12/03), 2012, 1, 412, 4, 4, 2, 444, 4, 4, 3, 192, 3, 3, 4, 549, 5, 4, 5, 364, 4, 4, 6, 462, 4, 5, 7, 527, 5, 5, 8, 172, 3, 4, 9, 461, 4, 4, 10, 370, 4, 4, 11, 528, 5, 5, 12, 188, 3, 3, 13, 419, 4, 4, 14, 442, 4, 4, 15, 572, 5, 3, 16, 440, 4, 4, 17, 209, 3, 4, 18, 453, 4, 4, 
http://espn.go.com/golf/player/scorecards/_/id/1426/year/2012/tournamentId/1155/lee-williams, PGA TOUR Qualifying Tournament - (11/28-12/03), 2012, 1, 445, 4, 4, 2, 371, 4, 3, 3, 471, 4, 5, 4, 192, 3, 3, 5, 535, 5, 4, 6, 255, 3, 4, 7, 346, 4, 4, 8, 559, 5, 4, 9, 452, 4, 4, 10, 416, 4, 3, 11, 617, 5, 5, 12, 363, 4, 4, 13, 214, 3, 3, 14, 389, 4, 4, 15, 468, 4, 4, 16, 600, 5, 5, 17, 168, 3, 3, 18, 439, 4, 4, 
http://espn.go.com/golf/player/scorecards/_/id/1426/year/2012/tournamentId/1155/lee-williams, PGA TOUR Qualifying Tournament - (11/28-12/03), 2012, 1, 445, 4, 5, 2, 371, 4, 4, 3, 471, 4, 5, 4, 192, 3, 3, 5, 535, 5, 4, 6, 255, 3, 4, 7, 346, 4, 4, 8, 559, 5, 5, 9, 452, 4, 4, 10, 416, 4, 4, 11, 617, 5, 5, 12, 363, 4, 4, 13, 214, 3, 3, 14, 389, 4, 4, 15, 468, 4, 4, 16, 600, 5, 4, 17, 168, 3, 3, 18, 439, 4, 4, 
http://espn.go.com/golf/player/scorecards/_/id/1426/year/2012/tournamentId/1155/lee-williams, PGA TOUR Qualifying Tournament - (11/28-12/03), 2012, 1, 412, 4, 3, 2, 444, 4, 4, 3, 192, 3, 3, 4, 549, 5, 4, 5, 364, 4, 4, 6, 462, 4, 4, 7, 527, 5, 4, 8, 172, 3, 3, 9, 461, 4, 4, 10, 370, 4, 3, 11, 528, 5, 5, 12, 188, 3, 3, 13, 419, 4, 3, 14, 442, 4, 4, 15, 572, 5, 5, 16, 440, 4, 4, 17, 209, 3, 4, 18, 453, 4, 5, 
http://espn.go.com/golf/player/scorecards/_/id/1426/year/2012/tournamentId/1155/lee-williams, PGA TOUR Qualifying Tournament - (11/28-12/03), 2012, 1, 445, 4, 5, 2, 371, 4, 4, 3, 471, 4, 4, 4, 192, 3, 3, 5, 535, 5, 5, 6, 255, 3, 2, 7, 346, 4, 3, 8, 559, 5, 4, 9, 452, 4, 5, 10, 416, 4, 4, 11, 617, 5, 4, 12, 363, 4, 6, 13, 214, 3, 4, 14, 389, 4, 6, 15, 468, 4, 4, 16, 600, 5, 5, 17, 168, 3, 3, 18, 439, 4, 4, 
http://espn.go.com/golf/player/scorecards/_/id/1426/year/2012/tournamentId/1155/lee-williams, PGA TOUR Qualifying Tournament - (11/28-12/03), 2012, 1, 412, 4, 4, 2, 444, 4, 5, 3, 192, 3, 2, 4, 549, 5, 4, 5, 364, 4, 4, 6, 462, 4, 4, 7, 527, 5, 5, 8, 172, 3, 3, 9, 461, 4, 4, 10, 370, 4, 3, 11, 528, 5, 4, 12, 188, 3, 2, 13, 419, 4, 3, 14, 442, 4, 4, 15, 572, 5, 6, 16, 440, 4, 4, 17, 209, 3, 2, 18, 453, 4, 4, 
http://espn.go.com/golf/player/scorecards/_/id/1426/tournamentId/1220/lee-williams, The Greenbrier Classic - (07/04-07/07), 2013, 1, 449, 4, 5, 2, 488, 4, 3, 3, 205, 3, 3, 4, 427, 4, 4, 5, 388, 4, 3, 6, 471, 4, 4, 7, 430, 4, 4, 8, 234, 3, 4, 9, 404, 4, 4, 10, 385, 4, 5, 11, 493, 4, 4, 12, 568, 5, 5, 13, 492, 4, 5, 14, 401, 4, 5, 15, 217, 3, 4, 16, 444, 4, 4, 17, 616, 5, 5, 18, 175, 3, 3, 
http://espn.go.com/golf/player/scorecards/_/id/1426/tournamentId/1220/lee-williams, The Greenbrier Classic - (07/04-07/07), 2013, 1, 449, 4, 4, 2, 488, 4, 4, 3, 205, 3, 3, 4, 427, 4, 4, 5, 388, 4, 4, 6, 471, 4, 3, 7, 430, 4, 5, 8, 234, 3, 3, 9, 404, 4, 4, 10, 385, 4, 3, 11, 493, 4, 5, 12, 568, 5, 4, 13, 492, 4, 5, 14, 401, 4, 4, 15, 217, 3, 3, 16, 444, 4, 4, 17, 616, 5, 7, 18, 175, 3, 3, 
http://espn.go.com/golf/player/scorecards/_/id/1426/tournamentId/1202/lee-williams, Travelers Championship - (06/20-06/23), 2013, 1, 434, 4, 4, 2, 341, 4, 3, 3, 431, 4, 5, 4, 481, 4, 4, 5, 223, 3, 3, 6, 574, 5, 5, 7, 443, 4, 4, 8, 202, 3, 3, 9, 406, 4, 4, 10, 462, 4, 4, 11, 158, 3, 3, 12, 411, 4, 5, 13, 523, 5, 5, 14, 421, 4, 4, 15, 296, 4, 4, 16, 171, 3, 3, 17, 433, 4, 5, 18, 444, 4, 4, 
http://espn.go.com/golf/player/scorecards/_/id/1426/tournamentId/1202/lee-williams, Travelers Championship - (06/20-06/23), 2013, 1, 434, 4, 4, 2, 341, 4, 3, 3, 431, 4, 4, 4, 481, 4, 5, 5, 223, 3, 3, 6, 574, 5, 5, 7, 443, 4, 4, 8, 202, 3, 3, 9, 406, 4, 5, 10, 462, 4, 5, 11, 158, 3, 3, 12, 411, 4, 4, 13, 523, 5, 5, 14, 421, 4, 4, 15, 296, 4, 4, 16, 171, 3, 3, 17, 433, 4, 4, 18, 444, 4, 4, 
http://espn.go.com/golf/player/scorecards/_/id/1426/tournamentId/1201/lee-williams, FedEx St. Jude Classic - (06/06-06/09), 2013, 1, 434, 4, 4, 2, 401, 4, 4, 3, 554, 5, 5, 4, 196, 3, 4, 5, 485, 4, 4, 6, 445, 4, 4, 7, 482, 4, 4, 8, 178, 3, 3, 9, 457, 4, 4, 10, 465, 4, 4, 11, 157, 3, 3, 12, 406, 4, 4, 13, 472, 4, 4, 14, 239, 3, 3, 15, 395, 4, 4, 16, 530, 5, 5, 17, 490, 4, 4, 18, 453, 4, 5, 
http://espn.go.com/golf/player/scorecards/_/id/1426/tournamentId/1201/lee-williams, FedEx St. Jude Classic - (06/06-06/09), 2013, 1, 434, 4, 4, 2, 401, 4, 4, 3, 554, 5, 5, 4, 196, 3, 3, 5, 485, 4, 5, 6, 445, 4, 4, 7, 482, 4, 5, 8, 178, 3, 3, 9, 457, 4, 4, 10, 465, 4, 4, 11, 157, 3, 3, 12, 406, 4, 4, 13, 472, 4, 3, 14, 239, 3, 3, 15, 395, 4, 4, 16, 530, 5, 5, 17, 490, 4, 4, 18, 453, 4, 5, 
http://espn.go.com/golf/player/scorecards/_/id/1426/tournamentId/1201/lee-williams, FedEx St. Jude Classic - (06/06-06/09), 2013, 1, 434, 4, 4, 2, 401, 4, 4, 3, 554, 5, 5, 4, 196, 3, 4, 5, 485, 4, 4, 6, 445, 4, 4, 7, 482, 4, 4, 8, 178, 3, 3, 9, 457, 4, 4, 10, 465, 4, 4, 11, 157, 3, 2, 12, 406, 4, 4, 13, 472, 4, 5, 14, 239, 3, 2, 15, 395, 4, 4, 16, 530, 5, 4, 17, 490, 4, 4, 18, 453, 4, 4, 
http://espn.go.com/golf/player/scorecards/_/id/1426/tournamentId/1201/lee-williams, FedEx St. Jude Classic - (06/06-06/09), 2013, 1, 434, 4, 5, 2, 401, 4, 3, 3, 554, 5, 5, 4, 196, 3, 3, 5, 485, 4, 4, 6, 445, 4, 3, 7, 482, 4, 4, 8, 178, 3, 4, 9, 457, 4, 4, 10, 465, 4, 5, 11, 157, 3, 3, 12, 406, 4, 4, 13, 472, 4, 4, 14, 239, 3, 3, 15, 395, 4, 6, 16, 530, 5, 4, 17, 490, 4, 4, 18, 453, 4, 4, 
http://espn.go.com/golf/player/scorecards/_/id/1426/tournamentId/1197/lee-williams, Crowne Plaza Invitational at Colonial - (05/23-05/26), 2013, 1, 565, 5, 4, 2, 389, 4, 4, 3, 483, 4, 4, 4, 247, 3, 3, 5, 481, 4, 7, 6, 406, 4, 4, 7, 440, 4, 4, 8, 194, 3, 3, 9, 407, 4, 3, 10, 408, 4, 3, 11, 635, 5, 6, 12, 445, 4, 4, 13, 190, 3, 3, 14, 464, 4, 4, 15, 430, 4, 4, 16, 192, 3, 3, 17, 387, 4, 4, 18, 441, 4, 4, 
http://espn.go.com/golf/player/scorecards/_/id/1426/tournamentId/1197/lee-williams, Crowne Plaza Invitational at Colonial - (05/23-05/26), 2013, 1, 565, 5, 5, 2, 389, 4, 3, 3, 483, 4, 6, 4, 247, 3, 3, 5, 481, 4, 5, 6, 406, 4, 3, 7, 440, 4, 4, 8, 194, 3, 4, 9, 407, 4, 4, 10, 408, 4, 5, 11, 635, 5, 5, 12, 445, 4, 5, 13, 190, 3, 3, 14, 464, 4, 4, 15, 430, 4, 4, 16, 192, 3, 4, 17, 387, 4, 3, 18, 441, 4, 4, 
http://espn.go.com/golf/player/scorecards/_/id/1426/tournamentId/1196/lee-williams, HP Byron Nelson Championship - (05/16-05/19), 2013, 1, 458, 4, 4, 2, 221, 3, 2, 3, 528, 4, 5, 4, 431, 4, 4, 5, 174, 3, 3, 6, 448, 4, 5, 7, 542, 5, 6, 8, 461, 4, 4, 9, 427, 4, 5, 10, 435, 4, 4, 11, 323, 4, 5, 12, 455, 4, 5, 13, 180, 3, 3, 14, 406, 4, 4, 15, 504, 4, 5, 16, 546, 5, 5, 17, 198, 3, 3, 18, 429, 4, 6, 
http://espn.go.com/golf/player/scorecards/_/id/1426/tournamentId/1196/lee-williams, HP Byron Nelson Championship - (05/16-05/19), 2013, 1, 458, 4, 4, 2, 221, 3, 3, 3, 528, 4, 3, 4, 431, 4, 4, 5, 174, 3, 3, 6, 448, 4, 4, 7, 542, 5, 4, 8, 461, 4, 4, 9, 427, 4, 4, 10, 435, 4, 3, 11, 323, 4, 4, 12, 455, 4, 4, 13, 180, 3, 3, 14, 406, 4, 4, 15, 504, 4, 4, 16, 546, 5, 5, 17, 198, 3, 3, 18, 429, 4, 4, 
http://espn.go.com/golf/player/scorecards/_/id/1426/tournamentId/1216/lee-williams, Wells Fargo Championship - (05/02-05/05), 2013, 1, 418, 4, 4, 2, 178, 3, 3, 3, 452, 4, 5, 4, 483, 4, 5, 5, 570, 5, 5, 6, 250, 3, 4, 7, 532, 5, 5, 8, 350, 4, 3, 9, 495, 4, 4, 10, 598, 5, 6, 11, 426, 4, 4, 12, 456, 4, 4, 13, 210, 3, 3, 14, 345, 4, 4, 15, 566, 5, 5, 16, 487, 4, 4, 17, 198, 3, 2, 18, 478, 4, 5, 
http://espn.go.com/golf/player/scorecards/_/id/1426/tournamentId/1216/lee-williams, Wells Fargo Championship - (05/02-05/05), 2013, 1, 418, 4, 4, 2, 178, 3, 2, 3, 452, 4, 5, 4, 483, 4, 5, 5, 570, 5, 5, 6, 250, 3, 3, 7, 532, 5, 4, 8, 350, 4, 3, 9, 495, 4, 5, 10, 598, 5, 5, 11, 426, 4, 4, 12, 456, 4, 4, 13, 210, 3, 3, 14, 345, 4, 4, 15, 566, 5, 4, 16, 487, 4, 4, 17, 198, 3, 3, 18, 478, 4, 4, 
http://espn.go.com/golf/player/scorecards/_/id/1426/tournamentId/1216/lee-williams, Wells Fargo Championship - (05/02-05/05), 2013, 1, 418, 4, 4, 2, 178, 3, 2, 3, 452, 4, 4, 4, 483, 4, 4, 5, 570, 5, 4, 6, 250, 3, 3, 7, 532, 5, 5, 8, 350, 4, 4, 9, 495, 4, 5, 10, 598, 5, 5, 11, 426, 4, 4, 12, 456, 4, 5, 13, 210, 3, 3, 14, 345, 4, 4, 15, 566, 5, 5, 16, 487, 4, 4, 17, 198, 3, 3, 18, 478, 4, 3, 
http://espn.go.com/golf/player/scorecards/_/id/1426/tournamentId/1190/lee-williams, Zurich Classic of New Orleans - (04/25-04/28), 2013, 1, 399, 4, 5, 2, 548, 5, 5, 3, 221, 3, 2, 4, 482, 4, 5, 5, 438, 4, 4, 6, 476, 4, 4, 7, 561, 5, 4, 8, 372, 4, 4, 9, 207, 3, 4, 10, 390, 4, 5, 11, 575, 5, 4, 12, 492, 4, 4, 13, 403, 4, 3, 14, 216, 3, 4, 15, 490, 4, 4, 16, 355, 4, 4, 17, 215, 3, 3, 18, 585, 5, 5, 
http://espn.go.com/golf/player/scorecards/_/id/1426/tournamentId/1216/lee-williams, Wells Fargo Championship - (05/02-05/05), 2013, 1, 418, 4, 4, 2, 178, 3, 2, 3, 452, 4, 6, 4, 483, 4, 4, 5, 570, 5, 4, 6, 250, 3, 3, 7, 532, 5, 4, 8, 350, 4, 4, 9, 495, 4, 4, 10, 598, 5, 5, 11, 426, 4, 5, 12, 456, 4, 5, 13, 210, 3, 3, 14, 345, 4, 3, 15, 566, 5, 5, 16, 487, 4, 5, 17, 198, 3, 3, 18, 478, 4, 4, 
http://espn.go.com/golf/player/scorecards/_/id/1426/tournamentId/1190/lee-williams, Zurich Classic of New Orleans - (04/25-04/28), 2013, 1, 399, 4, 3, 2, 548, 5, 4, 3, 221, 3, 4, 4, 482, 4, 4, 5, 438, 4, 4, 6, 476, 4, 4, 7, 561, 5, 5, 8, 372, 4, 4, 9, 207, 3, 5, 10, 390, 4, 4, 11, 575, 5, 4, 12, 492, 4, 4, 13, 403, 4, 4, 14, 216, 3, 3, 15, 490, 4, 4, 16, 355, 4, 4, 17, 215, 3, 4, 18, 585, 5, 5, 
http://espn.go.com/golf/player/scorecards/_/id/1426/tournamentId/1190/lee-williams, Zurich Classic of New Orleans - (04/25-04/28), 2013, 1, 399, 4, 4, 2, 548, 5, 3, 3, 221, 3, 4, 4, 482, 4, 5, 5, 438, 4, 5, 6, 476, 4, 4, 7, 561, 5, 4, 8, 372, 4, 4, 9, 207, 3, 3, 10, 390, 4, 3, 11, 575, 5, 5, 12, 492, 4, 5, 13, 403, 4, 3, 14, 216, 3, 3, 15, 490, 4, 4, 16, 355, 4, 4, 17, 215, 3, 3, 18, 585, 5, 5, 
http://espn.go.com/golf/player/scorecards/_/id/1426/tournamentId/1190/lee-williams, Zurich Classic of New Orleans - (04/25-04/28), 2013, 1, 399, 4, 4, 2, 548, 5, 4, 3, 221, 3, 3, 4, 482, 4, 4, 5, 438, 4, 4, 6, 476, 4, 4, 7, 561, 5, 4, 8, 372, 4, 4, 9, 207, 3, 3, 10, 390, 4, 4, 11, 575, 5, 5, 12, 492, 4, 4, 13, 403, 4, 4, 14, 216, 3, 3, 15, 490, 4, 4, 16, 355, 4, 3, 17, 215, 3, 4, 18, 585, 5, 5, 
http://espn.go.com/golf/player/scorecards/_/id/1426/tournamentId/1193/lee-williams, RBC Heritage - (04/18-04/21), 2013, 1, 410, 4, 4, 2, 502, 5, 5, 3, 469, 4, 4, 4, 200, 3, 3, 5, 540, 5, 5, 6, 419, 4, 4, 7, 195, 3, 3, 8, 473, 4, 5, 9, 332, 4, 3, 10, 451, 4, 4, 11, 436, 4, 4, 12, 430, 4, 6, 13, 373, 4, 6, 14, 192, 3, 3, 15, 588, 5, 5, 16, 434, 4, 4, 17, 185, 3, 4, 18, 472, 4, 4, 
http://espn.go.com/golf/player/scorecards/_/id/1426/tournamentId/1193/lee-williams, RBC Heritage - (04/18-04/21), 2013, 1, 410, 4, 4, 2, 502, 5, 4, 3, 469, 4, 3, 4, 200, 3, 4, 5, 540, 5, 6, 6, 419, 4, 4, 7, 195, 3, 3, 8, 473, 4, 4, 9, 332, 4, 4, 10, 451, 4, 5, 11, 436, 4, 4, 12, 430, 4, 4, 13, 373, 4, 4, 14, 192, 3, 3, 15, 588, 5, 5, 16, 434, 4, 3, 17, 185, 3, 3, 18, 472, 4, 5, 
http://espn.go.com/golf/player/scorecards/_/id/1426/tournamentId/1193/lee-williams, RBC Heritage - (04/18-04/21), 2013, 1, 410, 4, 4, 2, 502, 5, 4, 3, 469, 4, 5, 4, 200, 3, 3, 5, 540, 5, 4, 6, 419, 4, 4, 7, 195, 3, 2, 8, 473, 4, 4, 9, 332, 4, 4, 10, 451, 4, 4, 11, 436, 4, 4, 12, 430, 4, 4, 13, 373, 4, 5, 14, 192, 3, 3, 15, 588, 5, 4, 16, 434, 4, 4, 17, 185, 3, 3, 18, 472, 4, 4, 
http://espn.go.com/golf/player/scorecards/_/id/1426/tournamentId/1210/lee-williams, Valero Texas Open - (04/04-04/07), 2013, 1, 454, 4, 4, 2, 602, 5, 4, 3, 213, 3, 2, 4, 481, 4, 4, 5, 342, 4, 4, 6, 403, 4, 4, 7, 207, 3, 3, 8, 604, 5, 5, 9, 474, 4, 5, 10, 447, 4, 5, 11, 405, 4, 4, 12, 410, 4, 3, 13, 241, 3, 4, 14, 567, 5, 5, 15, 464, 4, 5, 16, 183, 3, 3, 17, 347, 4, 3, 18, 591, 5, 4, 
http://espn.go.com/golf/player/scorecards/_/id/1426/tournamentId/1210/lee-williams, Valero Texas Open - (04/04-04/07), 2013, 1, 454, 4, 5, 2, 602, 5, 5, 3, 213, 3, 3, 4, 481, 4, 4, 5, 342, 4, 5, 6, 403, 4, 4, 7, 207, 3, 3, 8, 604, 5, 6, 9, 474, 4, 5, 10, 447, 4, 4, 11, 405, 4, 4, 12, 410, 4, 4, 13, 241, 3, 3, 14, 567, 5, 4, 15, 464, 4, 4, 16, 183, 3, 4, 17, 347, 4, 4, 18, 591, 5, 5, 
http://espn.go.com/golf/player/scorecards/_/id/1426/tournamentId/1195/lee-williams, Shell Houston Open - (03/28-03/31), 2013, 1, 397, 4, 4, 2, 429, 4, 3, 3, 398, 4, 4, 4, 566, 5, 5, 5, 480, 4, 4, 6, 464, 4, 4, 7, 174, 3, 3, 8, 557, 5, 5, 9, 238, 3, 5, 10, 380, 4, 5, 11, 441, 4, 4, 12, 338, 4, 3, 13, 590, 5, 5, 14, 216, 3, 3, 15, 608, 5, 4, 16, 188, 3, 3, 17, 489, 4, 5, 18, 488, 4, 4, 
http://espn.go.com/golf/player/scorecards/_/id/1426/tournamentId/1195/lee-williams, Shell Houston Open - (03/28-03/31), 2013, 1, 397, 4, 5, 2, 429, 4, 4, 3, 398, 4, 4, 4, 566, 5, 5, 5, 480, 4, 4, 6, 464, 4, 4, 7, 174, 3, 3, 8, 557, 5, 5, 9, 238, 3, 3, 10, 380, 4, 4, 11, 441, 4, 5, 12, 338, 4, 4, 13, 590, 5, 5, 14, 216, 3, 4, 15, 608, 5, 4, 16, 188, 3, 2, 17, 489, 4, 4, 18, 488, 4, 4, 
http://espn.go.com/golf/player/scorecards/_/id/1426/tournamentId/1212/lee-williams, Tampa Bay Championship presented by EverBank - (03/14-03/17), 2013, 1, 560, 5, 4, 2, 435, 4, 4, 3, 455, 4, 4, 4, 195, 3, 3, 5, 605, 5, 5, 6, 465, 4, 4, 7, 420, 4, 6, 8, 235, 3, 3, 9, 430, 4, 5, 10, 445, 4, 4, 11, 575, 5, 5, 12, 380, 4, 3, 13, 200, 3, 3, 14, 590, 5, 5, 15, 215, 3, 3, 16, 475, 4, 4, 17, 215, 3, 3, 18, 445, 4, 4, 
http://espn.go.com/golf/player/scorecards/_/id/1426/tournamentId/1212/lee-williams, Tampa Bay Championship presented by EverBank - (03/14-03/17), 2013, 1, 560, 5, 5, 2, 435, 4, 4, 3, 455, 4, 3, 4, 195, 3, 3, 5, 605, 5, 5, 6, 465, 4, 5, 7, 420, 4, 4, 8, 235, 3, 3, 9, 430, 4, 4, 10, 445, 4, 5, 11, 575, 5, 5, 12, 380, 4, 5, 13, 200, 3, 3, 14, 590, 5, 5, 15, 215, 3, 3, 16, 475, 4, 5, 17, 215, 3, 3, 18, 445, 4, 5, 
http://espn.go.com/golf/player/scorecards/_/id/1426/tournamentId/1219/lee-williams, Puerto Rico Open presented by seepuertorico.com - (03/07-03/10), 2013, 1, 447, 4, 3, 2, 547, 5, 4, 3, 386, 4, 4, 4, 455, 4, 6, 5, 535, 5, 6, 6, 203, 3, 3, 7, 448, 4, 3, 8, 236, 3, 3, 9, 450, 4, 4, 10, 430, 4, 5, 11, 192, 3, 3, 12, 465, 4, 4, 13, 410, 4, 4, 14, 459, 4, 4, 15, 600, 5, 5, 16, 202, 3, 3, 17, 411, 4, 4, 18, 630, 5, 3, 
http://espn.go.com/golf/player/scorecards/_/id/1426/tournamentId/1219/lee-williams, Puerto Rico Open presented by seepuertorico.com - (03/07-03/10), 2013, 1, 447, 4, 5, 2, 547, 5, 5, 3, 386, 4, 4, 4, 455, 4, 4, 5, 535, 5, 4, 6, 203, 3, 2, 7, 448, 4, 4, 8, 236, 3, 3, 9, 450, 4, 4, 10, 430, 4, 4, 11, 192, 3, 3, 12, 465, 4, 5, 13, 410, 4, 4, 14, 459, 4, 4, 15, 600, 5, 5, 16, 202, 3, 3, 17, 411, 4, 2, 18, 630, 5, 6, 
http://espn.go.com/golf/player/scorecards/_/id/1426/tournamentId/1219/lee-williams, Puerto Rico Open presented by seepuertorico.com - (03/07-03/10), 2013, 1, 447, 4, 4, 2, 547, 5, 4, 3, 386, 4, 4, 4, 455, 4, 4, 5, 535, 5, 4, 6, 203, 3, 3, 7, 448, 4, 4, 8, 236, 3, 4, 9, 450, 4, 4, 10, 430, 4, 4, 11, 192, 3, 4, 12, 465, 4, 4, 13, 410, 4, 4, 14, 459, 4, 3, 15, 600, 5, 5, 16, 202, 3, 3, 17, 411, 4, 4, 18, 630, 5, 5, 
http://espn.go.com/golf/player/scorecards/_/id/1426/tournamentId/1219/lee-williams, Puerto Rico Open presented by seepuertorico.com - (03/07-03/10), 2013, 1, 447, 4, 4, 2, 547, 5, 4, 3, 386, 4, 4, 4, 455, 4, 4, 5, 535, 5, 4, 6, 203, 3, 3, 7, 448, 4, 4, 8, 236, 3, 3, 9, 450, 4, 4, 10, 430, 4, 4, 11, 192, 3, 3, 12, 465, 4, 4, 13, 410, 4, 4, 14, 459, 4, 4, 15, 600, 5, 5, 16, 202, 3, 2, 17, 411, 4, 4, 18, 630, 5, 5, 
http://espn.go.com/golf/player/scorecards/_/id/1426/tournamentId/1188/lee-williams, The Honda Classic - (02/28-03/03), 2013, 1, 365, 4, 5, 2, 464, 4, 4, 3, 538, 5, 4, 4, 376, 4, 4, 5, 217, 3, 3, 6, 479, 4, 4, 7, 226, 3, 3, 8, 427, 4, 5, 9, 421, 4, 4, 10, 508, 4, 5, 11, 450, 4, 4, 12, 427, 4, 4, 13, 388, 4, 4, 14, 465, 4, 5, 15, 179, 3, 4, 16, 434, 4, 4, 17, 190, 3, 3, 18, 556, 5, 4, 
http://espn.go.com/golf/player/scorecards/_/id/1426/tournamentId/1188/lee-williams, The Honda Classic - (02/28-03/03), 2013, 1, 365, 4, 4, 2, 464, 4, 5, 3, 538, 5, 6, 4, 376, 4, 4, 5, 217, 3, 3, 6, 479, 4, 4, 7, 226, 3, 3, 8, 427, 4, 3, 9, 421, 4, 4, 10, 508, 4, 5, 11, 450, 4, 3, 12, 427, 4, 5, 13, 388, 4, 4, 14, 465, 4, 5, 15, 179, 3, 3, 16, 434, 4, 4, 17, 190, 3, 3, 18, 556, 5, 5, 
http://espn.go.com/golf/player/scorecards/_/id/1426/tournamentId/1184/lee-williams, AT&T Pebble Beach National Pro-Am - (02/07-02/10), 2013, 1, 381, 4, 3, 2, 502, 5, 5, 3, 390, 4, 4, 4, 331, 4, 3, 5, 188, 3, 4, 6, 513, 5, 5, 7, 106, 3, 3, 8, 418, 4, 4, 9, 466, 4, 4, 10, 446, 4, 4, 11, 380, 4, 4, 12, 202, 3, 3, 13, 399, 4, 5, 14, 573, 5, 5, 15, 397, 4, 4, 16, 403, 4, 4, 17, 178, 3, 4, 18, 543, 5, 5, 
http://espn.go.com/golf/player/scorecards/_/id/1426/tournamentId/1184/lee-williams, AT&T Pebble Beach National Pro-Am - (02/07-02/10), 2013, 1, 595, 5, 6, 2, 349, 4, 3, 3, 165, 3, 3, 4, 370, 4, 4, 5, 197, 3, 3, 6, 446, 4, 4, 7, 529, 5, 6, 8, 399, 4, 5, 9, 431, 4, 5, 10, 407, 4, 4, 11, 528, 5, 4, 12, 178, 3, 3, 13, 460, 4, 5, 14, 560, 5, 5, 15, 130, 3, 3, 16, 476, 4, 6, 17, 325, 4, 3, 18, 408, 4, 4, 
http://espn.go.com/golf/player/scorecards/_/id/1426/tournamentId/1184/lee-williams, AT&T Pebble Beach National Pro-Am - (02/07-02/10), 2013, 1, 454, 4, 4, 2, 391, 4, 4, 3, 155, 3, 4, 4, 401, 4, 4, 5, 349, 4, 3, 6, 548, 5, 5, 7, 226, 3, 3, 8, 454, 4, 4, 9, 224, 3, 2, 10, 544, 5, 4, 11, 176, 3, 2, 12, 599, 5, 5, 13, 401, 4, 4, 14, 190, 3, 3, 15, 415, 4, 4, 16, 500, 4, 3, 17, 430, 4, 4, 18, 381, 4, 4, 
http://espn.go.com/golf/player/scorecards/_/id/1426/tournamentId/1185/lee-williams, Farmers Insurance Open - (01/24-01/28), 2013, 1, 519, 5, 5, 2, 329, 4, 4, 3, 179, 3, 3, 4, 434, 4, 6, 5, 411, 4, 4, 6, 205, 3, 3, 7, 399, 4, 4, 8, 436, 4, 4, 9, 547, 5, 5, 10, 417, 4, 5, 11, 490, 4, 3, 12, 240, 3, 4, 13, 471, 4, 5, 14, 523, 5, 5, 15, 397, 4, 3, 16, 366, 4, 4, 17, 174, 3, 2, 18, 516, 5, 5, 
http://espn.go.com/golf/player/scorecards/_/id/1426/tournamentId/1185/lee-williams, Farmers Insurance Open - (01/24-01/28), 2013, 1, 450, 4, 4, 2, 389, 4, 4, 3, 200, 3, 3, 4, 488, 4, 5, 5, 454, 4, 4, 6, 560, 5, 4, 7, 462, 4, 4, 8, 176, 3, 3, 9, 614, 5, 5, 10, 416, 4, 4, 11, 221, 3, 3, 12, 504, 4, 3, 13, 614, 5, 5, 14, 437, 4, 3, 15, 478, 4, 4, 16, 223, 3, 3, 17, 442, 4, 5, 18, 570, 5, 5, 
http://espn.go.com/golf/player/scorecards/_/id/1426/tournamentId/1182/lee-williams, Humana Challenge in partnership with the Clinton Foundation - (01/17-01/20), 2013, 1, 426, 4, 4, 2, 514, 5, 4, 3, 180, 3, 3, 4, 396, 4, 4, 5, 233, 3, 3, 6, 562, 5, 4, 7, 439, 4, 5, 8, 358, 4, 4, 9, 461, 4, 5, 10, 453, 4, 3, 11, 512, 5, 5, 12, 207, 3, 4, 13, 447, 4, 4, 14, 569, 5, 5, 15, 156, 3, 3, 16, 364, 4, 4, 17, 130, 3, 3, 18, 543, 5, 4, 
http://espn.go.com/golf/player/scorecards/_/id/1426/tournamentId/1182/lee-williams, Humana Challenge in partnership with the Clinton Foundation - (01/17-01/20), 2013, 1, 426, 4, 4, 2, 514, 5, 4, 3, 180, 3, 3, 4, 396, 4, 4, 5, 233, 3, 3, 6, 562, 5, 5, 7, 439, 4, 4, 8, 358, 4, 3, 9, 461, 4, 4, 10, 453, 4, 4, 11, 512, 5, 5, 12, 207, 3, 3, 13, 447, 4, 4, 14, 569, 5, 5, 15, 156, 3, 2, 16, 364, 4, 4, 17, 130, 3, 2, 18, 543, 5, 5, 
http://espn.go.com/golf/player/scorecards/_/id/1426/tournamentId/1182/lee-williams, Humana Challenge in partnership with the Clinton Foundation - (01/17-01/20), 2013, 1, 374, 4, 4, 2, 414, 4, 5, 3, 177, 3, 3, 4, 538, 5, 3, 5, 443, 4, 3, 6, 406, 4, 4, 7, 140, 3, 2, 8, 509, 5, 4, 9, 410, 4, 3, 10, 412, 4, 3, 11, 191, 3, 3, 12, 403, 4, 4, 13, 528, 5, 4, 14, 375, 4, 4, 15, 415, 4, 4, 16, 530, 5, 5, 17, 204, 3, 3, 18, 455, 4, 4, 
http://espn.go.com/golf/player/scorecards/_/id/1426/tournamentId/1182/lee-williams, Humana Challenge in partnership with the Clinton Foundation - (01/17-01/20), 2013, 1, 382, 4, 3, 2, 434, 4, 4, 3, 202, 3, 3, 4, 384, 4, 4, 5, 516, 5, 5, 6, 527, 5, 4, 7, 168, 3, 3, 8, 389, 4, 4, 9, 399, 4, 4, 10, 405, 4, 3, 11, 543, 5, 4, 12, 202, 3, 3, 13, 547, 5, 4, 14, 469, 4, 4, 15, 206, 3, 3, 16, 454, 4, 4, 17, 421, 4, 4, 18, 412, 4, 4, 
http://espn.go.com/golf/player/scorecards/_/id/1426/tournamentId/1186/lee-williams, Sony Open in Hawaii - (01/10-01/13), 2013, 1, 480, 4, 4, 2, 423, 4, 5, 3, 422, 4, 4, 4, 204, 3, 3, 5, 467, 4, 4, 6, 460, 4, 4, 7, 176, 3, 2, 8, 454, 4, 4, 9, 506, 5, 4, 10, 351, 4, 3, 11, 194, 3, 3, 12, 440, 4, 5, 13, 477, 4, 4, 14, 430, 4, 3, 15, 398, 4, 4, 16, 417, 4, 4, 17, 194, 3, 4, 18, 551, 5, 4, 
http://espn.go.com/golf/player/scorecards/_/id/1426/tournamentId/1186/lee-williams, Sony Open in Hawaii - (01/10-01/13), 2013, 1, 480, 4, 5, 2, 423, 4, 4, 3, 422, 4, 4, 4, 204, 3, 3, 5, 467, 4, 5, 6, 460, 4, 4, 7, 176, 3, 3, 8, 454, 4, 3, 9, 506, 5, 5, 10, 351, 4, 3, 11, 194, 3, 4, 12, 440, 4, 4, 13, 477, 4, 4, 14, 430, 4, 4, 15, 398, 4, 4, 16, 417, 4, 4, 17, 194, 3, 3, 18, 551, 5, 5, 
http://espn.go.com/golf/player/scorecards/_/id/1426/tournamentId/1186/lee-williams, Sony Open in Hawaii - (01/10-01/13), 2013, 1, 480, 4, 4, 2, 423, 4, 4, 3, 422, 4, 4, 4, 204, 3, 3, 5, 467, 4, 4, 6, 460, 4, 5, 7, 176, 3, 3, 8, 454, 4, 3, 9, 506, 5, 3, 10, 351, 4, 3, 11, 194, 3, 3, 12, 440, 4, 4, 13, 477, 4, 4, 14, 430, 4, 4, 15, 398, 4, 4, 16, 417, 4, 4, 17, 194, 3, 3, 18, 551, 5, 4, 
http://espn.go.com/golf/player/scorecards/_/id/1426/tournamentId/1186/lee-williams, Sony Open in Hawaii - (01/10-01/13), 2013, 1, 480, 4, 4, 2, 423, 4, 4, 3, 422, 4, 4, 4, 204, 3, 3, 5, 467, 4, 4, 6, 460, 4, 4, 7, 176, 3, 4, 8, 454, 4, 4, 9, 506, 5, 5, 10, 351, 4, 4, 11, 194, 3, 2, 12, 440, 4, 4, 13, 477, 4, 4, 14, 430, 4, 4, 15, 398, 4, 3, 16, 417, 4, 4, 17, 194, 3, 3, 18, 551, 5, 5, 
