http://espn.go.com/golf/player/scorecards/_/id/822/year/2004/tournamentId/173/casey-wittenberg, Cialis Western Open - (07/01-07/04), 2004, 1, 462, 4, 4, 2, 228, 3, 4, 3, 446, 4, 4, 4, 465, 4, 4, 5, 509, 4, 5, 6, 244, 3, 3, 7, 434, 4, 5, 8, 383, 4, 5, 9, 615, 5, 5, 10, 386, 4, 3, 11, 610, 5, 5, 12, 221, 3, 4, 13, 486, 4, 4, 14, 218, 3, 3, 15, 526, 5, 4, 16, 459, 4, 5, 17, 427, 4, 4, 18, 497, 4, 4, 
http://espn.go.com/golf/player/scorecards/_/id/822/year/2004/tournamentId/173/casey-wittenberg, Cialis Western Open - (07/01-07/04), 2004, 1, 462, 4, 5, 2, 228, 3, 3, 3, 446, 4, 4, 4, 465, 4, 4, 5, 509, 4, 6, 6, 244, 3, 3, 7, 434, 4, 5, 8, 383, 4, 4, 9, 615, 5, 4, 10, 386, 4, 4, 11, 610, 5, 4, 12, 221, 3, 4, 13, 486, 4, 5, 14, 218, 3, 3, 15, 526, 5, 5, 16, 459, 4, 5, 17, 427, 4, 5, 18, 497, 4, 4, 
http://espn.go.com/golf/player/scorecards/_/id/822/year/2004/tournamentId/182/casey-wittenberg, John Deere Classic - (07/08-07/11), 2004, 1, 395, 4, 4, 2, 561, 5, 5, 3, 186, 3, 4, 4, 454, 4, 5, 5, 433, 4, 4, 6, 367, 4, 3, 7, 226, 3, 3, 8, 428, 4, 3, 9, 503, 4, 3, 10, 596, 5, 5, 11, 432, 4, 4, 12, 215, 3, 4, 13, 424, 4, 4, 14, 361, 4, 3, 15, 484, 4, 5, 16, 158, 3, 2, 17, 569, 5, 4, 18, 476, 4, 4, 
http://espn.go.com/golf/player/scorecards/_/id/822/year/2004/tournamentId/182/casey-wittenberg, John Deere Classic - (07/08-07/11), 2004, 1, 395, 4, 4, 2, 561, 5, 5, 3, 186, 3, 3, 4, 454, 4, 4, 5, 433, 4, 3, 6, 367, 4, 4, 7, 226, 3, 3, 8, 428, 4, 4, 9, 503, 4, 4, 10, 596, 5, 5, 11, 432, 4, 4, 12, 215, 3, 3, 13, 424, 4, 3, 14, 361, 4, 4, 15, 484, 4, 4, 16, 158, 3, 2, 17, 569, 5, 4, 18, 476, 4, 3, 
http://espn.go.com/golf/player/scorecards/_/id/822/year/2004/tournamentId/182/casey-wittenberg, John Deere Classic - (07/08-07/11), 2004, 1, 395, 4, 5, 2, 561, 5, 5, 3, 186, 3, 3, 4, 454, 4, 4, 5, 433, 4, 5, 6, 367, 4, 4, 7, 226, 3, 2, 8, 428, 4, 3, 9, 503, 4, 4, 10, 596, 5, 4, 11, 432, 4, 4, 12, 215, 3, 3, 13, 424, 4, 4, 14, 361, 4, 5, 15, 484, 4, 4, 16, 158, 3, 3, 17, 569, 5, 5, 18, 476, 4, 4, 
http://espn.go.com/golf/player/scorecards/_/id/822/year/2004/tournamentId/182/casey-wittenberg, John Deere Classic - (07/08-07/11), 2004, 1, 395, 4, 4, 2, 561, 5, 4, 3, 186, 3, 3, 4, 454, 4, 4, 5, 433, 4, 4, 6, 367, 4, 3, 7, 226, 3, 3, 8, 428, 4, 3, 9, 503, 4, 4, 10, 596, 5, 4, 11, 432, 4, 4, 12, 215, 3, 2, 13, 424, 4, 4, 14, 361, 4, 4, 15, 484, 4, 4, 16, 158, 3, 4, 17, 569, 5, 4, 18, 476, 4, 6, 
http://espn.go.com/golf/player/scorecards/_/id/822/year/2004/tournamentId/180/casey-wittenberg, U.S. Bank Championship in Milwaukee - (07/22-07/25), 2004, 1, 461, 4, 4, 2, 417, 4, 5, 3, 171, 3, 3, 4, 485, 4, 5, 5, 164, 3, 2, 6, 556, 5, 5, 7, 215, 3, 3, 8, 436, 4, 5, 9, 359, 4, 4, 10, 447, 4, 5, 11, 196, 3, 4, 12, 381, 4, 4, 13, 437, 4, 7, 14, 188, 3, 3, 15, 531, 5, 5, 16, 371, 4, 5, 17, 387, 4, 5, 18, 557, 5, 5, 
http://espn.go.com/golf/player/scorecards/_/id/822/year/2004/tournamentId/180/casey-wittenberg, U.S. Bank Championship in Milwaukee - (07/22-07/25), 2004, 1, 461, 4, 4, 2, 417, 4, 4, 3, 171, 3, 3, 4, 485, 4, 4, 5, 164, 3, 2, 6, 556, 5, 4, 7, 215, 3, 4, 8, 436, 4, 4, 9, 359, 4, 3, 10, 447, 4, 4, 11, 196, 3, 3, 12, 381, 4, 5, 13, 437, 4, 3, 14, 188, 3, 4, 15, 531, 5, 5, 16, 371, 4, 4, 17, 387, 4, 6, 18, 557, 5, 5, 
http://espn.go.com/golf/player/scorecards/_/id/822/year/2004/tournamentId/176/casey-wittenberg, Buick Open - (07/29-08/01), 2004, 1, 567, 5, 5, 2, 431, 4, 5, 3, 187, 3, 3, 4, 401, 4, 5, 5, 437, 4, 4, 6, 421, 4, 4, 7, 584, 5, 6, 8, 199, 3, 4, 9, 434, 4, 4, 10, 401, 4, 5, 11, 190, 3, 3, 12, 340, 4, 4, 13, 544, 5, 4, 14, 322, 4, 4, 15, 457, 4, 4, 16, 580, 5, 5, 17, 197, 3, 3, 18, 435, 4, 5, 
http://espn.go.com/golf/player/scorecards/_/id/822/year/2004/tournamentId/176/casey-wittenberg, Buick Open - (07/29-08/01), 2004, 1, 567, 5, 5, 2, 431, 4, 4, 3, 187, 3, 3, 4, 401, 4, 4, 5, 437, 4, 4, 6, 421, 4, 4, 7, 584, 5, 6, 8, 199, 3, 3, 9, 434, 4, 4, 10, 401, 4, 4, 11, 190, 3, 2, 12, 340, 4, 4, 13, 544, 5, 5, 14, 322, 4, 4, 15, 457, 4, 5, 16, 580, 5, 5, 17, 197, 3, 4, 18, 435, 4, 4, 
http://espn.go.com/golf/player/scorecards/_/id/822/year/2004/tournamentId/172/casey-wittenberg, Buick Championship - (08/26-08/29), 2004, 1, 434, 4, 3, 2, 341, 4, 3, 3, 431, 4, 4, 4, 481, 4, 5, 5, 223, 3, 3, 6, 574, 5, 5, 7, 443, 4, 4, 8, 202, 3, 3, 9, 406, 4, 4, 10, 462, 4, 5, 11, 158, 3, 3, 12, 411, 4, 4, 13, 523, 5, 5, 14, 421, 4, 5, 15, 296, 4, 4, 16, 171, 3, 4, 17, 433, 4, 4, 18, 444, 4, 4, 
http://espn.go.com/golf/player/scorecards/_/id/822/year/2004/tournamentId/172/casey-wittenberg, Buick Championship - (08/26-08/29), 2004, 1, 434, 4, 4, 2, 341, 4, 4, 3, 431, 4, 4, 4, 481, 4, 4, 5, 223, 3, 3, 6, 574, 5, 5, 7, 443, 4, 4, 8, 202, 3, 3, 9, 406, 4, 3, 10, 462, 4, 4, 11, 158, 3, 3, 12, 411, 4, 7, 13, 523, 5, 5, 14, 421, 4, 3, 15, 296, 4, 5, 16, 171, 3, 4, 17, 433, 4, 4, 18, 444, 4, 5, 
http://espn.go.com/golf/player/scorecards/_/id/822/year/2004/tournamentId/193/casey-wittenberg, Deutsche Bank Championship - (09/03-09/06), 2004, 1, 365, 4, 2, 2, 542, 5, 4, 3, 208, 3, 3, 4, 298, 4, 4, 5, 466, 4, 4, 6, 465, 4, 4, 7, 600, 5, 5, 8, 213, 3, 3, 9, 472, 4, 4, 10, 425, 4, 4, 11, 231, 3, 4, 12, 461, 4, 3, 13, 451, 4, 4, 14, 495, 4, 4, 15, 421, 4, 3, 16, 161, 3, 3, 17, 412, 4, 4, 18, 530, 5, 5, 
http://espn.go.com/golf/player/scorecards/_/id/822/year/2004/tournamentId/193/casey-wittenberg, Deutsche Bank Championship - (09/03-09/06), 2004, 1, 365, 4, 4, 2, 542, 5, 4, 3, 208, 3, 3, 4, 298, 4, 5, 5, 466, 4, 5, 6, 465, 4, 4, 7, 600, 5, 4, 8, 213, 3, 4, 9, 472, 4, 5, 10, 425, 4, 3, 11, 231, 3, 4, 12, 461, 4, 4, 13, 451, 4, 6, 14, 495, 4, 5, 15, 421, 4, 4, 16, 161, 3, 3, 17, 412, 4, 5, 18, 530, 5, 5, 
http://espn.go.com/golf/player/scorecards/_/id/822/year/2004/tournamentId/181/casey-wittenberg, Bell Canadian Open - (09/09-09/12), 2004, 1, 417, 4, 4, 2, 527, 5, 4, 3, 437, 4, 2, 4, 197, 3, 4, 5, 433, 4, 5, 6, 458, 4, 4, 7, 156, 3, 3, 8, 485, 4, 4, 9, 414, 4, 4, 10, 443, 4, 4, 11, 452, 4, 3, 12, 202, 3, 3, 13, 558, 5, 5, 14, 457, 4, 4, 15, 141, 3, 3, 16, 516, 5, 3, 17, 436, 4, 5, 18, 524, 5, 4, 
http://espn.go.com/golf/player/scorecards/_/id/822/year/2004/tournamentId/181/casey-wittenberg, Bell Canadian Open - (09/09-09/12), 2004, 1, 417, 4, 4, 2, 527, 5, 4, 3, 437, 4, 3, 4, 197, 3, 4, 5, 433, 4, 4, 6, 458, 4, 5, 7, 156, 3, 3, 8, 485, 4, 4, 9, 414, 4, 4, 10, 443, 4, 5, 11, 452, 4, 3, 12, 202, 3, 3, 13, 558, 5, 5, 14, 457, 4, 4, 15, 141, 3, 3, 16, 516, 5, 4, 17, 436, 4, 4, 18, 524, 5, 5, 
http://espn.go.com/golf/player/scorecards/_/id/822/year/2004/tournamentId/181/casey-wittenberg, Bell Canadian Open - (09/09-09/12), 2004, 1, 417, 4, 4, 2, 527, 5, 4, 3, 437, 4, 3, 4, 197, 3, 3, 5, 433, 4, 5, 6, 458, 4, 5, 7, 156, 3, 4, 8, 485, 4, 4, 9, 414, 4, 4, 10, 443, 4, 4, 11, 452, 4, 3, 12, 202, 3, 4, 13, 558, 5, 5, 14, 457, 4, 4, 15, 141, 3, 2, 16, 516, 5, 6, 17, 436, 4, 4, 18, 524, 5, 4, 
http://espn.go.com/golf/player/scorecards/_/id/822/year/2004/tournamentId/181/casey-wittenberg, Bell Canadian Open - (09/09-09/12), 2004, 1, 417, 4, 4, 2, 527, 5, 4, 3, 437, 4, 3, 4, 197, 3, 4, 5, 433, 4, 4, 6, 458, 4, 4, 7, 156, 3, 5, 8, 485, 4, 4, 9, 414, 4, 4, 10, 443, 4, 4, 11, 452, 4, 4, 12, 202, 3, 3, 13, 558, 5, 5, 14, 457, 4, 4, 15, 141, 3, 3, 16, 516, 5, 4, 17, 436, 4, 5, 18, 524, 5, 5, 
http://espn.go.com/golf/player/scorecards/_/id/822/year/2005/tournamentId/200/casey-wittenberg, AT&T Pebble Beach National Pro-Am - (02/10-02/13), 2005, 1, 381, 4, 4, 2, 502, 5, 4, 3, 390, 4, 4, 4, 331, 4, 4, 5, 188, 3, 3, 6, 513, 5, 5, 7, 106, 3, 3, 8, 418, 4, 3, 9, 466, 4, 4, 10, 446, 4, 5, 11, 380, 4, 4, 12, 202, 3, 2, 13, 399, 4, 4, 14, 573, 5, 7, 15, 397, 4, 4, 16, 403, 4, 4, 17, 178, 3, 3, 18, 543, 5, 5, 
http://espn.go.com/golf/player/scorecards/_/id/822/year/2005/tournamentId/200/casey-wittenberg, AT&T Pebble Beach National Pro-Am - (02/10-02/13), 2005, 1, 413, 4, 4, 2, 172, 3, 4, 3, 406, 4, 4, 4, 603, 5, 4, 5, 428, 4, 4, 6, 180, 3, 3, 7, 395, 4, 4, 8, 383, 4, 4, 9, 555, 5, 4, 10, 516, 5, 4, 11, 210, 3, 3, 12, 531, 5, 6, 13, 396, 4, 3, 14, 415, 4, 4, 15, 230, 3, 3, 16, 439, 4, 4, 17, 170, 3, 3, 18, 502, 5, 5, 
http://espn.go.com/golf/player/scorecards/_/id/822/year/2005/tournamentId/200/casey-wittenberg, AT&T Pebble Beach National Pro-Am - (02/10-02/13), 2005, 1, 595, 5, 5, 2, 349, 4, 5, 3, 165, 3, 2, 4, 370, 4, 4, 5, 197, 3, 3, 6, 446, 4, 4, 7, 529, 5, 5, 8, 399, 4, 4, 9, 431, 4, 4, 10, 407, 4, 4, 11, 528, 5, 4, 12, 178, 3, 4, 13, 460, 4, 4, 14, 560, 5, 5, 15, 130, 3, 3, 16, 476, 4, 4, 17, 325, 4, 5, 18, 408, 4, 4, 
http://espn.go.com/golf/player/scorecards/_/id/822/year/2005/tournamentId/206/casey-wittenberg, Bay Hill Invitational Presented by MasterCard - (03/17-03/20), 2005, 1, 461, 4, 4, 2, 231, 3, 5, 3, 434, 4, 4, 4, 561, 5, 5, 5, 390, 4, 4, 6, 555, 5, 6, 7, 199, 3, 3, 8, 460, 4, 5, 9, 474, 4, 3, 10, 400, 4, 4, 11, 438, 4, 6, 12, 574, 5, 4, 13, 370, 4, 4, 14, 215, 3, 3, 15, 467, 4, 4, 16, 511, 5, 4, 17, 221, 3, 4, 18, 458, 4, 4, 
http://espn.go.com/golf/player/scorecards/_/id/822/year/2005/tournamentId/206/casey-wittenberg, Bay Hill Invitational Presented by MasterCard - (03/17-03/20), 2005, 1, 461, 4, 3, 2, 231, 3, 3, 3, 434, 4, 4, 4, 561, 5, 5, 5, 390, 4, 4, 6, 555, 5, 5, 7, 199, 3, 4, 8, 460, 4, 4, 9, 474, 4, 3, 10, 400, 4, 5, 11, 438, 4, 4, 12, 574, 5, 5, 13, 370, 4, 4, 14, 215, 3, 3, 15, 467, 4, 4, 16, 511, 5, 5, 17, 221, 3, 5, 18, 458, 4, 5, 
http://espn.go.com/golf/player/scorecards/_/id/822/year/2005/tournamentId/209/casey-wittenberg, BellSouth Classic - (03/31-04/03), 2005, 1, 434, 4, 4, 2, 144, 3, 3, 3, 389, 4, 3, 4, 558, 5, 4, 5, 441, 4, 5, 6, 569, 5, 5, 7, 458, 4, 4, 8, 248, 3, 4, 9, 472, 4, 5, 10, 628, 5, 4, 11, 189, 3, 3, 12, 434, 4, 5, 13, 310, 4, 4, 14, 453, 4, 4, 15, 406, 4, 6, 16, 179, 3, 2, 17, 455, 4, 4, 18, 544, 5, 5, 
http://espn.go.com/golf/player/scorecards/_/id/822/year/2005/tournamentId/209/casey-wittenberg, BellSouth Classic - (03/31-04/03), 2005, 1, 434, 4, 4, 2, 144, 3, 2, 3, 389, 4, 4, 4, 558, 5, 4, 5, 441, 4, 4, 6, 569, 5, 6, 7, 458, 4, 4, 8, 248, 3, 3, 9, 472, 4, 3, 10, 628, 5, 6, 11, 189, 3, 4, 12, 434, 4, 6, 13, 310, 4, 3, 14, 453, 4, 4, 15, 406, 4, 4, 16, 179, 3, 3, 17, 455, 4, 3, 18, 544, 5, 4, 
http://espn.go.com/golf/player/scorecards/_/id/822/year/2005/tournamentId/209/casey-wittenberg, BellSouth Classic - (03/31-04/03), 2005, 1, 434, 4, 5, 2, 144, 3, 3, 3, 389, 4, 5, 4, 558, 5, 7, 5, 441, 4, 5, 6, 569, 5, 5, 7, 458, 4, 4, 8, 248, 3, 4, 9, 472, 4, 4, 10, 628, 5, 5, 11, 189, 3, 3, 12, 434, 4, 3, 13, 310, 4, 4, 14, 453, 4, 4, 15, 406, 4, 5, 16, 179, 3, 3, 17, 455, 4, 3, 18, 544, 5, 3, 
http://espn.go.com/golf/player/scorecards/_/id/822/year/2005/tournamentId/210/casey-wittenberg, Masters Tournament - (04/07-04/10), 2005, 1, 445, 4, 5, 2, 575, 5, 5, 3, 350, 4, 4, 4, 240, 3, 5, 5, 455, 4, 4, 6, 180, 3, 3, 7, 450, 4, 4, 8, 570, 5, 6, 9, 460, 4, 4, 10, 495, 4, 5, 11, 505, 4, 4, 12, 155, 3, 3, 13, 510, 5, 4, 14, 440, 4, 3, 15, 530, 5, 5, 16, 170, 3, 4, 17, 440, 4, 5, 18, 465, 4, 3, 
http://espn.go.com/golf/player/scorecards/_/id/822/year/2005/tournamentId/210/casey-wittenberg, Masters Tournament - (04/07-04/10), 2005, 1, 445, 4, 4, 2, 575, 5, 5, 3, 350, 4, 3, 4, 240, 3, 4, 5, 455, 4, 5, 6, 180, 3, 3, 7, 450, 4, 4, 8, 570, 5, 4, 9, 460, 4, 5, 10, 495, 4, 4, 11, 505, 4, 5, 12, 155, 3, 4, 13, 510, 5, 5, 14, 440, 4, 4, 15, 530, 5, 4, 16, 170, 3, 3, 17, 440, 4, 4, 18, 465, 4, 4, 
http://espn.go.com/golf/player/scorecards/_/id/822/year/2005/tournamentId/210/casey-wittenberg, Masters Tournament - (04/07-04/10), 2005, 1, 445, 4, 4, 2, 575, 5, 5, 3, 350, 4, 4, 4, 240, 3, 3, 5, 455, 4, 4, 6, 180, 3, 3, 7, 450, 4, 4, 8, 570, 5, 5, 9, 460, 4, 4, 10, 495, 4, 4, 11, 505, 4, 4, 12, 155, 3, 3, 13, 510, 5, 5, 14, 440, 4, 5, 15, 530, 5, 4, 16, 170, 3, 3, 17, 440, 4, 4, 18, 465, 4, 4, 
http://espn.go.com/golf/player/scorecards/_/id/822/year/2005/tournamentId/210/casey-wittenberg, Masters Tournament - (04/07-04/10), 2005, 1, 445, 4, 5, 2, 575, 5, 5, 3, 350, 4, 4, 4, 240, 3, 4, 5, 455, 4, 4, 6, 180, 3, 3, 7, 450, 4, 4, 8, 570, 5, 5, 9, 460, 4, 4, 10, 495, 4, 4, 11, 505, 4, 3, 12, 155, 3, 4, 13, 510, 5, 4, 14, 440, 4, 4, 15, 530, 5, 4, 16, 170, 3, 3, 17, 440, 4, 4, 18, 465, 4, 4, 
http://espn.go.com/golf/player/scorecards/_/id/822/year/2005/tournamentId/215/casey-wittenberg, Bank of America Colonial - (05/19-05/22), 2005, 1, 565, 5, 4, 2, 389, 4, 3, 3, 483, 4, 3, 4, 247, 3, 3, 5, 481, 4, 6, 6, 406, 4, 4, 7, 440, 4, 4, 8, 194, 3, 3, 9, 407, 4, 4, 10, 408, 4, 5, 11, 635, 5, 5, 12, 445, 4, 5, 13, 190, 3, 3, 14, 464, 4, 4, 15, 430, 4, 3, 16, 192, 3, 2, 17, 387, 4, 4, 18, 441, 4, 4, 
http://espn.go.com/golf/player/scorecards/_/id/822/year/2005/tournamentId/215/casey-wittenberg, Bank of America Colonial - (05/19-05/22), 2005, 1, 565, 5, 5, 2, 389, 4, 5, 3, 483, 4, 4, 4, 247, 3, 3, 5, 481, 4, 5, 6, 406, 4, 4, 7, 440, 4, 4, 8, 194, 3, 3, 9, 407, 4, 4, 10, 408, 4, 5, 11, 635, 5, 5, 12, 445, 4, 4, 13, 190, 3, 3, 14, 464, 4, 5, 15, 430, 4, 4, 16, 192, 3, 3, 17, 387, 4, 4, 18, 441, 4, 5, 
http://espn.go.com/golf/player/scorecards/_/id/822/year/2005/tournamentId/220/casey-wittenberg, FedEx St. Jude Classic - (05/26-05/29), 2005, 1, 434, 4, 4, 2, 401, 4, 4, 3, 554, 5, 6, 4, 196, 3, 3, 5, 485, 4, 4, 6, 445, 4, 4, 7, 482, 4, 3, 8, 178, 3, 3, 9, 457, 4, 5, 10, 465, 4, 3, 11, 157, 3, 3, 12, 406, 4, 6, 13, 472, 4, 4, 14, 239, 3, 2, 15, 395, 4, 4, 16, 530, 5, 5, 17, 490, 4, 5, 18, 453, 4, 5, 
http://espn.go.com/golf/player/scorecards/_/id/822/year/2005/tournamentId/220/casey-wittenberg, FedEx St. Jude Classic - (05/26-05/29), 2005, 1, 434, 4, 4, 2, 401, 4, 4, 3, 554, 5, 5, 4, 196, 3, 3, 5, 485, 4, 4, 6, 445, 4, 4, 7, 482, 4, 4, 8, 178, 3, 2, 9, 457, 4, 4, 10, 465, 4, 4, 11, 157, 3, 2, 12, 406, 4, 4, 13, 472, 4, 5, 14, 239, 3, 4, 15, 395, 4, 3, 16, 530, 5, 4, 17, 490, 4, 4, 18, 453, 4, 4, 
http://espn.go.com/golf/player/scorecards/_/id/822/year/2005/tournamentId/220/casey-wittenberg, FedEx St. Jude Classic - (05/26-05/29), 2005, 1, 434, 4, 4, 2, 401, 4, 4, 3, 554, 5, 5, 4, 196, 3, 3, 5, 485, 4, 4, 6, 445, 4, 5, 7, 482, 4, 4, 8, 178, 3, 2, 9, 457, 4, 5, 10, 465, 4, 4, 11, 157, 3, 2, 12, 406, 4, 4, 13, 472, 4, 4, 14, 239, 3, 4, 15, 395, 4, 4, 16, 530, 5, 4, 17, 490, 4, 4, 18, 453, 4, 4, 
http://espn.go.com/golf/player/scorecards/_/id/822/year/2005/tournamentId/220/casey-wittenberg, FedEx St. Jude Classic - (05/26-05/29), 2005, 1, 434, 4, 4, 2, 401, 4, 3, 3, 554, 5, 5, 4, 196, 3, 4, 5, 485, 4, 4, 6, 445, 4, 4, 7, 482, 4, 4, 8, 178, 3, 3, 9, 457, 4, 5, 10, 465, 4, 4, 11, 157, 3, 2, 12, 406, 4, 4, 13, 472, 4, 5, 14, 239, 3, 3, 15, 395, 4, 5, 16, 530, 5, 5, 17, 490, 4, 4, 18, 453, 4, 4, 
http://espn.go.com/golf/player/scorecards/_/id/822/year/2005/tournamentId/219/casey-wittenberg, U.S. Open Championship - (06/16-06/19), 2005, 1, 401, 4, 5, 2, 469, 4, 4, 3, 336, 4, 4, 4, 565, 5, 5, 5, 472, 4, 4, 6, 220, 3, 4, 7, 404, 4, 5, 8, 467, 4, 5, 9, 175, 3, 5, 10, 607, 5, 5, 11, 476, 4, 5, 12, 449, 4, 4, 13, 378, 4, 4, 14, 468, 4, 4, 15, 203, 3, 4, 16, 492, 4, 4, 17, 190, 3, 3, 18, 442, 4, 4, 
http://espn.go.com/golf/player/scorecards/_/id/822/year/2005/tournamentId/219/casey-wittenberg, U.S. Open Championship - (06/16-06/19), 2005, 1, 401, 4, 5, 2, 469, 4, 3, 3, 336, 4, 4, 4, 565, 5, 4, 5, 472, 4, 6, 6, 220, 3, 4, 7, 404, 4, 4, 8, 467, 4, 5, 9, 175, 3, 3, 10, 607, 5, 6, 11, 476, 4, 4, 12, 449, 4, 4, 13, 378, 4, 3, 14, 468, 4, 5, 15, 203, 3, 3, 16, 492, 4, 4, 17, 190, 3, 4, 18, 442, 4, 4, 
http://espn.go.com/golf/player/scorecards/_/id/822/year/2005/tournamentId/233/casey-wittenberg, B.C. Open - (07/14-07/17), 2005, 1, 367, 4, 4, 2, 369, 4, 4, 3, 554, 5, 3, 4, 175, 3, 3, 5, 565, 5, 5, 6, 433, 4, 4, 7, 188, 3, 3, 8, 553, 5, 4, 9, 404, 4, 4, 10, 356, 4, 5, 11, 441, 4, 3, 12, 545, 5, 6, 13, 442, 4, 4, 14, 212, 3, 4, 15, 432, 4, 4, 16, 321, 4, 4, 17, 185, 3, 3, 18, 419, 4, 4, 
http://espn.go.com/golf/player/scorecards/_/id/822/year/2005/tournamentId/224/casey-wittenberg, Southern Farm Bureau Classic - (11/03-11/06), 2005, 1, 385, 4, 4, 2, 213, 3, 4, 3, 406, 4, 3, 4, 465, 4, 4, 5, 522, 5, 4, 6, 424, 4, 4, 7, 556, 5, 5, 8, 209, 3, 3, 9, 450, 4, 4, 10, 410, 4, 3, 11, 579, 5, 5, 12, 171, 3, 2, 13, 414, 4, 4, 14, 473, 4, 4, 15, 176, 3, 2, 16, 408, 4, 4, 17, 409, 4, 4, 18, 532, 5, 5, 
http://espn.go.com/golf/player/scorecards/_/id/822/year/2005/tournamentId/233/casey-wittenberg, B.C. Open - (07/14-07/17), 2005, 1, 367, 4, 4, 2, 369, 4, 4, 3, 554, 5, 5, 4, 175, 3, 3, 5, 565, 5, 4, 6, 433, 4, 5, 7, 188, 3, 4, 8, 553, 5, 5, 9, 404, 4, 4, 10, 356, 4, 4, 11, 441, 4, 3, 12, 545, 5, 5, 13, 442, 4, 5, 14, 212, 3, 3, 15, 432, 4, 5, 16, 321, 4, 4, 17, 185, 3, 4, 18, 419, 4, 4, 
http://espn.go.com/golf/player/scorecards/_/id/822/year/2005/tournamentId/224/casey-wittenberg, Southern Farm Bureau Classic - (11/03-11/06), 2005, 1, 385, 4, 4, 2, 213, 3, 3, 3, 406, 4, 4, 4, 465, 4, 4, 5, 522, 5, 5, 6, 424, 4, 4, 7, 556, 5, 5, 8, 209, 3, 3, 9, 450, 4, 4, 10, 410, 4, 4, 11, 579, 5, 4, 12, 171, 3, 3, 13, 414, 4, 4, 14, 473, 4, 5, 15, 176, 3, 3, 16, 408, 4, 5, 17, 409, 4, 5, 18, 532, 5, 5, 
http://espn.go.com/golf/player/scorecards/_/id/822/year/2005/tournamentId/224/casey-wittenberg, Southern Farm Bureau Classic - (11/03-11/06), 2005, 1, 385, 4, 4, 2, 213, 3, 2, 3, 406, 4, 4, 4, 465, 4, 3, 5, 522, 5, 5, 6, 424, 4, 3, 7, 556, 5, 4, 8, 209, 3, 3, 9, 450, 4, 4, 10, 410, 4, 4, 11, 579, 5, 5, 12, 171, 3, 3, 13, 414, 4, 5, 14, 473, 4, 4, 15, 176, 3, 2, 16, 408, 4, 4, 17, 409, 4, 4, 18, 532, 5, 4, 
http://espn.go.com/golf/player/scorecards/_/id/822/year/2005/tournamentId/224/casey-wittenberg, Southern Farm Bureau Classic - (11/03-11/06), 2005, 1, 385, 4, 4, 2, 213, 3, 3, 3, 406, 4, 5, 4, 465, 4, 3, 5, 522, 5, 4, 6, 424, 4, 4, 7, 556, 5, 5, 8, 209, 3, 3, 9, 450, 4, 5, 10, 410, 4, 4, 11, 579, 5, 5, 12, 171, 3, 3, 13, 414, 4, 4, 14, 473, 4, 4, 15, 176, 3, 3, 16, 408, 4, 4, 17, 409, 4, 4, 18, 532, 5, 5, 
http://espn.go.com/golf/player/scorecards/_/id/822/year/2006/tournamentId/270/casey-wittenberg, FedEx St. Jude Classic - (05/25-05/28), 2006, 1, 434, 4, 5, 2, 401, 4, 4, 3, 554, 5, 6, 4, 196, 3, 3, 5, 485, 4, 4, 6, 445, 4, 4, 7, 482, 4, 5, 8, 178, 3, 3, 9, 457, 4, 4, 10, 465, 4, 4, 11, 157, 3, 3, 12, 406, 4, 5, 13, 472, 4, 4, 14, 239, 3, 4, 15, 395, 4, 4, 16, 530, 5, 5, 17, 490, 4, 4, 18, 453, 4, 5, 
http://espn.go.com/golf/player/scorecards/_/id/822/year/2006/tournamentId/270/casey-wittenberg, FedEx St. Jude Classic - (05/25-05/28), 2006, 1, 434, 4, 5, 2, 401, 4, 5, 3, 554, 5, 6, 4, 196, 3, 3, 5, 485, 4, 4, 6, 445, 4, 4, 7, 482, 4, 5, 8, 178, 3, 3, 9, 457, 4, 4, 10, 465, 4, 4, 11, 157, 3, 3, 12, 406, 4, 5, 13, 472, 4, 4, 14, 239, 3, 3, 15, 395, 4, 4, 16, 530, 5, 5, 17, 490, 4, 4, 18, 453, 4, 5, 
http://espn.go.com/golf/player/scorecards/_/id/822/year/2006/tournamentId/270/casey-wittenberg, FedEx St. Jude Classic - (05/25-05/28), 2006, 1, 434, 4, 4, 2, 401, 4, 3, 3, 554, 5, 5, 4, 196, 3, 4, 5, 485, 4, 4, 6, 445, 4, 4, 7, 482, 4, 4, 8, 178, 3, 3, 9, 457, 4, 3, 10, 465, 4, 4, 11, 157, 3, 2, 12, 406, 4, 3, 13, 472, 4, 4, 14, 239, 3, 2, 15, 395, 4, 4, 16, 530, 5, 4, 17, 490, 4, 4, 18, 453, 4, 4, 
http://espn.go.com/golf/player/scorecards/_/id/822/year/2006/tournamentId/270/casey-wittenberg, FedEx St. Jude Classic - (05/25-05/28), 2006, 1, 434, 4, 4, 2, 401, 4, 5, 3, 554, 5, 5, 4, 196, 3, 4, 5, 485, 4, 5, 6, 445, 4, 4, 7, 482, 4, 4, 8, 178, 3, 3, 9, 457, 4, 4, 10, 465, 4, 4, 11, 157, 3, 3, 12, 406, 4, 4, 13, 472, 4, 4, 14, 239, 3, 2, 15, 395, 4, 4, 16, 530, 5, 5, 17, 490, 4, 5, 18, 453, 4, 5, 
http://espn.go.com/golf/player/scorecards/_/id/822/year/2007/tournamentId/460/casey-wittenberg, PGA TOUR Qualifying Tournament - (11/28-12/03), 2007, 1, -, 5, 4, 2, -, 4, 4, 3, -, 4, 4, 4, -, 5, 4, 5, -, 4, 4, 6, -, 3, 3, 7, -, 4, 4, 8, -, 3, 4, 9, -, 4, 4, 10, -, 4, 5, 11, -, 4, 5, 12, -, 4, 4, 13, -, 3, 4, 14, -, 5, 5, 15, -, 3, 3, 16, -, 4, 4, 17, -, 5, 5, 18, -, 4, 4, 
http://espn.go.com/golf/player/scorecards/_/id/822/year/2007/tournamentId/460/casey-wittenberg, PGA TOUR Qualifying Tournament - (11/28-12/03), 2007, 1, -, 5, 4, 2, -, 4, 4, 3, -, 4, 5, 4, -, 5, 2, 5, -, 4, 4, 6, -, 3, 3, 7, -, 4, 5, 8, -, 3, 4, 9, -, 4, 4, 10, -, 4, 5, 11, -, 4, 4, 12, -, 4, 4, 13, -, 3, 4, 14, -, 5, 5, 15, -, 3, 3, 16, -, 4, 4, 17, -, 5, 3, 18, -, 4, 5, 
http://espn.go.com/golf/player/scorecards/_/id/822/year/2007/tournamentId/460/casey-wittenberg, PGA TOUR Qualifying Tournament - (11/28-12/03), 2007, 1, -, 5, 2, 2, -, 4, 3, 3, -, 4, 4, 4, -, 5, 3, 5, -, 4, 3, 6, -, 3, 2, 7, -, 4, 5, 8, -, 3, 4, 9, -, 4, 4, 10, -, 4, 4, 11, -, 4, 3, 12, -, 4, 4, 13, -, 3, 4, 14, -, 5, 5, 15, -, 3, 3, 16, -, 4, 3, 17, -, 5, 2, 18, -, 4, 5, 
http://espn.go.com/golf/player/scorecards/_/id/822/year/2007/tournamentId/460/casey-wittenberg, PGA TOUR Qualifying Tournament - (11/28-12/03), 2007, 1, -, 5, 4, 2, -, 4, 4, 3, -, 4, 4, 4, -, 5, 5, 5, -, 4, 4, 6, -, 3, 3, 7, -, 4, 3, 8, -, 3, 3, 9, -, 4, 4, 10, -, 4, 5, 11, -, 4, 3, 12, -, 4, 4, 13, -, 3, 3, 14, -, 5, 5, 15, -, 3, 3, 16, -, 4, 5, 17, -, 5, 4, 18, -, 4, 4, 
http://espn.go.com/golf/player/scorecards/_/id/822/year/2007/tournamentId/460/casey-wittenberg, PGA TOUR Qualifying Tournament - (11/28-12/03), 2007, 1, -, 5, 4, 2, -, 4, 4, 3, -, 4, 5, 4, -, 5, 2, 5, -, 4, 5, 6, -, 3, 3, 7, -, 4, 5, 8, -, 3, 5, 9, -, 4, 4, 10, -, 4, 5, 11, -, 4, 4, 12, -, 4, 4, 13, -, 3, 4, 14, -, 5, 5, 15, -, 3, 3, 16, -, 4, 4, 17, -, 5, 3, 18, -, 4, 5, 
http://espn.go.com/golf/player/scorecards/_/id/822/year/2007/tournamentId/460/casey-wittenberg, PGA TOUR Qualifying Tournament - (11/28-12/03), 2007, 1, -, 5, 5, 2, -, 4, 4, 3, -, 4, 3, 4, -, 5, 5, 5, -, 4, 4, 6, -, 3, 4, 7, -, 4, 4, 8, -, 3, 3, 9, -, 4, 5, 10, -, 4, 5, 11, -, 4, 4, 12, -, 4, 3, 13, -, 3, 3, 14, -, 5, 5, 15, -, 3, 3, 16, -, 4, 4, 17, -, 5, 4, 18, -, 4, 4, 
http://espn.go.com/golf/player/scorecards/_/id/822/year/2008/tournamentId/434/casey-wittenberg, Stanford St. Jude Championship - (06/05-06/08), 2008, 1, 434, 4, 5, 2, 401, 4, 5, 3, 554, 5, 4, 4, 196, 3, 4, 5, 485, 4, 4, 6, 445, 4, 3, 7, 482, 4, 3, 8, 178, 3, 3, 9, 457, 4, 5, 10, 465, 4, 4, 11, 157, 3, 4, 12, 406, 4, 4, 13, 472, 4, 4, 14, 239, 3, 3, 15, 395, 4, 4, 16, 530, 5, 4, 17, 490, 4, 5, 18, 453, 4, 5, 
http://espn.go.com/golf/player/scorecards/_/id/822/year/2008/tournamentId/434/casey-wittenberg, Stanford St. Jude Championship - (06/05-06/08), 2008, 1, 434, 4, 4, 2, 401, 4, 4, 3, 554, 5, 5, 4, 196, 3, 3, 5, 485, 4, 4, 6, 445, 4, 4, 7, 482, 4, 5, 8, 178, 3, 3, 9, 457, 4, 5, 10, 465, 4, 4, 11, 157, 3, 2, 12, 406, 4, 6, 13, 472, 4, 4, 14, 239, 3, 3, 15, 395, 4, 7, 16, 530, 5, 4, 17, 490, 4, 4, 18, 453, 4, 4, 
http://espn.go.com/golf/player/scorecards/_/id/822/year/2008/tournamentId/433/casey-wittenberg, U.S. Open Championship - (06/12-06/15), 2008, 1, 448, 4, 4, 2, 389, 4, 4, 3, 195, 3, 3, 4, 488, 4, 4, 5, 453, 4, 5, 6, 515, 4, 5, 7, 461, 4, 5, 8, 177, 3, 3, 9, 612, 5, 5, 10, 414, 4, 5, 11, 221, 3, 3, 12, 504, 4, 5, 13, 614, 5, 5, 14, 435, 4, 4, 15, 478, 4, 4, 16, 225, 3, 4, 17, 441, 4, 4, 18, 573, 5, 6, 
http://espn.go.com/golf/player/scorecards/_/id/822/year/2008/tournamentId/433/casey-wittenberg, U.S. Open Championship - (06/12-06/15), 2008, 1, 448, 4, 5, 2, 389, 4, 4, 3, 195, 3, 3, 4, 488, 4, 4, 5, 453, 4, 3, 6, 515, 4, 4, 7, 461, 4, 5, 8, 177, 3, 4, 9, 612, 5, 5, 10, 414, 4, 4, 11, 221, 3, 3, 12, 504, 4, 5, 13, 614, 5, 4, 14, 435, 4, 4, 15, 478, 4, 4, 16, 225, 3, 3, 17, 441, 4, 3, 18, 573, 5, 5, 
http://espn.go.com/golf/player/scorecards/_/id/822/year/2008/tournamentId/437/casey-wittenberg, Viking Classic - (09/18-09/21), 2008, 1, 385, 4, 4, 2, 213, 3, 3, 3, 406, 4, 4, 4, 465, 4, 3, 5, 522, 5, 4, 6, 424, 4, 3, 7, 556, 5, 4, 8, 209, 3, 3, 9, 450, 4, 4, 10, 410, 4, 4, 11, 579, 5, 5, 12, 171, 3, 3, 13, 414, 4, 4, 14, 473, 4, 5, 15, 176, 3, 3, 16, 408, 4, 4, 17, 409, 4, 3, 18, 532, 5, 6, 
http://espn.go.com/golf/player/scorecards/_/id/822/year/2008/tournamentId/437/casey-wittenberg, Viking Classic - (09/18-09/21), 2008, 1, 385, 4, 4, 2, 213, 3, 3, 3, 406, 4, 3, 4, 465, 4, 3, 5, 522, 5, 4, 6, 424, 4, 3, 7, 556, 5, 5, 8, 209, 3, 3, 9, 450, 4, 4, 10, 410, 4, 4, 11, 579, 5, 5, 12, 171, 3, 3, 13, 414, 4, 4, 14, 473, 4, 4, 15, 176, 3, 3, 16, 408, 4, 4, 17, 409, 4, 5, 18, 532, 5, 4, 
http://espn.go.com/golf/player/scorecards/_/id/822/year/2008/tournamentId/437/casey-wittenberg, Viking Classic - (09/18-09/21), 2008, 1, 385, 4, 3, 2, 213, 3, 3, 3, 406, 4, 4, 4, 465, 4, 4, 5, 522, 5, 5, 6, 424, 4, 4, 7, 556, 5, 4, 8, 209, 3, 3, 9, 450, 4, 5, 10, 410, 4, 4, 11, 579, 5, 5, 12, 171, 3, 2, 13, 414, 4, 4, 14, 473, 4, 3, 15, 176, 3, 2, 16, 408, 4, 4, 17, 409, 4, 3, 18, 532, 5, 5, 
http://espn.go.com/golf/player/scorecards/_/id/822/year/2008/tournamentId/437/casey-wittenberg, Viking Classic - (09/18-09/21), 2008, 1, 385, 4, 4, 2, 213, 3, 3, 3, 406, 4, 4, 4, 465, 4, 4, 5, 522, 5, 5, 6, 424, 4, 4, 7, 556, 5, 4, 8, 209, 3, 2, 9, 450, 4, 3, 10, 410, 4, 4, 11, 579, 5, 5, 12, 171, 3, 4, 13, 414, 4, 4, 14, 473, 4, 4, 15, 176, 3, 2, 16, 408, 4, 4, 17, 409, 4, 4, 18, 532, 5, 4, 
http://espn.go.com/golf/player/scorecards/_/id/822/year/2008/tournamentId/455/casey-wittenberg, Turning Stone Resort Championship - (10/02-10/05), 2008, 1, 398, 4, 4, 2, 447, 4, 4, 3, 198, 3, 3, 4, 414, 4, 4, 5, 550, 5, 5, 6, 185, 3, 2, 7, 433, 4, 5, 8, 576, 5, 4, 9, 479, 4, 5, 10, 422, 4, 3, 11, 230, 3, 4, 12, 580, 5, 4, 13, 439, 4, 3, 14, 410, 4, 4, 15, 442, 4, 4, 16, 177, 3, 3, 17, 478, 4, 3, 18, 624, 5, 5, 
http://espn.go.com/golf/player/scorecards/_/id/822/year/2008/tournamentId/455/casey-wittenberg, Turning Stone Resort Championship - (10/02-10/05), 2008, 1, 398, 4, 4, 2, 447, 4, 4, 3, 198, 3, 4, 4, 414, 4, 4, 5, 550, 5, 5, 6, 185, 3, 2, 7, 433, 4, 4, 8, 576, 5, 4, 9, 479, 4, 4, 10, 422, 4, 4, 11, 230, 3, 3, 12, 580, 5, 5, 13, 439, 4, 4, 14, 410, 4, 4, 15, 442, 4, 5, 16, 177, 3, 3, 17, 478, 4, 4, 18, 624, 5, 5, 
http://espn.go.com/golf/player/scorecards/_/id/822/year/2008/tournamentId/455/casey-wittenberg, Turning Stone Resort Championship - (10/02-10/05), 2008, 1, 398, 4, 4, 2, 447, 4, 4, 3, 198, 3, 3, 4, 414, 4, 4, 5, 550, 5, 4, 6, 185, 3, 4, 7, 433, 4, 4, 8, 576, 5, 5, 9, 479, 4, 4, 10, 422, 4, 4, 11, 230, 3, 4, 12, 580, 5, 4, 13, 439, 4, 4, 14, 410, 4, 5, 15, 442, 4, 5, 16, 177, 3, 3, 17, 478, 4, 4, 18, 624, 5, 5, 
http://espn.go.com/golf/player/scorecards/_/id/822/year/2008/tournamentId/455/casey-wittenberg, Turning Stone Resort Championship - (10/02-10/05), 2008, 1, 398, 4, 5, 2, 447, 4, 4, 3, 198, 3, 3, 4, 414, 4, 4, 5, 550, 5, 5, 6, 185, 3, 3, 7, 433, 4, 5, 8, 576, 5, 4, 9, 479, 4, 4, 10, 422, 4, 3, 11, 230, 3, 3, 12, 580, 5, 4, 13, 439, 4, 5, 14, 410, 4, 4, 15, 442, 4, 4, 16, 177, 3, 3, 17, 478, 4, 6, 18, 624, 5, 5, 
http://espn.go.com/golf/player/scorecards/_/id/822/year/2009/tournamentId/531/casey-wittenberg, Sony Open in Hawaii - (01/15-01/18), 2009, 1, 480, 4, 4, 2, 423, 4, 4, 3, 422, 4, 4, 4, 204, 3, 3, 5, 467, 4, 4, 6, 460, 4, 5, 7, 176, 3, 2, 8, 454, 4, 4, 9, 506, 5, 4, 10, 351, 4, 4, 11, 194, 3, 3, 12, 440, 4, 5, 13, 477, 4, 4, 14, 430, 4, 4, 15, 398, 4, 4, 16, 417, 4, 4, 17, 194, 3, 3, 18, 551, 5, 5, 
http://espn.go.com/golf/player/scorecards/_/id/822/year/2009/tournamentId/531/casey-wittenberg, Sony Open in Hawaii - (01/15-01/18), 2009, 1, 480, 4, 5, 2, 423, 4, 4, 3, 422, 4, 4, 4, 204, 3, 1, 5, 467, 4, 4, 6, 460, 4, 4, 7, 176, 3, 4, 8, 454, 4, 4, 9, 506, 5, 3, 10, 351, 4, 4, 11, 194, 3, 3, 12, 440, 4, 4, 13, 477, 4, 4, 14, 430, 4, 4, 15, 398, 4, 4, 16, 417, 4, 4, 17, 194, 3, 3, 18, 551, 5, 5, 
http://espn.go.com/golf/player/scorecards/_/id/822/year/2009/tournamentId/531/casey-wittenberg, Sony Open in Hawaii - (01/15-01/18), 2009, 1, 480, 4, 5, 2, 423, 4, 4, 3, 422, 4, 4, 4, 204, 3, 3, 5, 467, 4, 4, 6, 460, 4, 5, 7, 176, 3, 3, 8, 454, 4, 4, 9, 506, 5, 4, 10, 351, 4, 3, 11, 194, 3, 2, 12, 440, 4, 4, 13, 477, 4, 5, 14, 430, 4, 4, 15, 398, 4, 4, 16, 417, 4, 4, 17, 194, 3, 3, 18, 551, 5, 5, 
http://espn.go.com/golf/player/scorecards/_/id/822/year/2009/tournamentId/531/casey-wittenberg, Sony Open in Hawaii - (01/15-01/18), 2009, 1, 480, 4, 5, 2, 423, 4, 4, 3, 422, 4, 3, 4, 204, 3, 3, 5, 467, 4, 4, 6, 460, 4, 4, 7, 176, 3, 2, 8, 454, 4, 5, 9, 506, 5, 4, 10, 351, 4, 4, 11, 194, 3, 2, 12, 440, 4, 5, 13, 477, 4, 4, 14, 430, 4, 5, 15, 398, 4, 4, 16, 417, 4, 4, 17, 194, 3, 4, 18, 551, 5, 5, 
http://espn.go.com/golf/player/scorecards/_/id/822/year/2009/tournamentId/527/casey-wittenberg, The 50th Bob Hope Classic hosted by Arnold Palmer - (01/21-01/25), 2009, 1, 426, 4, 5, 2, 514, 5, 4, 3, 180, 3, 3, 4, 396, 4, 4, 5, 233, 3, 3, 6, 562, 5, 5, 7, 439, 4, 4, 8, 358, 4, 3, 9, 461, 4, 4, 10, 453, 4, 4, 11, 512, 5, 5, 12, 207, 3, 3, 13, 447, 4, 4, 14, 569, 5, 5, 15, 156, 3, 3, 16, 364, 4, 4, 17, 130, 3, 3, 18, 543, 5, 5, 
http://espn.go.com/golf/player/scorecards/_/id/822/year/2009/tournamentId/527/casey-wittenberg, The 50th Bob Hope Classic hosted by Arnold Palmer - (01/21-01/25), 2009, 1, 374, 4, 4, 2, 414, 4, 3, 3, 177, 3, 3, 4, 538, 5, 4, 5, 443, 4, 4, 6, 406, 4, 4, 7, 140, 3, 3, 8, 509, 5, 4, 9, 410, 4, 4, 10, 412, 4, 3, 11, 191, 3, 4, 12, 403, 4, 4, 13, 528, 5, 4, 14, 375, 4, 4, 15, 415, 4, 4, 16, 530, 5, 4, 17, 204, 3, 3, 18, 455, 4, 5, 
http://espn.go.com/golf/player/scorecards/_/id/822/year/2009/tournamentId/527/casey-wittenberg, The 50th Bob Hope Classic hosted by Arnold Palmer - (01/21-01/25), 2009, 1, 426, 4, 4, 2, 514, 5, 4, 3, 180, 3, 2, 4, 396, 4, 4, 5, 233, 3, 3, 6, 562, 5, 5, 7, 439, 4, 4, 8, 358, 4, 4, 9, 461, 4, 3, 10, 453, 4, 4, 11, 512, 5, 4, 12, 207, 3, 3, 13, 447, 4, 4, 14, 569, 5, 4, 15, 156, 3, 2, 16, 364, 4, 4, 17, 130, 3, 3, 18, 543, 5, 3, 
http://espn.go.com/golf/player/scorecards/_/id/822/year/2009/tournamentId/527/casey-wittenberg, The 50th Bob Hope Classic hosted by Arnold Palmer - (01/21-01/25), 2009, 1, 426, 4, 4, 2, 592, 5, 5, 3, 183, 3, 2, 4, 385, 4, 4, 5, 335, 4, 4, 6, 493, 4, 5, 7, 603, 5, 5, 8, 191, 3, 3, 9, 489, 4, 4, 10, 350, 4, 3, 11, 418, 4, 3, 12, 625, 5, 4, 13, 449, 4, 3, 14, 165, 3, 3, 15, 480, 4, 3, 16, 468, 4, 4, 17, 207, 3, 2, 18, 544, 5, 5, 
http://espn.go.com/golf/player/scorecards/_/id/822/year/2009/tournamentId/527/casey-wittenberg, The 50th Bob Hope Classic hosted by Arnold Palmer - (01/21-01/25), 2009, 1, 541, 5, 5, 2, 427, 4, 4, 3, 395, 4, 4, 4, 228, 3, 3, 5, 435, 4, 4, 6, 371, 4, 4, 7, 176, 3, 3, 8, 540, 5, 5, 9, 390, 4, 3, 10, 414, 4, 4, 11, 402, 4, 4, 12, 160, 3, 3, 13, 564, 5, 4, 14, 390, 4, 4, 15, 404, 4, 4, 16, 451, 4, 3, 17, 215, 3, 4, 18, 514, 5, 4, 
http://espn.go.com/golf/player/scorecards/_/id/822/year/2009/tournamentId/530/casey-wittenberg, Buick Invitational - (02/05-02/08), 2009, 1, 519, 5, 4, 2, 329, 4, 4, 3, 179, 3, 3, 4, 434, 4, 4, 5, 411, 4, 4, 6, 205, 3, 3, 7, 399, 4, 4, 8, 436, 4, 4, 9, 547, 5, 5, 10, 417, 4, 4, 11, 490, 4, 4, 12, 240, 3, 3, 13, 471, 4, 4, 14, 523, 5, 5, 15, 397, 4, 4, 16, 366, 4, 4, 17, 174, 3, 3, 18, 516, 5, 5, 
http://espn.go.com/golf/player/scorecards/_/id/822/year/2009/tournamentId/530/casey-wittenberg, Buick Invitational - (02/05-02/08), 2009, 1, 450, 4, 3, 2, 389, 4, 6, 3, 200, 3, 3, 4, 488, 4, 4, 5, 454, 4, 4, 6, 560, 5, 5, 7, 462, 4, 4, 8, 176, 3, 4, 9, 614, 5, 5, 10, 416, 4, 4, 11, 221, 3, 3, 12, 504, 4, 4, 13, 614, 5, 5, 14, 437, 4, 5, 15, 478, 4, 4, 16, 223, 3, 4, 17, 442, 4, 5, 18, 570, 5, 5, 
http://espn.go.com/golf/player/scorecards/_/id/822/year/2009/tournamentId/529/casey-wittenberg, AT&T Pebble Beach National Pro-Am - (02/12-02/15), 2009, 1, 413, 4, 4, 2, 172, 3, 4, 3, 406, 4, 5, 4, 603, 5, 5, 5, 428, 4, 5, 6, 180, 3, 4, 7, 395, 4, 4, 8, 383, 4, 3, 9, 555, 5, 5, 10, 516, 5, 4, 11, 210, 3, 2, 12, 531, 5, 8, 13, 396, 4, 5, 14, 415, 4, 4, 15, 230, 3, 3, 16, 439, 4, 4, 17, 170, 3, 3, 18, 502, 5, 4, 
http://espn.go.com/golf/player/scorecards/_/id/822/year/2009/tournamentId/529/casey-wittenberg, AT&T Pebble Beach National Pro-Am - (02/12-02/15), 2009, 1, 595, 5, 5, 2, 349, 4, 5, 3, 165, 3, 4, 4, 370, 4, 4, 5, 197, 3, 2, 6, 446, 4, 4, 7, 529, 5, 5, 8, 399, 4, 4, 9, 431, 4, 5, 10, 407, 4, 5, 11, 528, 5, 5, 12, 178, 3, 4, 13, 460, 4, 4, 14, 560, 5, 4, 15, 130, 3, 2, 16, 476, 4, 3, 17, 325, 4, 3, 18, 408, 4, 4, 
http://espn.go.com/golf/player/scorecards/_/id/822/year/2009/tournamentId/529/casey-wittenberg, AT&T Pebble Beach National Pro-Am - (02/12-02/15), 2009, 1, 381, 4, 4, 2, 502, 5, 4, 3, 390, 4, 4, 4, 331, 4, 4, 5, 188, 3, 3, 6, 513, 5, 5, 7, 106, 3, 4, 8, 418, 4, 4, 9, 466, 4, 4, 10, 446, 4, 5, 11, 380, 4, 4, 12, 202, 3, 4, 13, 399, 4, 3, 14, 573, 5, 5, 15, 397, 4, 3, 16, 403, 4, 4, 17, 178, 3, 3, 18, 543, 5, 5, 
http://espn.go.com/golf/player/scorecards/_/id/822/year/2009/tournamentId/565/casey-wittenberg, Mayakoba Golf Classic at Riviera Maya-Cancun - (02/26-03/01), 2009, 1, 438, 4, 4, 2, 428, 4, 3, 3, 389, 4, 4, 4, 116, 3, 4, 5, 554, 5, 5, 6, 416, 4, 5, 7, 554, 5, 3, 8, 151, 3, 5, 9, 462, 4, 4, 10, 200, 3, 4, 11, 360, 4, 5, 12, 451, 4, 4, 13, 532, 5, 4, 14, 452, 4, 4, 15, 155, 3, 3, 16, 485, 4, 4, 17, 386, 4, 4, 18, 458, 4, 5, 
http://espn.go.com/golf/player/scorecards/_/id/822/year/2009/tournamentId/565/casey-wittenberg, Mayakoba Golf Classic at Riviera Maya-Cancun - (02/26-03/01), 2009, 1, 438, 4, 7, 2, 428, 4, 3, 3, 389, 4, 4, 4, 116, 3, 4, 5, 554, 5, 6, 6, 416, 4, 4, 7, 554, 5, 3, 8, 151, 3, 4, 9, 462, 4, 4, 10, 200, 3, 3, 11, 360, 4, 4, 12, 451, 4, 4, 13, 532, 5, 5, 14, 452, 4, 4, 15, 155, 3, 3, 16, 485, 4, 4, 17, 386, 4, 5, 18, 458, 4, 4, 
http://espn.go.com/golf/player/scorecards/_/id/822/year/2009/tournamentId/565/casey-wittenberg, Mayakoba Golf Classic at Riviera Maya-Cancun - (02/26-03/01), 2009, 1, 438, 4, 4, 2, 428, 4, 3, 3, 389, 4, 4, 4, 116, 3, 4, 5, 554, 5, 3, 6, 416, 4, 5, 7, 554, 5, 3, 8, 151, 3, 4, 9, 462, 4, 4, 10, 200, 3, 5, 11, 360, 4, 4, 12, 451, 4, 4, 13, 532, 5, 5, 14, 452, 4, 5, 15, 155, 3, 2, 16, 485, 4, 4, 17, 386, 4, 4, 18, 458, 4, 5, 
http://espn.go.com/golf/player/scorecards/_/id/822/year/2009/tournamentId/565/casey-wittenberg, Mayakoba Golf Classic at Riviera Maya-Cancun - (02/26-03/01), 2009, 1, 438, 4, 5, 2, 428, 4, 3, 3, 389, 4, 5, 4, 116, 3, 4, 5, 554, 5, 5, 6, 416, 4, 4, 7, 554, 5, 2, 8, 151, 3, 5, 9, 462, 4, 4, 10, 200, 3, 2, 11, 360, 4, 3, 12, 451, 4, 4, 13, 532, 5, 5, 14, 452, 4, 4, 15, 155, 3, 2, 16, 485, 4, 5, 17, 386, 4, 3, 18, 458, 4, 4, 
http://espn.go.com/golf/player/scorecards/_/id/822/year/2009/tournamentId/533/casey-wittenberg, The Honda Classic - (03/05-03/08), 2009, 1, 365, 4, 4, 2, 464, 4, 4, 3, 538, 5, 5, 4, 376, 4, 4, 5, 217, 3, 2, 6, 479, 4, 4, 7, 226, 3, 3, 8, 427, 4, 3, 9, 421, 4, 4, 10, 508, 4, 5, 11, 450, 4, 4, 12, 427, 4, 4, 13, 388, 4, 5, 14, 465, 4, 4, 15, 179, 3, 3, 16, 434, 4, 4, 17, 190, 3, 3, 18, 556, 5, 6, 
http://espn.go.com/golf/player/scorecards/_/id/822/year/2009/tournamentId/533/casey-wittenberg, The Honda Classic - (03/05-03/08), 2009, 1, 365, 4, 4, 2, 464, 4, 4, 3, 538, 5, 5, 4, 376, 4, 4, 5, 217, 3, 3, 6, 479, 4, 4, 7, 226, 3, 3, 8, 427, 4, 4, 9, 421, 4, 4, 10, 508, 4, 4, 11, 450, 4, 4, 12, 427, 4, 3, 13, 388, 4, 4, 14, 465, 4, 3, 15, 179, 3, 3, 16, 434, 4, 4, 17, 190, 3, 3, 18, 556, 5, 4, 
http://espn.go.com/golf/player/scorecards/_/id/822/year/2009/tournamentId/533/casey-wittenberg, The Honda Classic - (03/05-03/08), 2009, 1, 365, 4, 4, 2, 464, 4, 3, 3, 538, 5, 5, 4, 376, 4, 5, 5, 217, 3, 3, 6, 479, 4, 5, 7, 226, 3, 3, 8, 427, 4, 3, 9, 421, 4, 4, 10, 508, 4, 4, 11, 450, 4, 3, 12, 427, 4, 5, 13, 388, 4, 4, 14, 465, 4, 4, 15, 179, 3, 4, 16, 434, 4, 4, 17, 190, 3, 3, 18, 556, 5, 6, 
http://espn.go.com/golf/player/scorecards/_/id/822/year/2009/tournamentId/533/casey-wittenberg, The Honda Classic - (03/05-03/08), 2009, 1, 365, 4, 4, 2, 464, 4, 4, 3, 538, 5, 5, 4, 376, 4, 4, 5, 217, 3, 3, 6, 479, 4, 3, 7, 226, 3, 3, 8, 427, 4, 5, 9, 421, 4, 4, 10, 508, 4, 4, 11, 450, 4, 3, 12, 427, 4, 4, 13, 388, 4, 4, 14, 465, 4, 4, 15, 179, 3, 5, 16, 434, 4, 4, 17, 190, 3, 4, 18, 556, 5, 4, 
http://espn.go.com/golf/player/scorecards/_/id/822/year/2009/tournamentId/567/casey-wittenberg, Puerto Rico Open presented by Banco Popular - (03/12-03/15), 2009, 1, 447, 4, 5, 2, 547, 5, 5, 3, 386, 4, 4, 4, 455, 4, 4, 5, 535, 5, 4, 6, 203, 3, 3, 7, 448, 4, 3, 8, 236, 3, 4, 9, 450, 4, 4, 10, 430, 4, 4, 11, 192, 3, 2, 12, 465, 4, 4, 13, 410, 4, 4, 14, 459, 4, 4, 15, 600, 5, 4, 16, 202, 3, 3, 17, 411, 4, 3, 18, 630, 5, 5, 
http://espn.go.com/golf/player/scorecards/_/id/822/year/2009/tournamentId/567/casey-wittenberg, Puerto Rico Open presented by Banco Popular - (03/12-03/15), 2009, 1, 447, 4, 4, 2, 547, 5, 4, 3, 386, 4, 6, 4, 455, 4, 4, 5, 535, 5, 5, 6, 203, 3, 3, 7, 448, 4, 6, 8, 236, 3, 4, 9, 450, 4, 5, 10, 430, 4, 4, 11, 192, 3, 3, 12, 465, 4, 4, 13, 410, 4, 4, 14, 459, 4, 5, 15, 600, 5, 5, 16, 202, 3, 3, 17, 411, 4, 3, 18, 630, 5, 5, 
http://espn.go.com/golf/player/scorecards/_/id/822/year/2009/tournamentId/567/casey-wittenberg, Puerto Rico Open presented by Banco Popular - (03/12-03/15), 2009, 1, 447, 4, 4, 2, 547, 5, 4, 3, 386, 4, 4, 4, 455, 4, 4, 5, 535, 5, 5, 6, 203, 3, 4, 7, 448, 4, 4, 8, 236, 3, 3, 9, 450, 4, 4, 10, 430, 4, 3, 11, 192, 3, 3, 12, 465, 4, 5, 13, 410, 4, 4, 14, 459, 4, 4, 15, 600, 5, 5, 16, 202, 3, 3, 17, 411, 4, 4, 18, 630, 5, 5, 
http://espn.go.com/golf/player/scorecards/_/id/822/year/2009/tournamentId/567/casey-wittenberg, Puerto Rico Open presented by Banco Popular - (03/12-03/15), 2009, 1, 447, 4, 4, 2, 547, 5, 4, 3, 386, 4, 3, 4, 455, 4, 3, 5, 535, 5, 5, 6, 203, 3, 3, 7, 448, 4, 3, 8, 236, 3, 4, 9, 450, 4, 4, 10, 430, 4, 4, 11, 192, 3, 2, 12, 465, 4, 4, 13, 410, 4, 4, 14, 459, 4, 4, 15, 600, 5, 5, 16, 202, 3, 3, 17, 411, 4, 4, 18, 630, 5, 6, 
http://espn.go.com/golf/player/scorecards/_/id/822/year/2009/tournamentId/540/casey-wittenberg, Shell Houston Open - (04/02-04/05), 2009, 1, 397, 4, 3, 2, 429, 4, 4, 3, 398, 4, 3, 4, 566, 5, 5, 5, 480, 4, 4, 6, 464, 4, 4, 7, 174, 3, 3, 8, 557, 5, 5, 9, 238, 3, 3, 10, 380, 4, 4, 11, 441, 4, 4, 12, 338, 4, 4, 13, 590, 5, 5, 14, 216, 3, 3, 15, 608, 5, 5, 16, 188, 3, 3, 17, 489, 4, 5, 18, 488, 4, 3, 
http://espn.go.com/golf/player/scorecards/_/id/822/year/2009/tournamentId/540/casey-wittenberg, Shell Houston Open - (04/02-04/05), 2009, 1, 397, 4, 4, 2, 429, 4, 4, 3, 398, 4, 4, 4, 566, 5, 5, 5, 480, 4, 5, 6, 464, 4, 4, 7, 174, 3, 3, 8, 557, 5, 5, 9, 238, 3, 3, 10, 380, 4, 6, 11, 441, 4, 4, 12, 338, 4, 4, 13, 590, 5, 5, 14, 216, 3, 3, 15, 608, 5, 4, 16, 188, 3, 2, 17, 489, 4, 4, 18, 488, 4, 6, 
http://espn.go.com/golf/player/scorecards/_/id/822/year/2009/tournamentId/535/casey-wittenberg, Zurich Classic of New Orleans - (04/23-04/26), 2009, 1, 399, 4, 3, 2, 548, 5, 4, 3, 221, 3, 3, 4, 482, 4, 5, 5, 438, 4, 4, 6, 476, 4, 5, 7, 561, 5, 5, 8, 372, 4, 4, 9, 207, 3, 3, 10, 390, 4, 4, 11, 575, 5, 6, 12, 492, 4, 5, 13, 403, 4, 4, 14, 216, 3, 3, 15, 490, 4, 4, 16, 355, 4, 4, 17, 215, 3, 3, 18, 585, 5, 5, 
http://espn.go.com/golf/player/scorecards/_/id/822/year/2009/tournamentId/535/casey-wittenberg, Zurich Classic of New Orleans - (04/23-04/26), 2009, 1, 399, 4, 4, 2, 548, 5, 5, 3, 221, 3, 3, 4, 482, 4, 4, 5, 438, 4, 4, 6, 476, 4, 3, 7, 561, 5, 5, 8, 372, 4, 4, 9, 207, 3, 3, 10, 390, 4, 4, 11, 575, 5, 5, 12, 492, 4, 4, 13, 403, 4, 4, 14, 216, 3, 3, 15, 490, 4, 4, 16, 355, 4, 4, 17, 215, 3, 4, 18, 585, 5, 5, 
http://espn.go.com/golf/player/scorecards/_/id/822/year/2009/tournamentId/563/casey-wittenberg, Quail Hollow Championship - (04/30-05/03), 2009, 1, 418, 4, 4, 2, 178, 3, 4, 3, 452, 4, 4, 4, 483, 4, 4, 5, 570, 5, 5, 6, 250, 3, 3, 7, 532, 5, 5, 8, 350, 4, 3, 9, 495, 4, 5, 10, 598, 5, 5, 11, 426, 4, 4, 12, 456, 4, 5, 13, 210, 3, 3, 14, 345, 4, 4, 15, 566, 5, 4, 16, 487, 4, 5, 17, 198, 3, 4, 18, 478, 4, 5, 
http://espn.go.com/golf/player/scorecards/_/id/822/year/2009/tournamentId/563/casey-wittenberg, Quail Hollow Championship - (04/30-05/03), 2009, 1, 418, 4, 5, 2, 178, 3, 3, 3, 452, 4, 4, 4, 483, 4, 4, 5, 570, 5, 5, 6, 250, 3, 4, 7, 532, 5, 5, 8, 350, 4, 4, 9, 495, 4, 7, 10, 598, 5, 5, 11, 426, 4, 4, 12, 456, 4, 3, 13, 210, 3, 3, 14, 345, 4, 4, 15, 566, 5, 6, 16, 487, 4, 3, 17, 198, 3, 4, 18, 478, 4, 5, 
http://espn.go.com/golf/player/scorecards/_/id/822/year/2009/tournamentId/557/casey-wittenberg, Valero Texas Open - (05/14-05/17), 2009, 1, 665, 5, 5, 2, 448, 4, 4, 3, 202, 3, 4, 4, 444, 4, 5, 5, 494, 4, 4, 6, 162, 3, 3, 7, 316, 4, 4, 8, 361, 4, 3, 9, 380, 4, 4, 10, 460, 4, 4, 11, 427, 4, 4, 12, 415, 4, 4, 13, 142, 3, 4, 14, 527, 5, 4, 15, 446, 4, 4, 16, 380, 4, 5, 17, 186, 3, 4, 18, 426, 4, 3, 
http://espn.go.com/golf/player/scorecards/_/id/822/year/2009/tournamentId/557/casey-wittenberg, Valero Texas Open - (05/14-05/17), 2009, 1, 665, 5, 4, 2, 448, 4, 4, 3, 202, 3, 3, 4, 444, 4, 4, 5, 494, 4, 3, 6, 162, 3, 2, 7, 316, 4, 5, 8, 361, 4, 4, 9, 380, 4, 4, 10, 460, 4, 5, 11, 427, 4, 3, 12, 415, 4, 4, 13, 142, 3, 3, 14, 527, 5, 6, 15, 446, 4, 4, 16, 380, 4, 5, 17, 186, 3, 3, 18, 426, 4, 4, 
http://espn.go.com/golf/player/scorecards/_/id/822/year/2009/tournamentId/541/casey-wittenberg, HP Byron Nelson Championship - (05/21-05/24), 2009, 1, 458, 4, 4, 2, 221, 3, 3, 3, 528, 4, 4, 4, 431, 4, 4, 5, 174, 3, 3, 6, 448, 4, 4, 7, 542, 5, 4, 8, 461, 4, 5, 9, 427, 4, 5, 10, 435, 4, 4, 11, 323, 4, 4, 12, 455, 4, 4, 13, 180, 3, 3, 14, 406, 4, 3, 15, 504, 4, 4, 16, 546, 5, 5, 17, 198, 3, 3, 18, 429, 4, 5, 
http://espn.go.com/golf/player/scorecards/_/id/822/year/2009/tournamentId/541/casey-wittenberg, HP Byron Nelson Championship - (05/21-05/24), 2009, 1, 458, 4, 5, 2, 221, 3, 3, 3, 528, 4, 5, 4, 431, 4, 4, 5, 174, 3, 2, 6, 448, 4, 3, 7, 542, 5, 4, 8, 461, 4, 5, 9, 427, 4, 4, 10, 435, 4, 4, 11, 323, 4, 5, 12, 455, 4, 4, 13, 180, 3, 3, 14, 406, 4, 4, 15, 504, 4, 5, 16, 546, 5, 5, 17, 198, 3, 3, 18, 429, 4, 6, 
http://espn.go.com/golf/player/scorecards/_/id/822/year/2009/tournamentId/546/casey-wittenberg, St. Jude Classic presented by FedEx - (06/11-06/14), 2009, 1, 434, 4, 4, 2, 401, 4, 4, 3, 554, 5, 5, 4, 196, 3, 3, 5, 485, 4, 3, 6, 445, 4, 3, 7, 482, 4, 4, 8, 178, 3, 3, 9, 457, 4, 4, 10, 465, 4, 4, 11, 157, 3, 2, 12, 406, 4, 4, 13, 472, 4, 5, 14, 239, 3, 3, 15, 395, 4, 4, 16, 530, 5, 8, 17, 490, 4, 4, 18, 453, 4, 4, 
http://espn.go.com/golf/player/scorecards/_/id/822/year/2009/tournamentId/546/casey-wittenberg, St. Jude Classic presented by FedEx - (06/11-06/14), 2009, 1, 434, 4, 4, 2, 401, 4, 4, 3, 554, 5, 5, 4, 196, 3, 4, 5, 485, 4, 4, 6, 445, 4, 4, 7, 482, 4, 4, 8, 178, 3, 3, 9, 457, 4, 4, 10, 465, 4, 5, 11, 157, 3, 3, 12, 406, 4, 4, 13, 472, 4, 4, 14, 239, 3, 3, 15, 395, 4, 4, 16, 530, 5, 6, 17, 490, 4, 4, 18, 453, 4, 5, 
http://espn.go.com/golf/player/scorecards/_/id/822/year/2009/tournamentId/545/casey-wittenberg, U.S. Open Championship - (06/18-06/22), 2009, 1, 430, 4, 4, 2, 389, 4, 4, 3, 230, 3, 3, 4, 517, 5, 5, 5, 478, 4, 5, 6, 408, 4, 7, 7, 553, 5, 4, 8, 210, 3, 3, 9, 460, 4, 6, 10, 502, 4, 4, 11, 435, 4, 4, 12, 501, 4, 4, 13, 608, 5, 5, 14, 161, 3, 2, 15, 478, 4, 4, 16, 490, 4, 5, 17, 207, 3, 3, 18, 411, 4, 6, 
http://espn.go.com/golf/player/scorecards/_/id/822/year/2009/tournamentId/545/casey-wittenberg, U.S. Open Championship - (06/18-06/22), 2009, 1, 430, 4, 4, 2, 389, 4, 4, 3, 230, 3, 3, 4, 517, 5, 5, 5, 478, 4, 4, 6, 408, 4, 5, 7, 553, 5, 4, 8, 210, 3, 3, 9, 460, 4, 4, 10, 502, 4, 4, 11, 435, 4, 4, 12, 501, 4, 4, 13, 608, 5, 6, 14, 161, 3, 3, 15, 478, 4, 4, 16, 490, 4, 4, 17, 207, 3, 4, 18, 411, 4, 4, 
http://espn.go.com/golf/player/scorecards/_/id/822/year/2009/tournamentId/547/casey-wittenberg, Travelers Championship - (06/25-06/28), 2009, 1, 434, 4, 4, 2, 341, 4, 4, 3, 431, 4, 4, 4, 481, 4, 5, 5, 223, 3, 3, 6, 574, 5, 4, 7, 443, 4, 3, 8, 202, 3, 3, 9, 406, 4, 4, 10, 462, 4, 4, 11, 158, 3, 2, 12, 411, 4, 4, 13, 523, 5, 4, 14, 421, 4, 4, 15, 296, 4, 4, 16, 171, 3, 3, 17, 433, 4, 4, 18, 444, 4, 4, 
http://espn.go.com/golf/player/scorecards/_/id/822/year/2009/tournamentId/547/casey-wittenberg, Travelers Championship - (06/25-06/28), 2009, 1, 434, 4, 4, 2, 341, 4, 4, 3, 431, 4, 4, 4, 481, 4, 5, 5, 223, 3, 3, 6, 574, 5, 4, 7, 443, 4, 4, 8, 202, 3, 3, 9, 406, 4, 4, 10, 462, 4, 4, 11, 158, 3, 2, 12, 411, 4, 3, 13, 523, 5, 4, 14, 421, 4, 4, 15, 296, 4, 3, 16, 171, 3, 2, 17, 433, 4, 4, 18, 444, 4, 4, 
http://espn.go.com/golf/player/scorecards/_/id/822/year/2009/tournamentId/547/casey-wittenberg, Travelers Championship - (06/25-06/28), 2009, 1, 434, 4, 4, 2, 341, 4, 4, 3, 431, 4, 3, 4, 481, 4, 4, 5, 223, 3, 3, 6, 574, 5, 5, 7, 443, 4, 4, 8, 202, 3, 3, 9, 406, 4, 3, 10, 462, 4, 4, 11, 158, 3, 3, 12, 411, 4, 5, 13, 523, 5, 4, 14, 421, 4, 4, 15, 296, 4, 3, 16, 171, 3, 3, 17, 433, 4, 3, 18, 444, 4, 3, 
http://espn.go.com/golf/player/scorecards/_/id/822/year/2009/tournamentId/547/casey-wittenberg, Travelers Championship - (06/25-06/28), 2009, 1, 434, 4, 4, 2, 341, 4, 3, 3, 431, 4, 3, 4, 481, 4, 5, 5, 223, 3, 3, 6, 574, 5, 5, 7, 443, 4, 4, 8, 202, 3, 2, 9, 406, 4, 4, 10, 462, 4, 4, 11, 158, 3, 3, 12, 411, 4, 4, 13, 523, 5, 5, 14, 421, 4, 4, 15, 296, 4, 4, 16, 171, 3, 2, 17, 433, 4, 4, 18, 444, 4, 4, 
http://espn.go.com/golf/player/scorecards/_/id/822/year/2009/tournamentId/555/casey-wittenberg, John Deere Classic - (07/09-07/12), 2009, 1, 395, 4, 5, 2, 561, 5, 5, 3, 186, 3, 3, 4, 454, 4, 5, 5, 433, 4, 3, 6, 367, 4, 4, 7, 226, 3, 3, 8, 428, 4, 4, 9, 503, 4, 4, 10, 596, 5, 5, 11, 432, 4, 4, 12, 215, 3, 3, 13, 424, 4, 4, 14, 361, 4, 5, 15, 484, 4, 5, 16, 158, 3, 3, 17, 569, 5, 5, 18, 476, 4, 4, 
http://espn.go.com/golf/player/scorecards/_/id/822/year/2009/tournamentId/555/casey-wittenberg, John Deere Classic - (07/09-07/12), 2009, 1, 395, 4, 4, 2, 561, 5, 4, 3, 186, 3, 3, 4, 454, 4, 4, 5, 433, 4, 5, 6, 367, 4, 4, 7, 226, 3, 3, 8, 428, 4, 4, 9, 503, 4, 4, 10, 596, 5, 5, 11, 432, 4, 4, 12, 215, 3, 3, 13, 424, 4, 4, 14, 361, 4, 4, 15, 484, 4, 4, 16, 158, 3, 3, 17, 569, 5, 4, 18, 476, 4, 4, 
http://espn.go.com/golf/player/scorecards/_/id/822/year/2009/tournamentId/555/casey-wittenberg, John Deere Classic - (07/09-07/12), 2009, 1, 395, 4, 4, 2, 561, 5, 3, 3, 186, 3, 3, 4, 454, 4, 4, 5, 433, 4, 4, 6, 367, 4, 4, 7, 226, 3, 3, 8, 428, 4, 4, 9, 503, 4, 4, 10, 596, 5, 4, 11, 432, 4, 3, 12, 215, 3, 3, 13, 424, 4, 4, 14, 361, 4, 3, 15, 484, 4, 4, 16, 158, 3, 3, 17, 569, 5, 5, 18, 476, 4, 4, 
http://espn.go.com/golf/player/scorecards/_/id/822/year/2009/tournamentId/555/casey-wittenberg, John Deere Classic - (07/09-07/12), 2009, 1, 395, 4, 4, 2, 561, 5, 4, 3, 186, 3, 3, 4, 454, 4, 4, 5, 433, 4, 5, 6, 367, 4, 4, 7, 226, 3, 2, 8, 428, 4, 4, 9, 503, 4, 4, 10, 596, 5, 4, 11, 432, 4, 3, 12, 215, 3, 3, 13, 424, 4, 4, 14, 361, 4, 5, 15, 484, 4, 5, 16, 158, 3, 3, 17, 569, 5, 6, 18, 476, 4, 5, 
http://espn.go.com/golf/player/scorecards/_/id/822/year/2009/tournamentId/553/casey-wittenberg, U.S. Bank Championship in Milwaukee - (07/16-07/19), 2009, 1, 461, 4, 4, 2, 417, 4, 3, 3, 171, 3, 3, 4, 485, 4, 5, 5, 164, 3, 3, 6, 556, 5, 4, 7, 215, 3, 3, 8, 436, 4, 4, 9, 359, 4, 4, 10, 447, 4, 4, 11, 196, 3, 3, 12, 381, 4, 4, 13, 437, 4, 4, 14, 188, 3, 3, 15, 531, 5, 5, 16, 371, 4, 3, 17, 387, 4, 4, 18, 557, 5, 4, 
http://espn.go.com/golf/player/scorecards/_/id/822/year/2009/tournamentId/553/casey-wittenberg, U.S. Bank Championship in Milwaukee - (07/16-07/19), 2009, 1, 461, 4, 4, 2, 417, 4, 4, 3, 171, 3, 3, 4, 485, 4, 4, 5, 164, 3, 3, 6, 556, 5, 4, 7, 215, 3, 3, 8, 436, 4, 3, 9, 359, 4, 3, 10, 447, 4, 3, 11, 196, 3, 3, 12, 381, 4, 3, 13, 437, 4, 4, 14, 188, 3, 3, 15, 531, 5, 5, 16, 371, 4, 4, 17, 387, 4, 3, 18, 557, 5, 5, 
http://espn.go.com/golf/player/scorecards/_/id/822/year/2009/tournamentId/553/casey-wittenberg, U.S. Bank Championship in Milwaukee - (07/16-07/19), 2009, 1, 461, 4, 5, 2, 417, 4, 4, 3, 171, 3, 2, 4, 485, 4, 5, 5, 164, 3, 3, 6, 556, 5, 5, 7, 215, 3, 3, 8, 436, 4, 4, 9, 359, 4, 4, 10, 447, 4, 4, 11, 196, 3, 3, 12, 381, 4, 3, 13, 437, 4, 5, 14, 188, 3, 3, 15, 531, 5, 4, 16, 371, 4, 4, 17, 387, 4, 4, 18, 557, 5, 4, 
http://espn.go.com/golf/player/scorecards/_/id/822/year/2009/tournamentId/553/casey-wittenberg, U.S. Bank Championship in Milwaukee - (07/16-07/19), 2009, 1, 461, 4, 5, 2, 417, 4, 6, 3, 171, 3, 3, 4, 485, 4, 4, 5, 164, 3, 2, 6, 556, 5, 5, 7, 215, 3, 3, 8, 436, 4, 4, 9, 359, 4, 4, 10, 447, 4, 4, 11, 196, 3, 3, 12, 381, 4, 5, 13, 437, 4, 5, 14, 188, 3, 3, 15, 531, 5, 3, 16, 371, 4, 3, 17, 387, 4, 3, 18, 557, 5, 6, 
http://espn.go.com/golf/player/scorecards/_/id/822/year/2009/tournamentId/554/casey-wittenberg, RBC Canadian Open - (07/23-07/27), 2009, 1, 417, 4, 3, 2, 527, 5, 4, 3, 437, 4, 3, 4, 197, 3, 4, 5, 433, 4, 3, 6, 458, 4, 4, 7, 156, 3, 3, 8, 485, 4, 5, 9, 414, 4, 4, 10, 443, 4, 5, 11, 452, 4, 4, 12, 202, 3, 3, 13, 558, 5, 5, 14, 457, 4, 4, 15, 141, 3, 1, 16, 516, 5, 5, 17, 436, 4, 4, 18, 524, 5, 6, 
http://espn.go.com/golf/player/scorecards/_/id/822/year/2009/tournamentId/554/casey-wittenberg, RBC Canadian Open - (07/23-07/27), 2009, 1, 417, 4, 4, 2, 527, 5, 5, 3, 437, 4, 5, 4, 197, 3, 4, 5, 433, 4, 4, 6, 458, 4, 4, 7, 156, 3, 3, 8, 485, 4, 4, 9, 414, 4, 4, 10, 443, 4, 4, 11, 452, 4, 5, 12, 202, 3, 3, 13, 558, 5, 4, 14, 457, 4, 4, 15, 141, 3, 2, 16, 516, 5, 4, 17, 436, 4, 3, 18, 524, 5, 6, 
http://espn.go.com/golf/player/scorecards/_/id/822/year/2009/tournamentId/550/casey-wittenberg, Buick Open - (07/30-08/02), 2009, 1, 567, 5, 6, 2, 431, 4, 4, 3, 187, 3, 3, 4, 401, 4, 4, 5, 437, 4, 3, 6, 421, 4, 4, 7, 584, 5, 5, 8, 199, 3, 3, 9, 434, 4, 5, 10, 401, 4, 4, 11, 190, 3, 2, 12, 340, 4, 4, 13, 544, 5, 4, 14, 322, 4, 4, 15, 457, 4, 4, 16, 580, 5, 4, 17, 197, 3, 5, 18, 435, 4, 4, 
http://espn.go.com/golf/player/scorecards/_/id/822/year/2009/tournamentId/550/casey-wittenberg, Buick Open - (07/30-08/02), 2009, 1, 567, 5, 5, 2, 431, 4, 4, 3, 187, 3, 3, 4, 401, 4, 5, 5, 437, 4, 4, 6, 421, 4, 4, 7, 584, 5, 4, 8, 199, 3, 4, 9, 434, 4, 4, 10, 401, 4, 4, 11, 190, 3, 3, 12, 340, 4, 4, 13, 544, 5, 5, 14, 322, 4, 3, 15, 457, 4, 4, 16, 580, 5, 4, 17, 197, 3, 3, 18, 435, 4, 5, 
http://espn.go.com/golf/player/scorecards/_/id/822/year/2009/tournamentId/561/casey-wittenberg, Legends Reno-Tahoe Open - (08/06-08/09), 2009, 1, 494, 4, 4, 2, 584, 5, 4, 3, 186, 3, 4, 4, 355, 4, 4, 5, 491, 4, 4, 6, 477, 4, 4, 7, 183, 3, 3, 8, 636, 5, 3, 9, 429, 4, 4, 10, 413, 4, 4, 11, 171, 3, 4, 12, 429, 4, 3, 13, 518, 5, 4, 14, 367, 4, 4, 15, 439, 4, 4, 16, 220, 3, 3, 17, 464, 4, 6, 18, 616, 5, 5, 
http://espn.go.com/golf/player/scorecards/_/id/822/year/2009/tournamentId/561/casey-wittenberg, Legends Reno-Tahoe Open - (08/06-08/09), 2009, 1, 494, 4, 5, 2, 584, 5, 3, 3, 186, 3, 4, 4, 355, 4, 5, 5, 491, 4, 4, 6, 477, 4, 4, 7, 183, 3, 3, 8, 636, 5, 4, 9, 429, 4, 8, 10, 413, 4, 4, 11, 171, 3, 5, 12, 429, 4, 4, 13, 518, 5, 5, 14, 367, 4, 4, 15, 439, 4, 4, 16, 220, 3, 3, 17, 464, 4, 4, 18, 616, 5, 3, 
http://espn.go.com/golf/player/scorecards/_/id/822/year/2009/tournamentId/539/casey-wittenberg, Wyndham Championship - (08/20-08/23), 2009, 1, 418, 4, 5, 2, 442, 4, 5, 3, 174, 3, 4, 4, 428, 4, 5, 5, 529, 5, 4, 6, 423, 4, 4, 7, 223, 3, 4, 8, 374, 4, 5, 9, 416, 4, 4, 10, 440, 4, 4, 11, 486, 4, 4, 12, 235, 3, 3, 13, 405, 4, 5, 14, 501, 4, 4, 15, 545, 5, 5, 16, 165, 3, , 17, 406, 4, , 18, 507, 4, , 
http://espn.go.com/golf/player/scorecards/_/id/822/year/2009/tournamentId/539/casey-wittenberg, Wyndham Championship - (08/20-08/23), 2009, 1, 418, 4, 3, 2, 442, 4, 3, 3, 174, 3, 3, 4, 428, 4, 4, 5, 529, 5, 4, 6, 423, 4, 4, 7, 223, 3, 5, 8, 374, 4, 4, 9, 416, 4, 3, 10, 440, 4, 4, 11, 486, 4, 5, 12, 235, 3, 5, 13, 405, 4, 4, 14, 501, 4, 4, 15, 545, 5, 5, 16, 165, 3, 3, 17, 406, 4, 4, 18, 507, 4, 5, 
http://espn.go.com/golf/player/scorecards/_/id/822/year/2009/tournamentId/627/casey-wittenberg, Turning Stone Resort Championship - (10/01-10/05), 2009, 1, 398, 4, 4, 2, 447, 4, 4, 3, 198, 3, 2, 4, 414, 4, 4, 5, 550, 5, 5, 6, 185, 3, 3, 7, 433, 4, 5, 8, 576, 5, 5, 9, 479, 4, 4, 10, 422, 4, 3, 11, 230, 3, 3, 12, 580, 5, 5, 13, 439, 4, 6, 14, 410, 4, 4, 15, 442, 4, 4, 16, 177, 3, 3, 17, 478, 4, 4, 18, 624, 5, 4, 
http://espn.go.com/golf/player/scorecards/_/id/822/year/2009/tournamentId/627/casey-wittenberg, Turning Stone Resort Championship - (10/01-10/05), 2009, 1, 398, 4, 4, 2, 447, 4, 4, 3, 198, 3, 3, 4, 414, 4, 5, 5, 550, 5, 4, 6, 185, 3, 3, 7, 433, 4, 4, 8, 576, 5, 5, 9, 479, 4, 4, 10, 422, 4, 4, 11, 230, 3, 3, 12, 580, 5, 5, 13, 439, 4, 4, 14, 410, 4, 4, 15, 442, 4, 4, 16, 177, 3, 2, 17, 478, 4, 4, 18, 624, 5, 5, 
http://espn.go.com/golf/player/scorecards/_/id/822/year/2009/tournamentId/627/casey-wittenberg, Turning Stone Resort Championship - (10/01-10/05), 2009, 1, 398, 4, 4, 2, 447, 4, 4, 3, 198, 3, 2, 4, 414, 4, 4, 5, 550, 5, 4, 6, 185, 3, 3, 7, 433, 4, 4, 8, 576, 5, 5, 9, 479, 4, 5, 10, 422, 4, 5, 11, 230, 3, 3, 12, 580, 5, 4, 13, 439, 4, 4, 14, 410, 4, 4, 15, 442, 4, 4, 16, 177, 3, 3, 17, 478, 4, 5, 18, 624, 5, 4, 
http://espn.go.com/golf/player/scorecards/_/id/822/year/2009/tournamentId/627/casey-wittenberg, Turning Stone Resort Championship - (10/01-10/05), 2009, 1, 398, 4, 4, 2, 447, 4, 4, 3, 198, 3, 3, 4, 414, 4, 4, 5, 550, 5, 5, 6, 185, 3, 3, 7, 433, 4, 4, 8, 576, 5, 5, 9, 479, 4, 4, 10, 422, 4, 4, 11, 230, 3, 3, 12, 580, 5, 5, 13, 439, 4, 4, 14, 410, 4, 4, 15, 442, 4, 3, 16, 177, 3, 3, 17, 478, 4, 4, 18, 624, 5, 4, 
http://espn.go.com/golf/player/scorecards/_/id/822/year/2009/tournamentId/625/casey-wittenberg, Justin Timberlake Shriners Hospitals for Children Open - (10/15-10/18), 2009, 1, 408, 4, 4, 2, 469, 4, 4, 3, 492, 4, 4, 4, 450, 4, 4, 5, 197, 3, 3, 6, 430, 4, 4, 7, 382, 4, 4, 8, 239, 3, 4, 9, 563, 5, 4, 10, 420, 4, 4, 11, 448, 4, 4, 12, 442, 4, 4, 13, 606, 5, 4, 14, 156, 3, 2, 15, 341, 4, 3, 16, 560, 5, 5, 17, 196, 3, 3, 18, 444, 4, 4, 
http://espn.go.com/golf/player/scorecards/_/id/822/year/2009/tournamentId/625/casey-wittenberg, Justin Timberlake Shriners Hospitals for Children Open - (10/15-10/18), 2009, 1, 408, 4, 4, 2, 469, 4, 4, 3, 492, 4, 4, 4, 450, 4, 4, 5, 197, 3, 3, 6, 430, 4, 4, 7, 382, 4, 4, 8, 239, 3, 3, 9, 563, 5, 4, 10, 420, 4, 4, 11, 448, 4, 4, 12, 442, 4, 4, 13, 606, 5, 5, 14, 156, 3, 4, 15, 341, 4, 6, 16, 560, 5, 5, 17, 196, 3, 3, 18, 444, 4, 4, 
http://espn.go.com/golf/player/scorecards/_/id/822/year/2009/tournamentId/628/casey-wittenberg, Frys.com Open - (10/22-10/25), 2009, 1, 413, 4, 4, 2, 395, 4, 5, 3, 460, 4, 4, 4, 562, 5, 5, 5, 203, 3, 3, 6, 345, 4, 4, 7, 498, 4, 5, 8, 174, 3, 2, 9, 464, 4, 4, 10, 390, 4, 4, 11, 572, 5, 5, 12, 468, 4, 4, 13, 230, 3, 3, 14, 429, 4, 4, 15, 332, 4, 3, 16, 211, 3, 4, 17, 464, 4, 4, 18, 515, 4, 4, 
http://espn.go.com/golf/player/scorecards/_/id/822/year/2009/tournamentId/628/casey-wittenberg, Frys.com Open - (10/22-10/25), 2009, 1, 413, 4, 4, 2, 395, 4, 3, 3, 460, 4, 4, 4, 562, 5, 6, 5, 203, 3, 3, 6, 345, 4, 4, 7, 498, 4, 4, 8, 174, 3, 3, 9, 464, 4, 4, 10, 390, 4, 4, 11, 572, 5, 5, 12, 468, 4, 4, 13, 230, 3, 4, 14, 429, 4, 3, 15, 332, 4, 3, 16, 211, 3, 4, 17, 464, 4, 4, 18, 515, 4, 5, 
http://espn.go.com/golf/player/scorecards/_/id/822/year/2009/tournamentId/626/casey-wittenberg, Children's Miracle Network Classic - (11/12-11/15), 2009, 1, 428, 4, 4, 2, 417, 4, 3, 3, 170, 3, 3, 4, 542, 5, 5, 5, 492, 4, 4, 6, 231, 3, 3, 7, 422, 4, 3, 8, 614, 5, 5, 9, 500, 4, 5, 10, 526, 5, 4, 11, 399, 4, 3, 12, 169, 3, 3, 13, 384, 4, 4, 14, 592, 5, 4, 15, 203, 3, 3, 16, 450, 4, 6, 17, 485, 4, 4, 18, 492, 4, 4, 
http://espn.go.com/golf/player/scorecards/_/id/822/year/2009/tournamentId/626/casey-wittenberg, Children's Miracle Network Classic - (11/12-11/15), 2009, 1, 428, 4, 4, 2, 417, 4, 5, 3, 170, 3, 2, 4, 542, 5, 4, 5, 492, 4, 5, 6, 231, 3, 3, 7, 422, 4, 3, 8, 614, 5, 4, 9, 500, 4, 6, 10, 526, 5, 5, 11, 399, 4, 6, 12, 169, 3, 3, 13, 384, 4, 4, 14, 592, 5, 5, 15, 203, 3, 3, 16, 450, 4, 5, 17, 485, 4, 5, 18, 492, 4, 5, 
http://espn.go.com/golf/player/scorecards/_/id/822/year/2009/tournamentId/626/casey-wittenberg, Children's Miracle Network Classic - (11/12-11/15), 2009, 1, 428, 4, 5, 2, 417, 4, 4, 3, 170, 3, 3, 4, 542, 5, 5, 5, 492, 4, 4, 6, 231, 3, 3, 7, 422, 4, 4, 8, 614, 5, 6, 9, 500, 4, 4, 10, 526, 5, 4, 11, 399, 4, 4, 12, 169, 3, 3, 13, 384, 4, 4, 14, 592, 5, 5, 15, 203, 3, 3, 16, 450, 4, 3, 17, 485, 4, 3, 18, 492, 4, 4, 
http://espn.go.com/golf/player/scorecards/_/id/822/year/2009/tournamentId/626/casey-wittenberg, Children's Miracle Network Classic - (11/12-11/15), 2009, 1, 498, 5, 4, 2, 424, 4, 4, 3, 167, 3, 3, 4, 422, 4, 5, 5, 410, 4, 3, 6, 411, 4, 4, 7, 524, 5, 5, 8, 205, 3, 3, 9, 380, 4, 4, 10, 441, 4, 4, 11, 544, 5, 4, 12, 206, 3, 2, 13, 358, 4, 3, 14, 547, 5, 4, 15, 422, 4, 3, 16, 195, 3, 3, 17, 399, 4, 4, 18, 458, 4, 4, 
http://espn.go.com/golf/player/scorecards/_/id/822/year/2009/tournamentId/699/casey-wittenberg, PGA Tour Qualifying Tournament - (12/02-12/07), 2009, 1, -, 4, 5, 2, -, 5, 3, 3, -, 4, 4, 4, -, 3, 4, 5, -, 4, 4, 6, -, 5, 5, 7, -, 4, 4, 8, -, 3, 3, 9, -, 4, 4, 10, -, 4, 4, 11, -, 5, 3, 12, -, 4, 5, 13, -, 3, 5, 14, -, 4, 2, 15, -, 4, 4, 16, -, 3, 4, 17, -, 5, 5, 18, -, 4, 4, 
http://espn.go.com/golf/player/scorecards/_/id/822/year/2009/tournamentId/699/casey-wittenberg, PGA Tour Qualifying Tournament - (12/02-12/07), 2009, 1, -, 4, 3, 2, -, 5, 5, 3, -, 4, 4, 4, -, 3, 3, 5, -, 4, 5, 6, -, 5, 5, 7, -, 4, 3, 8, -, 3, 4, 9, -, 4, 5, 10, -, 4, 4, 11, -, 5, 5, 12, -, 4, 5, 13, -, 3, 3, 14, -, 4, 5, 15, -, 4, 2, 16, -, 3, 3, 17, -, 5, 5, 18, -, 4, 3, 
http://espn.go.com/golf/player/scorecards/_/id/822/year/2009/tournamentId/699/casey-wittenberg, PGA Tour Qualifying Tournament - (12/02-12/07), 2009, 1, -, 4, 4, 2, -, 5, 4, 3, -, 4, 4, 4, -, 3, 4, 5, -, 4, 5, 6, -, 5, 5, 7, -, 4, 4, 8, -, 3, 3, 9, -, 4, 5, 10, -, 4, 4, 11, -, 5, 2, 12, -, 4, 5, 13, -, 3, 4, 14, -, 4, 3, 15, -, 4, 4, 16, -, 3, 4, 17, -, 5, 4, 18, -, 4, 4, 
http://espn.go.com/golf/player/scorecards/_/id/822/year/2009/tournamentId/699/casey-wittenberg, PGA Tour Qualifying Tournament - (12/02-12/07), 2009, 1, -, 4, 4, 2, -, 5, 4, 3, -, 4, 4, 4, -, 3, 4, 5, -, 4, 4, 6, -, 5, 5, 7, -, 4, 3, 8, -, 3, 3, 9, -, 4, 4, 10, -, 4, 4, 11, -, 5, 5, 12, -, 4, 3, 13, -, 3, 2, 14, -, 4, 3, 15, -, 4, 4, 16, -, 3, 3, 17, -, 5, 5, 18, -, 4, 4, 
http://espn.go.com/golf/player/scorecards/_/id/822/year/2009/tournamentId/699/casey-wittenberg, PGA Tour Qualifying Tournament - (12/02-12/07), 2009, 1, -, 4, 4, 2, -, 5, 3, 3, -, 4, 5, 4, -, 3, 4, 5, -, 4, 4, 6, -, 5, 5, 7, -, 4, 5, 8, -, 3, 3, 9, -, 4, 3, 10, -, 4, 4, 11, -, 5, 2, 12, -, 4, 4, 13, -, 3, 4, 14, -, 4, 3, 15, -, 4, 4, 16, -, 3, 4, 17, -, 5, 4, 18, -, 4, 5, 
http://espn.go.com/golf/player/scorecards/_/id/822/year/2009/tournamentId/699/casey-wittenberg, PGA Tour Qualifying Tournament - (12/02-12/07), 2009, 1, -, 4, 4, 2, -, 5, 5, 3, -, 4, 4, 4, -, 3, 3, 5, -, 4, 4, 6, -, 5, 6, 7, -, 4, 2, 8, -, 3, 2, 9, -, 4, 4, 10, -, 4, 5, 11, -, 5, 5, 12, -, 4, 5, 13, -, 3, 4, 14, -, 4, 4, 15, -, 4, 4, 16, -, 3, 4, 17, -, 5, 5, 18, -, 4, 4, 
http://espn.go.com/golf/player/scorecards/_/id/822/year/2010/tournamentId/782/casey-wittenberg, St. Jude Classic presented by Smith & Nephew - (06/10-06/13), 2010, 1, 434, 4, 4, 2, 401, 4, 3, 3, 554, 5, 4, 4, 196, 3, 4, 5, 485, 4, 6, 6, 445, 4, 4, 7, 482, 4, 4, 8, 178, 3, 4, 9, 457, 4, 7, 10, 465, 4, 5, 11, 157, 3, 4, 12, 406, 4, 5, 13, 472, 4, 4, 14, 239, 3, 4, 15, 395, 4, 5, 16, 530, 5, 5, 17, 490, 4, 5, 18, 453, 4, 4, 
http://espn.go.com/golf/player/scorecards/_/id/822/year/2010/tournamentId/782/casey-wittenberg, St. Jude Classic presented by Smith & Nephew - (06/10-06/13), 2010, 1, 434, 4, 4, 2, 401, 4, 4, 3, 554, 5, 3, 4, 196, 3, 3, 5, 485, 4, 5, 6, 445, 4, 4, 7, 482, 4, 4, 8, 178, 3, 3, 9, 457, 4, 7, 10, 465, 4, 4, 11, 157, 3, 4, 12, 406, 4, 4, 13, 472, 4, 4, 14, 239, 3, 4, 15, 395, 4, 4, 16, 530, 5, 4, 17, 490, 4, 4, 18, 453, 4, 4, 
http://espn.go.com/golf/player/scorecards/_/id/822/year/2010/tournamentId/782/casey-wittenberg, St. Jude Classic presented by Smith & Nephew - (06/10-06/13), 2010, 1, 434, 4, 4, 2, 401, 4, 5, 3, 554, 5, 5, 4, 196, 3, 3, 5, 485, 4, 4, 6, 445, 4, 3, 7, 482, 4, 5, 8, 178, 3, 3, 9, 457, 4, 4, 10, 465, 4, 5, 11, 157, 3, 3, 12, 406, 4, 5, 13, 472, 4, 4, 14, 239, 3, 3, 15, 395, 4, 5, 16, 530, 5, 5, 17, 490, 4, 4, 18, 453, 4, 4, 
http://espn.go.com/golf/player/scorecards/_/id/822/year/2010/tournamentId/782/casey-wittenberg, St. Jude Classic presented by Smith & Nephew - (06/10-06/13), 2010, 1, 434, 4, 3, 2, 401, 4, 4, 3, 554, 5, 5, 4, 196, 3, 3, 5, 485, 4, 4, 6, 445, 4, 4, 7, 482, 4, 4, 8, 178, 3, 3, 9, 457, 4, 4, 10, 465, 4, 4, 11, 157, 3, 2, 12, 406, 4, 4, 13, 472, 4, 4, 14, 239, 3, 2, 15, 395, 4, 3, 16, 530, 5, 3, 17, 490, 4, 4, 18, 453, 4, 4, 
http://espn.go.com/golf/player/scorecards/_/id/822/year/2012/tournamentId/1013/casey-wittenberg, U.S. Open Golf Championship - (06/14-06/17), 2012, 1, 520, 4, 5, 2, 428, 4, 5, 3, 247, 3, 3, 4, 438, 4, 4, 5, 498, 4, 4, 6, 489, 4, 4, 7, 288, 4, 3, 8, 200, 3, 3, 9, 449, 4, 4, 10, 424, 4, 4, 11, 430, 4, 3, 12, 451, 4, 4, 13, 199, 3, 3, 14, 419, 4, 4, 15, 154, 3, 3, 16, 670, 5, 5, 17, 522, 5, 5, 18, 344, 4, 4, 
http://espn.go.com/golf/player/scorecards/_/id/822/year/2012/tournamentId/1013/casey-wittenberg, U.S. Open Golf Championship - (06/14-06/17), 2012, 1, 520, 4, 5, 2, 428, 4, 4, 3, 247, 3, 3, 4, 438, 4, 3, 5, 498, 4, 4, 6, 489, 4, 5, 7, 288, 4, 2, 8, 200, 3, 3, 9, 449, 4, 4, 10, 424, 4, 4, 11, 430, 4, 4, 12, 451, 4, 4, 13, 199, 3, 3, 14, 419, 4, 4, 15, 154, 3, 3, 16, 670, 5, 5, 17, 522, 5, 4, 18, 344, 4, 3, 
http://espn.go.com/golf/player/scorecards/_/id/822/year/2012/tournamentId/1013/casey-wittenberg, U.S. Open Golf Championship - (06/14-06/17), 2012, 1, 520, 4, 5, 2, 428, 4, 4, 3, 247, 3, 3, 4, 438, 4, 4, 5, 498, 4, 4, 6, 489, 4, 4, 7, 288, 4, 3, 8, 200, 3, 4, 9, 449, 4, 5, 10, 424, 4, 4, 11, 430, 4, 4, 12, 451, 4, 5, 13, 199, 3, 4, 14, 419, 4, 5, 15, 154, 3, 3, 16, 670, 5, 6, 17, 522, 5, 6, 18, 344, 4, 4, 
http://espn.go.com/golf/player/scorecards/_/id/822/year/2012/tournamentId/1013/casey-wittenberg, U.S. Open Golf Championship - (06/14-06/17), 2012, 1, 520, 4, 5, 2, 428, 4, 4, 3, 247, 3, 3, 4, 438, 4, 4, 5, 498, 4, 4, 6, 489, 4, 4, 7, 288, 4, 3, 8, 200, 3, 3, 9, 449, 4, 5, 10, 424, 4, 4, 11, 430, 4, 4, 12, 451, 4, 4, 13, 199, 3, 3, 14, 419, 4, 4, 15, 154, 3, 3, 16, 670, 5, 5, 17, 522, 5, 5, 18, 344, 4, 4, 
http://espn.go.com/golf/player/scorecards/_/id/822/tournamentId/1220/casey-wittenberg, The Greenbrier Classic - (07/04-07/07), 2013, 1, 449, 4, 4, 2, 488, 4, 4, 3, 205, 3, 3, 4, 427, 4, 4, 5, 388, 4, 4, 6, 471, 4, 4, 7, 430, 4, 4, 8, 234, 3, 4, 9, 404, 4, 4, 10, 385, 4, 3, 11, 493, 4, 4, 12, 568, 5, 6, 13, 492, 4, 6, 14, 401, 4, 3, 15, 217, 3, 3, 16, 444, 4, 4, 17, 616, 5, 6, 18, 175, 3, 3, 
http://espn.go.com/golf/player/scorecards/_/id/822/tournamentId/1220/casey-wittenberg, The Greenbrier Classic - (07/04-07/07), 2013, 1, 449, 4, 4, 2, 488, 4, 4, 3, 205, 3, 3, 4, 427, 4, 3, 5, 388, 4, 4, 6, 471, 4, 6, 7, 430, 4, 4, 8, 234, 3, 3, 9, 404, 4, 3, 10, 385, 4, 3, 11, 493, 4, 4, 12, 568, 5, 5, 13, 492, 4, 4, 14, 401, 4, 3, 15, 217, 3, 3, 16, 444, 4, 4, 17, 616, 5, 5, 18, 175, 3, 3, 
http://espn.go.com/golf/player/scorecards/_/id/822/tournamentId/1218/casey-wittenberg, AT&T National - (06/27-06/30), 2013, 1, 402, 4, 4, 2, 233, 3, 4, 3, 466, 4, 4, 4, 470, 4, 3, 5, 413, 4, 4, 6, 555, 5, 4, 7, 173, 3, 3, 8, 354, 4, 4, 9, 636, 5, 6, 10, 218, 3, 3, 11, 489, 4, 4, 12, 471, 4, 4, 13, 193, 3, 4, 14, 467, 4, 4, 15, 490, 4, 5, 16, 579, 5, 4, 17, 437, 4, 5, 18, 523, 4, 3, 
http://espn.go.com/golf/player/scorecards/_/id/822/tournamentId/1218/casey-wittenberg, AT&T National - (06/27-06/30), 2013, 1, 402, 4, 5, 2, 233, 3, 3, 3, 466, 4, 3, 4, 470, 4, 4, 5, 413, 4, 4, 6, 555, 5, 5, 7, 173, 3, 3, 8, 354, 4, 4, 9, 636, 5, 5, 10, 218, 3, 4, 11, 489, 4, 5, 12, 471, 4, 4, 13, 193, 3, 3, 14, 467, 4, 4, 15, 490, 4, 5, 16, 579, 5, 5, 17, 437, 4, 4, 18, 523, 4, 4, 
http://espn.go.com/golf/player/scorecards/_/id/822/tournamentId/1202/casey-wittenberg, Travelers Championship - (06/20-06/23), 2013, 1, 434, 4, 5, 2, 341, 4, 4, 3, 431, 4, 5, 4, 481, 4, 4, 5, 223, 3, 3, 6, 574, 5, 5, 7, 443, 4, 4, 8, 202, 3, 3, 9, 406, 4, 4, 10, 462, 4, 4, 11, 158, 3, 4, 12, 411, 4, 4, 13, 523, 5, 7, 14, 421, 4, 5, 15, 296, 4, 4, 16, 171, 3, 2, 17, 433, 4, 5, 18, 444, 4, 4, 
http://espn.go.com/golf/player/scorecards/_/id/822/tournamentId/1202/casey-wittenberg, Travelers Championship - (06/20-06/23), 2013, 1, 434, 4, 3, 2, 341, 4, 3, 3, 431, 4, 4, 4, 481, 4, 5, 5, 223, 3, 3, 6, 574, 5, 5, 7, 443, 4, 4, 8, 202, 3, 3, 9, 406, 4, 3, 10, 462, 4, 4, 11, 158, 3, 3, 12, 411, 4, 4, 13, 523, 5, 5, 14, 421, 4, 4, 15, 296, 4, 5, 16, 171, 3, 4, 17, 433, 4, 6, 18, 444, 4, 3, 
http://espn.go.com/golf/player/scorecards/_/id/822/tournamentId/1202/casey-wittenberg, Travelers Championship - (06/20-06/23), 2013, 1, 434, 4, 3, 2, 341, 4, 3, 3, 431, 4, 4, 4, 481, 4, 5, 5, 223, 3, 3, 6, 574, 5, 5, 7, 443, 4, 4, 8, 202, 3, 3, 9, 406, 4, 4, 10, 462, 4, 6, 11, 158, 3, 3, 12, 411, 4, 4, 13, 523, 5, 4, 14, 421, 4, 4, 15, 296, 4, 3, 16, 171, 3, 3, 17, 433, 4, 4, 18, 444, 4, 4, 
http://espn.go.com/golf/player/scorecards/_/id/822/tournamentId/1202/casey-wittenberg, Travelers Championship - (06/20-06/23), 2013, 1, 434, 4, 3, 2, 341, 4, 4, 3, 431, 4, 4, 4, 481, 4, 5, 5, 223, 3, 4, 6, 574, 5, 5, 7, 443, 4, 3, 8, 202, 3, 3, 9, 406, 4, 4, 10, 462, 4, 4, 11, 158, 3, 3, 12, 411, 4, 4, 13, 523, 5, 4, 14, 421, 4, 4, 15, 296, 4, 4, 16, 171, 3, 2, 17, 433, 4, 4, 18, 444, 4, 4, 
http://espn.go.com/golf/player/scorecards/_/id/822/tournamentId/1200/casey-wittenberg, U.S. Open Golf Championship - (06/13-06/16), 2013, 1, 350, 4, 4, 2, 556, 5, 5, 3, 256, 3, 3, 4, 628, 5, 5, 5, 504, 4, 4, 6, 487, 4, 4, 7, 360, 4, 4, 8, 359, 4, 4, 9, 236, 3, 4, 10, 303, 4, 4, 11, 367, 4, 4, 12, 403, 4, 4, 13, 115, 3, 3, 14, 464, 4, 4, 15, 411, 4, 4, 16, 430, 4, 4, 17, 246, 3, 3, 18, 521, 4, 4, 
http://espn.go.com/golf/player/scorecards/_/id/822/tournamentId/1200/casey-wittenberg, U.S. Open Golf Championship - (06/13-06/16), 2013, 1, 350, 4, 4, 2, 556, 5, 5, 3, 256, 3, 4, 4, 628, 5, 6, 5, 504, 4, 5, 6, 487, 4, 5, 7, 360, 4, 5, 8, 359, 4, 5, 9, 236, 3, 3, 10, 303, 4, 4, 11, 367, 4, 5, 12, 403, 4, 3, 13, 115, 3, 4, 14, 464, 4, 4, 15, 411, 4, 4, 16, 430, 4, 4, 17, 246, 3, 3, 18, 521, 4, 6, 
http://espn.go.com/golf/player/scorecards/_/id/822/tournamentId/1201/casey-wittenberg, FedEx St. Jude Classic - (06/06-06/09), 2013, 1, 434, 4, 4, 2, 401, 4, 4, 3, 554, 5, 4, 4, 196, 3, 3, 5, 485, 4, 4, 6, 445, 4, 4, 7, 482, 4, 5, 8, 178, 3, 3, 9, 457, 4, 4, 10, 465, 4, 3, 11, 157, 3, 3, 12, 406, 4, 5, 13, 472, 4, 4, 14, 239, 3, 3, 15, 395, 4, 6, 16, 530, 5, 5, 17, 490, 4, 4, 18, 453, 4, 4, 
http://espn.go.com/golf/player/scorecards/_/id/822/tournamentId/1201/casey-wittenberg, FedEx St. Jude Classic - (06/06-06/09), 2013, 1, 434, 4, 4, 2, 401, 4, 4, 3, 554, 5, 5, 4, 196, 3, 3, 5, 485, 4, 4, 6, 445, 4, 4, 7, 482, 4, 4, 8, 178, 3, 3, 9, 457, 4, 4, 10, 465, 4, 4, 11, 157, 3, 4, 12, 406, 4, 4, 13, 472, 4, 4, 14, 239, 3, 3, 15, 395, 4, 4, 16, 530, 5, 4, 17, 490, 4, 4, 18, 453, 4, 5, 
http://espn.go.com/golf/player/scorecards/_/id/822/tournamentId/1198/casey-wittenberg, the Memorial Tournament presented by Nationwide Insurance - (05/30-06/02), 2013, 1, 470, 4, 4, 2, 455, 4, 5, 3, 401, 4, 5, 4, 200, 3, 2, 5, 527, 5, 5, 6, 447, 4, 5, 7, 563, 5, 5, 8, 185, 3, 4, 9, 412, 4, 3, 10, 471, 4, 4, 11, 567, 5, 5, 12, 184, 3, 5, 13, 455, 4, 4, 14, 363, 4, 4, 15, 529, 5, 5, 16, 201, 3, 3, 17, 478, 4, 4, 18, 444, 4, 3, 
http://espn.go.com/golf/player/scorecards/_/id/822/tournamentId/1198/casey-wittenberg, the Memorial Tournament presented by Nationwide Insurance - (05/30-06/02), 2013, 1, 470, 4, 4, 2, 455, 4, 4, 3, 401, 4, 4, 4, 200, 3, 3, 5, 527, 5, 4, 6, 447, 4, 4, 7, 563, 5, 5, 8, 185, 3, 4, 9, 412, 4, 4, 10, 471, 4, 5, 11, 567, 5, 5, 12, 184, 3, 3, 13, 455, 4, 4, 14, 363, 4, 5, 15, 529, 5, 6, 16, 201, 3, 2, 17, 478, 4, 5, 18, 444, 4, 5, 
http://espn.go.com/golf/player/scorecards/_/id/822/tournamentId/1197/casey-wittenberg, Crowne Plaza Invitational at Colonial - (05/23-05/26), 2013, 1, 565, 5, 5, 2, 389, 4, 4, 3, 483, 4, 5, 4, 247, 3, 3, 5, 481, 4, 4, 6, 406, 4, 4, 7, 440, 4, 4, 8, 194, 3, 3, 9, 407, 4, 5, 10, 408, 4, 4, 11, 635, 5, 7, 12, 445, 4, 4, 13, 190, 3, 3, 14, 464, 4, 4, 15, 430, 4, 4, 16, 192, 3, 2, 17, 387, 4, 4, 18, 441, 4, 4, 
http://espn.go.com/golf/player/scorecards/_/id/822/tournamentId/1197/casey-wittenberg, Crowne Plaza Invitational at Colonial - (05/23-05/26), 2013, 1, 565, 5, 5, 2, 389, 4, 4, 3, 483, 4, 4, 4, 247, 3, 4, 5, 481, 4, 4, 6, 406, 4, 4, 7, 440, 4, 5, 8, 194, 3, 2, 9, 407, 4, 5, 10, 408, 4, 5, 11, 635, 5, 4, 12, 445, 4, 3, 13, 190, 3, 3, 14, 464, 4, 4, 15, 430, 4, 3, 16, 192, 3, 3, 17, 387, 4, 4, 18, 441, 4, 4, 
http://espn.go.com/golf/player/scorecards/_/id/822/tournamentId/1196/casey-wittenberg, HP Byron Nelson Championship - (05/16-05/19), 2013, 1, 458, 4, 4, 2, 221, 3, 4, 3, 528, 4, 5, 4, 431, 4, 4, 5, 174, 3, 3, 6, 448, 4, 4, 7, 542, 5, 5, 8, 461, 4, 4, 9, 427, 4, 4, 10, 435, 4, 5, 11, 323, 4, 4, 12, 455, 4, 4, 13, 180, 3, 3, 14, 406, 4, 4, 15, 504, 4, 4, 16, 546, 5, 5, 17, 198, 3, 3, 18, 429, 4, 5, 
http://espn.go.com/golf/player/scorecards/_/id/822/tournamentId/1196/casey-wittenberg, HP Byron Nelson Championship - (05/16-05/19), 2013, 1, 458, 4, 4, 2, 221, 3, 3, 3, 528, 4, 5, 4, 431, 4, 4, 5, 174, 3, 3, 6, 448, 4, 3, 7, 542, 5, 5, 8, 461, 4, 4, 9, 427, 4, 3, 10, 435, 4, 3, 11, 323, 4, 4, 12, 455, 4, 3, 13, 180, 3, 3, 14, 406, 4, 4, 15, 504, 4, 4, 16, 546, 5, 5, 17, 198, 3, 3, 18, 429, 4, 4, 
http://espn.go.com/golf/player/scorecards/_/id/822/tournamentId/1191/casey-wittenberg, THE PLAYERS Championship - (05/09-05/12), 2013, 1, 423, 4, 5, 2, 532, 5, 4, 3, 177, 3, 3, 4, 384, 4, 4, 5, 471, 4, 5, 6, 393, 4, 4, 7, 442, 4, 4, 8, 237, 3, 4, 9, 583, 5, 4, 10, 424, 4, 4, 11, 558, 5, 5, 12, 358, 4, 4, 13, 181, 3, 4, 14, 481, 4, 5, 15, 449, 4, 5, 16, 523, 5, 4, 17, 137, 3, 3, 18, 462, 4, 4, 
http://espn.go.com/golf/player/scorecards/_/id/822/tournamentId/1191/casey-wittenberg, THE PLAYERS Championship - (05/09-05/12), 2013, 1, 423, 4, 5, 2, 532, 5, 5, 3, 177, 3, 3, 4, 384, 4, 4, 5, 471, 4, 4, 6, 393, 4, 4, 7, 442, 4, 4, 8, 237, 3, 3, 9, 583, 5, 5, 10, 424, 4, 4, 11, 558, 5, 5, 12, 358, 4, 3, 13, 181, 3, 3, 14, 481, 4, 5, 15, 449, 4, 4, 16, 523, 5, 4, 17, 137, 3, 2, 18, 462, 4, 3, 
http://espn.go.com/golf/player/scorecards/_/id/822/tournamentId/1191/casey-wittenberg, THE PLAYERS Championship - (05/09-05/12), 2013, 1, 423, 4, 3, 2, 532, 5, 5, 3, 177, 3, 3, 4, 384, 4, 4, 5, 471, 4, 4, 6, 393, 4, 4, 7, 442, 4, 3, 8, 237, 3, 3, 9, 583, 5, 5, 10, 424, 4, 4, 11, 558, 5, 4, 12, 358, 4, 4, 13, 181, 3, 3, 14, 481, 4, 5, 15, 449, 4, 5, 16, 523, 5, 5, 17, 137, 3, 2, 18, 462, 4, 3, 
http://espn.go.com/golf/player/scorecards/_/id/822/tournamentId/1191/casey-wittenberg, THE PLAYERS Championship - (05/09-05/12), 2013, 1, 423, 4, 4, 2, 532, 5, 4, 3, 177, 3, 3, 4, 384, 4, 3, 5, 471, 4, 3, 6, 393, 4, 4, 7, 442, 4, 4, 8, 237, 3, 3, 9, 583, 5, 5, 10, 424, 4, 3, 11, 558, 5, 4, 12, 358, 4, 4, 13, 181, 3, 2, 14, 481, 4, 4, 15, 449, 4, 4, 16, 523, 5, 5, 17, 137, 3, 3, 18, 462, 4, 5, 
http://espn.go.com/golf/player/scorecards/_/id/822/tournamentId/1216/casey-wittenberg, Wells Fargo Championship - (05/02-05/05), 2013, 1, 418, 4, 4, 2, 178, 3, 3, 3, 452, 4, 4, 4, 483, 4, 3, 5, 570, 5, 5, 6, 250, 3, 3, 7, 532, 5, 5, 8, 350, 4, 5, 9, 495, 4, 5, 10, 598, 5, 6, 11, 426, 4, 4, 12, 456, 4, 4, 13, 210, 3, 3, 14, 345, 4, 4, 15, 566, 5, 5, 16, 487, 4, 5, 17, 198, 3, 4, 18, 478, 4, 5, 
http://espn.go.com/golf/player/scorecards/_/id/822/tournamentId/1216/casey-wittenberg, Wells Fargo Championship - (05/02-05/05), 2013, 1, 418, 4, 4, 2, 178, 3, 3, 3, 452, 4, 5, 4, 483, 4, 5, 5, 570, 5, 4, 6, 250, 3, 4, 7, 532, 5, 5, 8, 350, 4, 4, 9, 495, 4, 4, 10, 598, 5, 6, 11, 426, 4, 4, 12, 456, 4, 4, 13, 210, 3, 3, 14, 345, 4, 4, 15, 566, 5, 4, 16, 487, 4, 4, 17, 198, 3, 3, 18, 478, 4, 4, 
http://espn.go.com/golf/player/scorecards/_/id/822/tournamentId/1216/casey-wittenberg, Wells Fargo Championship - (05/02-05/05), 2013, 1, 418, 4, 3, 2, 178, 3, 3, 3, 452, 4, 4, 4, 483, 4, 4, 5, 570, 5, 6, 6, 250, 3, 4, 7, 532, 5, 3, 8, 350, 4, 4, 9, 495, 4, 4, 10, 598, 5, 4, 11, 426, 4, 4, 12, 456, 4, 4, 13, 210, 3, 4, 14, 345, 4, 4, 15, 566, 5, 5, 16, 487, 4, 4, 17, 198, 3, 3, 18, 478, 4, 4, 
http://espn.go.com/golf/player/scorecards/_/id/822/tournamentId/1216/casey-wittenberg, Wells Fargo Championship - (05/02-05/05), 2013, 1, 418, 4, 4, 2, 178, 3, 3, 3, 452, 4, 4, 4, 483, 4, 4, 5, 570, 5, 5, 6, 250, 3, 4, 7, 532, 5, 5, 8, 350, 4, 4, 9, 495, 4, 4, 10, 598, 5, 5, 11, 426, 4, 4, 12, 456, 4, 4, 13, 210, 3, 3, 14, 345, 4, 4, 15, 566, 5, 4, 16, 487, 4, 4, 17, 198, 3, 3, 18, 478, 4, 5, 
http://espn.go.com/golf/player/scorecards/_/id/822/tournamentId/1190/casey-wittenberg, Zurich Classic of New Orleans - (04/25-04/28), 2013, 1, 399, 4, 4, 2, 548, 5, 5, 3, 221, 3, 3, 4, 482, 4, 4, 5, 438, 4, 4, 6, 476, 4, 6, 7, 561, 5, 5, 8, 372, 4, 4, 9, 207, 3, 4, 10, 390, 4, 3, 11, 575, 5, 5, 12, 492, 4, 5, 13, 403, 4, 4, 14, 216, 3, 3, 15, 490, 4, 4, 16, 355, 4, 3, 17, 215, 3, 2, 18, 585, 5, 5, 
http://espn.go.com/golf/player/scorecards/_/id/822/tournamentId/1190/casey-wittenberg, Zurich Classic of New Orleans - (04/25-04/28), 2013, 1, 399, 4, 4, 2, 548, 5, 5, 3, 221, 3, 4, 4, 482, 4, 4, 5, 438, 4, 4, 6, 476, 4, 5, 7, 561, 5, 5, 8, 372, 4, 4, 9, 207, 3, 3, 10, 390, 4, 4, 11, 575, 5, 5, 12, 492, 4, 4, 13, 403, 4, 3, 14, 216, 3, 3, 15, 490, 4, 5, 16, 355, 4, 4, 17, 215, 3, 3, 18, 585, 5, 5, 
http://espn.go.com/golf/player/scorecards/_/id/822/tournamentId/1193/casey-wittenberg, RBC Heritage - (04/18-04/21), 2013, 1, 410, 4, 4, 2, 502, 5, 5, 3, 469, 4, 3, 4, 200, 3, 4, 5, 540, 5, 6, 6, 419, 4, 5, 7, 195, 3, 3, 8, 473, 4, 5, 9, 332, 4, 4, 10, 451, 4, 4, 11, 436, 4, 4, 12, 430, 4, 5, 13, 373, 4, 4, 14, 192, 3, 4, 15, 588, 5, 5, 16, 434, 4, 7, 17, 185, 3, 4, 18, 472, 4, 4, 
http://espn.go.com/golf/player/scorecards/_/id/822/tournamentId/1193/casey-wittenberg, RBC Heritage - (04/18-04/21), 2013, 1, 410, 4, 3, 2, 502, 5, 4, 3, 469, 4, 4, 4, 200, 3, 3, 5, 540, 5, 5, 6, 419, 4, 4, 7, 195, 3, 2, 8, 473, 4, 5, 9, 332, 4, 4, 10, 451, 4, 4, 11, 436, 4, 4, 12, 430, 4, 4, 13, 373, 4, 4, 14, 192, 3, 3, 15, 588, 5, 4, 16, 434, 4, 4, 17, 185, 3, 3, 18, 472, 4, 6, 
http://espn.go.com/golf/player/scorecards/_/id/822/tournamentId/1193/casey-wittenberg, RBC Heritage - (04/18-04/21), 2013, 1, 410, 4, 3, 2, 502, 5, 4, 3, 469, 4, 5, 4, 200, 3, 3, 5, 540, 5, 4, 6, 419, 4, 4, 7, 195, 3, 3, 8, 473, 4, 4, 9, 332, 4, 4, 10, 451, 4, 5, 11, 436, 4, 4, 12, 430, 4, 5, 13, 373, 4, 4, 14, 192, 3, 2, 15, 588, 5, 4, 16, 434, 4, 4, 17, 185, 3, 3, 18, 472, 4, 4, 
http://espn.go.com/golf/player/scorecards/_/id/822/tournamentId/1193/casey-wittenberg, RBC Heritage - (04/18-04/21), 2013, 1, 410, 4, 4, 2, 502, 5, 6, 3, 469, 4, 4, 4, 200, 3, 3, 5, 540, 5, 6, 6, 419, 4, 4, 7, 195, 3, 3, 8, 473, 4, 4, 9, 332, 4, 4, 10, 451, 4, 5, 11, 436, 4, 3, 12, 430, 4, 4, 13, 373, 4, 3, 14, 192, 3, 3, 15, 588, 5, 6, 16, 434, 4, 4, 17, 185, 3, 5, 18, 472, 4, 4, 
http://espn.go.com/golf/player/scorecards/_/id/822/tournamentId/1189/casey-wittenberg, Arnold Palmer Invitational presented by MasterCard - (03/21-03/25), 2013, 1, 461, 4, 4, 2, 231, 3, 4, 3, 434, 4, 4, 4, 561, 5, 4, 5, 390, 4, 4, 6, 555, 5, 5, 7, 199, 3, 3, 8, 460, 4, 6, 9, 474, 4, 4, 10, 400, 4, 5, 11, 438, 4, 4, 12, 574, 5, 4, 13, 370, 4, 5, 14, 215, 3, 3, 15, 467, 4, 8, 16, 511, 5, 5, 17, 221, 3, 4, 18, 458, 4, 5, 
http://espn.go.com/golf/player/scorecards/_/id/822/tournamentId/1189/casey-wittenberg, Arnold Palmer Invitational presented by MasterCard - (03/21-03/25), 2013, 1, 461, 4, 4, 2, 231, 3, 3, 3, 434, 4, 3, 4, 561, 5, 5, 5, 390, 4, 4, 6, 555, 5, 5, 7, 199, 3, 2, 8, 460, 4, 5, 9, 474, 4, 5, 10, 400, 4, 4, 11, 438, 4, 4, 12, 574, 5, 5, 13, 370, 4, 3, 14, 215, 3, 3, 15, 467, 4, 7, 16, 511, 5, 5, 17, 221, 3, 3, 18, 458, 4, 4, 
http://espn.go.com/golf/player/scorecards/_/id/822/tournamentId/1212/casey-wittenberg, Tampa Bay Championship presented by EverBank - (03/14-03/17), 2013, 1, 560, 5, 4, 2, 435, 4, 4, 3, 455, 4, 5, 4, 195, 3, 3, 5, 605, 5, 5, 6, 465, 4, 5, 7, 420, 4, 7, 8, 235, 3, 3, 9, 430, 4, 4, 10, 445, 4, 5, 11, 575, 5, 5, 12, 380, 4, 4, 13, 200, 3, 2, 14, 590, 5, 6, 15, 215, 3, 3, 16, 475, 4, 4, 17, 215, 3, 3, 18, 445, 4, 5, 
http://espn.go.com/golf/player/scorecards/_/id/822/tournamentId/1212/casey-wittenberg, Tampa Bay Championship presented by EverBank - (03/14-03/17), 2013, 1, 560, 5, 5, 2, 435, 4, 5, 3, 455, 4, 4, 4, 195, 3, 3, 5, 605, 5, 5, 6, 465, 4, 3, 7, 420, 4, 3, 8, 235, 3, 4, 9, 430, 4, 5, 10, 445, 4, 4, 11, 575, 5, 5, 12, 380, 4, 4, 13, 200, 3, 3, 14, 590, 5, 5, 15, 215, 3, 3, 16, 475, 4, 3, 17, 215, 3, 4, 18, 445, 4, 4, 
http://espn.go.com/golf/player/scorecards/_/id/822/tournamentId/1219/casey-wittenberg, Puerto Rico Open presented by seepuertorico.com - (03/07-03/10), 2013, 1, 447, 4, 4, 2, 547, 5, 4, 3, 386, 4, 4, 4, 455, 4, 4, 5, 535, 5, 5, 6, 203, 3, 2, 7, 448, 4, 4, 8, 236, 3, 3, 9, 450, 4, 7, 10, 430, 4, 3, 11, 192, 3, 4, 12, 465, 4, 5, 13, 410, 4, 4, 14, 459, 4, 4, 15, 600, 5, 5, 16, 202, 3, 3, 17, 411, 4, 4, 18, 630, 5, 5, 
http://espn.go.com/golf/player/scorecards/_/id/822/tournamentId/1219/casey-wittenberg, Puerto Rico Open presented by seepuertorico.com - (03/07-03/10), 2013, 1, 447, 4, 3, 2, 547, 5, 4, 3, 386, 4, 4, 4, 455, 4, 4, 5, 535, 5, 4, 6, 203, 3, 3, 7, 448, 4, 4, 8, 236, 3, 3, 9, 450, 4, 4, 10, 430, 4, 4, 11, 192, 3, 3, 12, 465, 4, 5, 13, 410, 4, 4, 14, 459, 4, 4, 15, 600, 5, 5, 16, 202, 3, 3, 17, 411, 4, 4, 18, 630, 5, 5, 
http://espn.go.com/golf/player/scorecards/_/id/822/tournamentId/1188/casey-wittenberg, The Honda Classic - (02/28-03/03), 2013, 1, 365, 4, 4, 2, 464, 4, 4, 3, 538, 5, 4, 4, 376, 4, 4, 5, 217, 3, 3, 6, 479, 4, 5, 7, 226, 3, 3, 8, 427, 4, 4, 9, 421, 4, 4, 10, 508, 4, 6, 11, 450, 4, 3, 12, 427, 4, 4, 13, 388, 4, 3, 14, 465, 4, 4, 15, 179, 3, 3, 16, 434, 4, 3, 17, 190, 3, 3, 18, 556, 5, 4, 
http://espn.go.com/golf/player/scorecards/_/id/822/tournamentId/1188/casey-wittenberg, The Honda Classic - (02/28-03/03), 2013, 1, 365, 4, 4, 2, 464, 4, 4, 3, 538, 5, 5, 4, 376, 4, 5, 5, 217, 3, 4, 6, 479, 4, 5, 7, 226, 3, 3, 8, 427, 4, 5, 9, 421, 4, 4, 10, 508, 4, 5, 11, 450, 4, 4, 12, 427, 4, 4, 13, 388, 4, 5, 14, 465, 4, 4, 15, 179, 3, 3, 16, 434, 4, 4, 17, 190, 3, 2, 18, 556, 5, 4, 
http://espn.go.com/golf/player/scorecards/_/id/822/tournamentId/1187/casey-wittenberg, Northern Trust Open - (02/14-02/17), 2013, 1, 503, 5, 5, 2, 471, 4, 4, 3, 434, 4, 4, 4, 236, 3, 3, 5, 434, 4, 4, 6, 199, 3, 3, 7, 408, 4, 3, 8, 460, 4, 4, 9, 458, 4, 7, 10, 315, 4, 5, 11, 583, 5, 4, 12, 479, 4, 4, 13, 459, 4, 4, 14, 192, 3, 2, 15, 487, 4, 4, 16, 166, 3, 3, 17, 590, 5, 5, 18, 475, 4, 4, 
http://espn.go.com/golf/player/scorecards/_/id/822/tournamentId/1187/casey-wittenberg, Northern Trust Open - (02/14-02/17), 2013, 1, 503, 5, 5, 2, 471, 4, 4, 3, 434, 4, 4, 4, 236, 3, 3, 5, 434, 4, 4, 6, 199, 3, 4, 7, 408, 4, 4, 8, 460, 4, 4, 9, 458, 4, 4, 10, 315, 4, 3, 11, 583, 5, 5, 12, 479, 4, 4, 13, 459, 4, 4, 14, 192, 3, 3, 15, 487, 4, 4, 16, 166, 3, 3, 17, 590, 5, 4, 18, 475, 4, 5, 
http://espn.go.com/golf/player/scorecards/_/id/822/tournamentId/1187/casey-wittenberg, Northern Trust Open - (02/14-02/17), 2013, 1, 503, 5, 4, 2, 471, 4, 4, 3, 434, 4, 4, 4, 236, 3, 3, 5, 434, 4, 4, 6, 199, 3, 3, 7, 408, 4, 4, 8, 460, 4, 4, 9, 458, 4, 4, 10, 315, 4, 5, 11, 583, 5, 5, 12, 479, 4, 5, 13, 459, 4, 4, 14, 192, 3, 4, 15, 487, 4, 4, 16, 166, 3, 3, 17, 590, 5, 4, 18, 475, 4, 5, 
http://espn.go.com/golf/player/scorecards/_/id/822/tournamentId/1187/casey-wittenberg, Northern Trust Open - (02/14-02/17), 2013, 1, 503, 5, 5, 2, 471, 4, 4, 3, 434, 4, 4, 4, 236, 3, 3, 5, 434, 4, 4, 6, 199, 3, 3, 7, 408, 4, 4, 8, 460, 4, 5, 9, 458, 4, 4, 10, 315, 4, 4, 11, 583, 5, 5, 12, 479, 4, 4, 13, 459, 4, 4, 14, 192, 3, 3, 15, 487, 4, 4, 16, 166, 3, 3, 17, 590, 5, 5, 18, 475, 4, 3, 
http://espn.go.com/golf/player/scorecards/_/id/822/tournamentId/1184/casey-wittenberg, AT&T Pebble Beach National Pro-Am - (02/07-02/10), 2013, 1, 454, 4, 4, 2, 391, 4, 4, 3, 155, 3, 3, 4, 401, 4, 4, 5, 349, 4, 4, 6, 548, 5, 5, 7, 226, 3, 3, 8, 454, 4, 4, 9, 224, 3, 3, 10, 544, 5, 5, 11, 176, 3, 3, 12, 599, 5, 5, 13, 401, 4, 4, 14, 190, 3, 3, 15, 415, 4, 4, 16, 500, 4, 4, 17, 430, 4, 4, 18, 381, 4, 5, 
http://espn.go.com/golf/player/scorecards/_/id/822/tournamentId/1184/casey-wittenberg, AT&T Pebble Beach National Pro-Am - (02/07-02/10), 2013, 1, 381, 4, 4, 2, 502, 5, 4, 3, 390, 4, 3, 4, 331, 4, 4, 5, 188, 3, 3, 6, 513, 5, 5, 7, 106, 3, 3, 8, 418, 4, 5, 9, 466, 4, 4, 10, 446, 4, 5, 11, 380, 4, 4, 12, 202, 3, 3, 13, 399, 4, 4, 14, 573, 5, 6, 15, 397, 4, 4, 16, 403, 4, 4, 17, 178, 3, 3, 18, 543, 5, 5, 
http://espn.go.com/golf/player/scorecards/_/id/822/tournamentId/1184/casey-wittenberg, AT&T Pebble Beach National Pro-Am - (02/07-02/10), 2013, 1, 595, 5, 4, 2, 349, 4, 4, 3, 165, 3, 3, 4, 370, 4, 4, 5, 197, 3, 3, 6, 446, 4, 5, 7, 529, 5, 4, 8, 399, 4, 4, 9, 431, 4, 5, 10, 407, 4, 3, 11, 528, 5, 4, 12, 178, 3, 3, 13, 460, 4, 5, 14, 560, 5, 4, 15, 130, 3, 3, 16, 476, 4, 5, 17, 325, 4, 4, 18, 408, 4, 3, 
http://espn.go.com/golf/player/scorecards/_/id/822/tournamentId/1183/casey-wittenberg, Waste Management Phoenix Open - (01/31-02/03), 2013, 1, 410, 4, 4, 2, 416, 4, 4, 3, 554, 5, 5, 4, 175, 3, 3, 5, 453, 4, 4, 6, 436, 4, 4, 7, 215, 3, 3, 8, 470, 4, 4, 9, 464, 4, 4, 10, 403, 4, 4, 11, 469, 4, 4, 12, 195, 3, 3, 13, 595, 5, 4, 14, 477, 4, 4, 15, 552, 5, 4, 16, 162, 3, 2, 17, 332, 4, 5, 18, 438, 4, 4, 
http://espn.go.com/golf/player/scorecards/_/id/822/tournamentId/1183/casey-wittenberg, Waste Management Phoenix Open - (01/31-02/03), 2013, 1, 410, 4, 5, 2, 416, 4, 4, 3, 554, 5, 4, 4, 175, 3, 3, 5, 453, 4, 4, 6, 436, 4, 5, 7, 215, 3, 3, 8, 470, 4, 3, 9, 464, 4, 4, 10, 403, 4, 3, 11, 469, 4, 4, 12, 195, 3, 3, 13, 595, 5, 5, 14, 477, 4, 5, 15, 552, 5, 6, 16, 162, 3, 3, 17, 332, 4, 3, 18, 438, 4, 3, 
http://espn.go.com/golf/player/scorecards/_/id/822/tournamentId/1183/casey-wittenberg, Waste Management Phoenix Open - (01/31-02/03), 2013, 1, 410, 4, 3, 2, 416, 4, 3, 3, 554, 5, 6, 4, 175, 3, 3, 5, 453, 4, 4, 6, 436, 4, 3, 7, 215, 3, 3, 8, 470, 4, 4, 9, 464, 4, 4, 10, 403, 4, 4, 11, 469, 4, 3, 12, 195, 3, 3, 13, 595, 5, 6, 14, 477, 4, 4, 15, 552, 5, 4, 16, 162, 3, 3, 17, 332, 4, 4, 18, 438, 4, 3, 
http://espn.go.com/golf/player/scorecards/_/id/822/tournamentId/1183/casey-wittenberg, Waste Management Phoenix Open - (01/31-02/03), 2013, 1, 410, 4, 4, 2, 416, 4, 4, 3, 554, 5, 4, 4, 175, 3, 3, 5, 453, 4, 4, 6, 436, 4, 3, 7, 215, 3, 3, 8, 470, 4, 4, 9, 464, 4, 4, 10, 403, 4, 4, 11, 469, 4, 5, 12, 195, 3, 3, 13, 595, 5, 4, 14, 477, 4, 3, 15, 552, 5, 4, 16, 162, 3, 2, 17, 332, 4, 4, 18, 438, 4, 5, 
http://espn.go.com/golf/player/scorecards/_/id/822/tournamentId/1185/casey-wittenberg, Farmers Insurance Open - (01/24-01/28), 2013, 1, 450, 4, 4, 2, 389, 4, 4, 3, 200, 3, 2, 4, 488, 4, 4, 5, 454, 4, 4, 6, 560, 5, 5, 7, 462, 4, 5, 8, 176, 3, 3, 9, 614, 5, 5, 10, 416, 4, 4, 11, 221, 3, 3, 12, 504, 4, 4, 13, 614, 5, 5, 14, 437, 4, 5, 15, 478, 4, 4, 16, 223, 3, 4, 17, 442, 4, 4, 18, 570, 5, 5, 
http://espn.go.com/golf/player/scorecards/_/id/822/tournamentId/1185/casey-wittenberg, Farmers Insurance Open - (01/24-01/28), 2013, 1, 450, 4, 4, 2, 389, 4, 4, 3, 200, 3, 3, 4, 488, 4, 4, 5, 454, 4, 4, 6, 560, 5, 5, 7, 462, 4, 5, 8, 176, 3, 3, 9, 614, 5, 5, 10, 416, 4, 4, 11, 221, 3, 3, 12, 504, 4, 4, 13, 614, 5, 4, 14, 437, 4, 4, 15, 478, 4, 4, 16, 223, 3, 3, 17, 442, 4, 5, 18, 570, 5, 4, 
http://espn.go.com/golf/player/scorecards/_/id/822/tournamentId/1185/casey-wittenberg, Farmers Insurance Open - (01/24-01/28), 2013, 1, 519, 5, 4, 2, 329, 4, 4, 3, 179, 3, 3, 4, 434, 4, 4, 5, 411, 4, 4, 6, 205, 3, 3, 7, 399, 4, 3, 8, 436, 4, 3, 9, 547, 5, 4, 10, 417, 4, 4, 11, 490, 4, 5, 12, 240, 3, 3, 13, 471, 4, 4, 14, 523, 5, 4, 15, 397, 4, 4, 16, 366, 4, 4, 17, 174, 3, 3, 18, 516, 5, 4, 
http://espn.go.com/golf/player/scorecards/_/id/822/tournamentId/1185/casey-wittenberg, Farmers Insurance Open - (01/24-01/28), 2013, 1, 450, 4, 4, 2, 389, 4, 4, 3, 200, 3, 3, 4, 488, 4, 4, 5, 454, 4, 4, 6, 560, 5, 4, 7, 462, 4, 4, 8, 176, 3, 2, 9, 614, 5, 4, 10, 416, 4, 4, 11, 221, 3, 3, 12, 504, 4, 4, 13, 614, 5, 5, 14, 437, 4, 4, 15, 478, 4, 4, 16, 223, 3, 3, 17, 442, 4, 4, 18, 570, 5, 5, 
http://espn.go.com/golf/player/scorecards/_/id/822/tournamentId/1182/casey-wittenberg, Humana Challenge in partnership with the Clinton Foundation - (01/17-01/20), 2013, 1, 426, 4, 5, 2, 514, 5, 5, 3, 180, 3, 2, 4, 396, 4, 4, 5, 233, 3, 3, 6, 562, 5, 5, 7, 439, 4, 4, 8, 358, 4, 4, 9, 461, 4, 4, 10, 453, 4, 4, 11, 512, 5, 4, 12, 207, 3, 3, 13, 447, 4, 4, 14, 569, 5, 5, 15, 156, 3, 3, 16, 364, 4, 3, 17, 130, 3, 3, 18, 543, 5, 7, 
http://espn.go.com/golf/player/scorecards/_/id/822/tournamentId/1182/casey-wittenberg, Humana Challenge in partnership with the Clinton Foundation - (01/17-01/20), 2013, 1, 374, 4, 4, 2, 414, 4, 4, 3, 177, 3, 2, 4, 538, 5, 5, 5, 443, 4, 5, 6, 406, 4, 4, 7, 140, 3, 3, 8, 509, 5, 5, 9, 410, 4, 4, 10, 412, 4, 4, 11, 191, 3, 2, 12, 403, 4, 3, 13, 528, 5, 5, 14, 375, 4, 4, 15, 415, 4, 4, 16, 530, 5, 4, 17, 204, 3, 3, 18, 455, 4, 4, 
http://espn.go.com/golf/player/scorecards/_/id/822/tournamentId/1182/casey-wittenberg, Humana Challenge in partnership with the Clinton Foundation - (01/17-01/20), 2013, 1, 382, 4, 4, 2, 434, 4, 4, 3, 202, 3, 3, 4, 384, 4, 3, 5, 516, 5, 5, 6, 527, 5, 4, 7, 168, 3, 3, 8, 389, 4, 4, 9, 399, 4, 4, 10, 405, 4, 4, 11, 543, 5, 5, 12, 202, 3, 3, 13, 547, 5, 4, 14, 469, 4, 4, 15, 206, 3, 3, 16, 454, 4, 4, 17, 421, 4, 4, 18, 412, 4, 4, 
http://espn.go.com/golf/player/scorecards/_/id/822/tournamentId/1186/casey-wittenberg, Sony Open in Hawaii - (01/10-01/13), 2013, 1, 480, 4, 4, 2, 423, 4, 3, 3, 422, 4, 4, 4, 204, 3, 3, 5, 467, 4, 4, 6, 460, 4, 5, 7, 176, 3, 4, 8, 454, 4, 4, 9, 506, 5, 4, 10, 351, 4, 4, 11, 194, 3, 3, 12, 440, 4, 4, 13, 477, 4, 4, 14, 430, 4, 4, 15, 398, 4, 5, 16, 417, 4, 4, 17, 194, 3, 3, 18, 551, 5, 5, 
http://espn.go.com/golf/player/scorecards/_/id/822/tournamentId/1186/casey-wittenberg, Sony Open in Hawaii - (01/10-01/13), 2013, 1, 480, 4, 4, 2, 423, 4, 4, 3, 422, 4, 4, 4, 204, 3, 2, 5, 467, 4, 4, 6, 460, 4, 4, 7, 176, 3, 3, 8, 454, 4, 5, 9, 506, 5, 4, 10, 351, 4, 4, 11, 194, 3, 4, 12, 440, 4, 4, 13, 477, 4, 4, 14, 430, 4, 4, 15, 398, 4, 4, 16, 417, 4, 3, 17, 194, 3, 3, 18, 551, 5, 5, 
